==================================================
AUREON OS Build Diagnostics
Date: শুক্রবার 24 জুলাই 2026 11:50:41 অপরাহ্ণ +06
==================================================

===== System Information =====
PRETTY_NAME="AUREON OS"
NAME="AUREON OS"
VERSION="1.0"
VERSION_ID="1.0"
ID=aureon
ID_LIKE=debian
HOME_URL="https://aureon.local"
SUPPORT_URL="https://aureon.local"
BUG_REPORT_URL="https://aureon.local"

===== live-build Version =====
20250505+deb13u1

===== Current Directory =====
/home/siam/AureonOS

===== Directory Listing =====
total 3720
drwxrwxr-x  7 siam siam    4096 জুলাই     24 23:50 .
drwx------ 20 siam siam    4096 জুলাই     24 13:05 ..
-rw-rw-r--  1 siam siam 1323327 জুলাই     22 18:06 applications.png
-rw-r--r--  1 root root     585 জুলাই     24 23:50 aureon_diagnostics_20260724_235041.log
drwxr-xr-x  2 root root    4096 জুলাই     24 15:17 .build
-rw-rw-r--  1 siam siam    3537 জুলাই     22 18:06 BUILD.md
-rw-rw-r--  1 siam siam    1548 জুলাই     22 18:06 CHANGELOG.md
drwxr-xr-x  4 root root    4096 জুলাই     24 22:59 chroot
drwxrwxr-x 22 siam siam    4096 জুলাই     22 18:26 config
-rw-rw-r--  1 siam siam    2455 জুলাই     22 18:06 CONTRIBUTING.md
-rw-rw-r--  1 siam siam 2099714 জুলাই     22 18:06 desktop.png
drwxrwxr-x  8 siam siam    4096 জুলাই     23 15:35 .git
drwxrwxr-x  3 siam siam    4096 জুলাই     16 22:27 .github
-rw-rw-r--  1 siam siam      44 জুলাই     22 18:06 .gitignore
-rw-rw-r--  1 siam siam   35149 জুলাই     22 18:06 LICENSE.md
-rw-rw-r--  1 siam siam   58340 জুলাই     22 18:06 lockscreen.png
-rw-rw-r--  1 siam siam    4289 জুলাই     22 18:06 README.md
-rw-rw-r--  1 siam siam  122627 জুলাই     22 18:06 Screenshot 2026-07-08 162546.png
-rw-rw-r--  1 siam siam   59788 জুলাই     22 18:06 Screenshot 2026-07-09 203322.png
-rw-rw-r--  1 siam siam    2586 জুলাই     22 18:06 SECURITY.md
-rw-rw-r--  1 siam siam    1824 জুলাই     22 18:06 SUPPORTED.md
-rw-r--r--  1 root root     205 জুলাই     23 13:11 wget-log
-rw-r--r--  1 root root   24712 এপ্রিল     1  2025 whiptail_0.52.25-1_amd64.deb

===== Directory Tree (2 Levels) =====
.
./config
./config/includes.source
./config/chroot_local-includes
./config/rootfs
./config/includes.chroot_before_packages
./config/includes.binary
./config/includes
./config/packages.binary
./config/hooks
./config/includes.installer
./config/preseed
./config/includes.chroot
./config/common
./config/packages
./config/apt
./config/source
./config/packages.chroot
./config/debian-installer
./config/archives
./config/chroot
./config/package-lists
./config/includes.chroot_after_packages
./config/includes.bootstrap
./config/bootloaders
./config/bootstrap
./config/binary
./LICENSE.md
./SUPPORTED.md
./aureon_diagnostics_20260724_235041.log
./.github
./.github/workflows
./Screenshot 2026-07-09 203322.png
./CHANGELOG.md
./.gitignore
./wget-log
./desktop.png
./SECURITY.md
./Screenshot 2026-07-08 162546.png
./CONTRIBUTING.md
./lockscreen.png
./chroot
./chroot/var
./chroot/debootstrap
./applications.png
./whiptail_0.52.25-1_amd64.deb
./.build
./BUILD.md
./.git
./.git/description
./.git/config
./.git/packed-refs
./.git/index
./.git/objects
./.git/hooks
./.git/HEAD
./.git/FETCH_HEAD
./.git/logs
./.git/info
./.git/branches
./.git/COMMIT_EDITMSG
./.git/ORIG_HEAD
./.git/refs
./README.md

===== APT Sources =====
# deb [trusted=yes] file:/run/live/medium trixie main
deb http://deb.debian.org/debian/ trixie main
deb-src http://deb.debian.org/debian/ trixie main
deb http://security.debian.org/ trixie-security main
deb-src http://security.debian.org/ trixie-security main
deb http://deb.debian.org/debian/ trixie-updates main
deb-src http://deb.debian.org/debian/ trixie-updates main

===== sources.list.d =====
total 16
drwxr-xr-x 2 root root 4096 জুলাই     24 15:46 .
drwxr-xr-x 8 root root 4096 জুলাই     24 15:48 ..
-rw-r--r-- 1 root root   52 জুলাই     17 15:58 debian-live-media.list.bak
-rw-r--r-- 1 root root  115 জুলাই     24 12:58 vscode.list

===== Contents of sources.list.d =====
deb [trusted=yes] file:/run/live/medium trixie main
deb [arch=amd64 signed-by=/usr/share/keyrings/microsoft.gpg] https://packages.microsoft.com/repos/code stable main

===== auto/config =====
auto/config not found

===== config Directory =====
config
config/includes.source
config/chroot_local-includes
config/chroot_local-includes/usr
config/chroot_local-includes/usr/local
config/chroot_local-includes/usr/local/bin
config/chroot_local-includes/usr/local/bin/install-extensions.sh
config/rootfs
config/includes.chroot_before_packages
config/includes.binary
config/includes.binary/boot
config/includes.binary/boot/grub
config/includes.binary/boot/grub/grub.cfg
config/includes
config/packages.binary
config/hooks
config/hooks/normal
config/hooks/normal/8100-remove-udev-persistent-cd-rules.hook.chroot
config/hooks/normal/1000-create-mtab-symlink.hook.chroot
config/hooks/normal/9000-remove-gnome-icon-cache.hook.chroot
config/hooks/normal/9010-remove-python-pyc.hook.chroot
config/hooks/normal/1020-create-locales-files.hook.chroot
config/hooks/normal/0200-gnome-window-buttons.chroot
config/hooks/normal/8010-remove-backup-files.hook.chroot
config/hooks/normal/5030-update-plocate-database.hook.chroot
config/hooks/normal/01-install-extensions.hook.chroot
config/hooks/normal/02-force-install-extensions.hook.chroot
config/hooks/normal/9020-remove-man-cache.hook.chroot
config/hooks/normal/8040-remove-mdadm-configuration.hook.chroot
config/hooks/normal/8090-remove-ssl-cert-snakeoil.hook.chroot
config/hooks/normal/0400-default-user-sudo.chroot
config/hooks/normal/8110-remove-udev-persistent-net-rules.hook.chroot
config/hooks/normal/5020-update-glx-alternative.hook.chroot
config/hooks/normal/0210-shell-theme-defaults.hook.chroot
config/hooks/normal/8000-remove-adjtime-configuration.hook.chroot
config/hooks/normal/8050-remove-openssh-server-host-keys.hook.chroot
config/hooks/normal/5000-update-apt-file-cache.hook.chroot
config/hooks/normal/9998-set-display-manager.hook.chroot
config/hooks/normal/8070-remove-temporary-files.hook.chroot
config/hooks/normal/99-set-plymouth-theme.hook.chroot
config/hooks/normal/8030-truncate-log-files.hook.chroot
config/hooks/normal/8020-remove-dbus-machine-id.hook.chroot
config/hooks/normal/0 GEXT_INSTALLER_SCRIPT
config/hooks/normal/5040-update-nvidia-alternative.hook.chroot
config/hooks/normal/5050-dracut.hook.chroot
config/hooks/normal/5010-update-apt-xapian-index.hook.chroot
config/hooks/normal/0300-zsh.chroot
config/hooks/normal/8060-remove-systemd-machine-id.hook.chroot
config/hooks/normal/1010-enable-cryptsetup.hook.chroot
config/hooks/normal/9999-import-dconf.hook.chroot
config/hooks/normal/0500-calamares-launcher.chroot
config/hooks/normal/8080-reproducible-glibc.hook.chroot
config/hooks/live
config/hooks/live/99-enable-cleanup-timer.hook.chroot
config/hooks/live/99-fix-menus.hook.chroot
config/hooks/live/99-arcmenu-branding.hook.chroot
config/hooks/live/0050-disable-sysvinit-tmpfs.hook.chroot
config/hooks/live/99-update-gdm.hook.chroot
config/hooks/live/0010-install-extensions.hook.chroot
config/hooks/live/99-usbguard.hook.chroot
config/hooks/live/99-load-extensions.hook.chroot
config/hooks/live/01-set-hostname.hook.chroot
config/hooks/live/99-harden-fstab.hook.chroot
config/hooks/live/9800-aureon-theme.hook.chroot
config/hooks/live/99-encryption-hardening.hook.chroot
config/hooks/live/98-strip-services.hook.chroot
config/hooks/live/99-enable-clear-memory.hook.chroot
config/hooks/live/9600-aureon-lockscreen-branding.hook.chroot
config/hooks/live/9700-install-custom-packages.hook.chroot
config/hooks/live/9500-enable-extensions.hook.chroot
config/hooks/live/0010-disable-kexec-tools.hook.chroot
config/hooks/live/99-set-plymouth-theme.hook.chroot
config/hooks/live/98-set-zsh-default.hook.chroot
config/hooks/live/98-lightweight-startup.hook.chroot
config/hooks/live/99-kernel-optimization.hook.chroot
config/includes.installer
config/includes.installer/aureon-branding.sh
config/preseed
config/includes.chroot
config/includes.chroot/etc
config/includes.chroot/etc/issue.net
config/includes.chroot/etc/skel
config/includes.chroot/etc/skel/.zshrc
config/includes.chroot/etc/skel/.config
config/includes.chroot/etc/skel/.config/dconf
config/includes.chroot/etc/skel/.config/dconf/user
config/includes.chroot/etc/skel/.config/aureon
config/includes.chroot/etc/skel/.config/aureon/settings.ini
config/includes.chroot/etc/skel/.config/autostart
config/includes.chroot/etc/skel/.config/autostart/wallpaper-sync.deskto
config/includes.chroot/etc/skel/.config/autostart/gnome-software-service.desktop
config/includes.chroot/etc/skel/.config/autostart/evolution-data-server.desktop
config/includes.chroot/etc/skel/.config/gtk-4.0
config/includes.chroot/etc/skel/.config/gtk-4.0/settings.ini
config/includes.chroot/etc/skel/.config/fastfetch
config/includes.chroot/etc/skel/.config/fastfetch/logo.txt
config/includes.chroot/etc/skel/.config/fastfetch/config.jsonc
config/includes.chroot/etc/skel/.config/gtk-3.0
config/includes.chroot/etc/skel/.config/gtk-3.0/settings.ini
config/includes.chroot/etc/skel/.config/gtk-3.0/bookmarks
config/includes.chroot/etc/skel/.config/tiling-assistant
config/includes.chroot/etc/skel/.config/tiling-assistant/layouts.json
config/includes.chroot/etc/skel/.config/tiling-assistant/tiledSessionRestore2.json
config/includes.chroot/etc/sysctl.d
config/includes.chroot/etc/sysctl.d/99-hardening.conf
config/includes.chroot/etc/dconf
config/includes.chroot/etc/dconf/profile
config/includes.chroot/etc/dconf/profile/user
config/includes.chroot/etc/dconf/db
config/includes.chroot/etc/dconf/db/local.d
config/includes.chroot/etc/dconf/db/local.d/00-aureon-extensions
config/includes.chroot/etc/dconf/db/local.d/02-dynamic-wallpaper
config/includes.chroot/etc/dconf/db/local.d/01-window-buttons
config/includes.chroot/etc/dconf/db/local.d/10-arcmenu-branding
config/includes.chroot/etc/dconf/db/gdm.d
config/includes.chroot/etc/dconf/db/gdm.d/01-login-background
config/includes.chroot/etc/nftables.conf
config/includes.chroot/etc/systemd
config/includes.chroot/etc/systemd/system
config/includes.chroot/etc/systemd/system/aureon-cleanup.timer
config/includes.chroot/etc/systemd/system/aureon-cleanup.service
config/includes.chroot/etc/systemd/system/clear-memory.service
config/includes.chroot/etc/os-release
config/includes.chroot/etc/calamares
config/includes.chroot/etc/calamares/settings.conf
config/includes.chroot/etc/calamares/modules
config/includes.chroot/etc/calamares/modules/users.conf
config/includes.chroot/etc/calamares/modules/welcome.conf
config/includes.chroot/etc/calamares/modules/bootloader.conf
config/includes.chroot/etc/calamares/modules/unpackfs.conf
config/includes.chroot/etc/calamares/modules/displaymanager.conf
config/includes.chroot/etc/calamares/modules/luksopenswaphookcfg.conf
config/includes.chroot/etc/calamares/modules/mount.conf
config/includes.chroot/etc/calamares/modules/packages.conf
config/includes.chroot/etc/calamares/modules/finished.conf
config/includes.chroot/etc/calamares/modules/fstab.conf
config/includes.chroot/etc/calamares/modules/machineid.conf
config/includes.chroot/etc/calamares/branding
config/includes.chroot/etc/calamares/branding/aureon
config/includes.chroot/etc/calamares/branding/aureon/welcome.png
config/includes.chroot/etc/calamares/branding/aureon/branding.desc
config/includes.chroot/etc/calamares/branding/aureon/desktop.png
config/includes.chroot/etc/calamares/branding/aureon/show.qml
config/includes.chroot/etc/calamares/branding/aureon/logo.png
config/includes.chroot/etc/calamares/branding/aureon/applications.png
config/includes.chroot/etc/calamares/branding/aureon/stylesheet.qss
config/includes.chroot/etc/calamares/branding/debian
config/includes.chroot/etc/calamares/branding/debian/welcome.png
config/includes.chroot/etc/calamares/branding/debian/branding.desc
config/includes.chroot/etc/calamares/branding/debian/slide1.png
config/includes.chroot/etc/calamares/branding/debian/show.qml
config/includes.chroot/etc/calamares/branding/debian/debian-logo.png
config/includes.chroot/etc/udev
config/includes.chroot/etc/udev/rules.d
config/includes.chroot/etc/udev/rules.d/99-disable-hibernation.rules
config/includes.chroot/etc/issue
config/includes.chroot/etc/modprobe.d
config/includes.chroot/etc/modprobe.d/hardening.conf
config/includes.chroot/etc/default
config/includes.chroot/etc/default/grub.d
config/includes.chroot/etc/default/grub.d/50-security.cfg
config/includes.chroot/usr
config/includes.chroot/usr/share
config/includes.chroot/usr/share/aureonos
config/includes.chroot/usr/share/aureonos/assets
config/includes.chroot/usr/share/aureonos/assets/text-logo.png
config/includes.chroot/usr/share/aureonos/assets/logo.png
config/includes.chroot/usr/share/plymouth
config/includes.chroot/usr/share/plymouth/themes
config/includes.chroot/usr/share/plymouth/themes/spinner
config/includes.chroot/usr/share/plymouth/themes/spinner/watermark.png
config/includes.chroot/usr/share/aureon
config/includes.chroot/usr/share/aureon/dconf-settings.ini
config/includes.chroot/usr/share/gnome-shell
config/includes.chroot/usr/share/gnome-shell/extensions
config/includes.chroot/usr/share/gnome-shell/extensions/gtk4-ding@smedius.gitlab.com
config/includes.chroot/usr/share/gnome-shell/extensions/gtk4-ding@smedius.gitlab.com/metadata.json
config/includes.chroot/usr/share/gnome-shell/extensions/gtk4-ding@smedius.gitlab.com/prefs.js
config/includes.chroot/usr/share/gnome-shell/extensions/gtk4-ding@smedius.gitlab.com/schemas
config/includes.chroot/usr/share/gnome-shell/extensions/gtk4-ding@smedius.gitlab.com/schemas/gschemas.compiled
config/includes.chroot/usr/share/gnome-shell/extensions/gtk4-ding@smedius.gitlab.com/schemas/org.gnome.shell.extensions.gtk4-ding.gschema.xml
config/includes.chroot/usr/share/gnome-shell/extensions/gtk4-ding@smedius.gitlab.com/visibleArea.js
config/includes.chroot/usr/share/gnome-shell/extensions/gtk4-ding@smedius.gitlab.com/app
config/includes.chroot/usr/share/gnome-shell/extensions/gtk4-ding@smedius.gitlab.com/app/desktopFileIcon.js
config/includes.chroot/usr/share/gnome-shell/extensions/gtk4-ding@smedius.gitlab.com/app/adw-ding.js
config/includes.chroot/usr/share/gnome-shell/extensions/gtk4-ding@smedius.gitlab.com/app/fileItemIcon.js
config/includes.chroot/usr/share/gnome-shell/extensions/gtk4-ding@smedius.gitlab.com/app/dragManager.js
config/includes.chroot/usr/share/gnome-shell/extensions/gtk4-ding@smedius.gitlab.com/app/desktopManager.js
config/includes.chroot/usr/share/gnome-shell/extensions/gtk4-ding@smedius.gitlab.com/app/thumbnails.js
config/includes.chroot/usr/share/gnome-shell/extensions/gtk4-ding@smedius.gitlab.com/app/com.desktop.ding.data.gresource
config/includes.chroot/usr/share/gnome-shell/extensions/gtk4-ding@smedius.gitlab.com/app/desktopGrid.js
config/includes.chroot/usr/share/gnome-shell/extensions/gtk4-ding@smedius.gitlab.com/app/symLinkIcon.js
config/includes.chroot/usr/share/gnome-shell/extensions/gtk4-ding@smedius.gitlab.com/app/widgetApi.js
config/includes.chroot/usr/share/gnome-shell/extensions/gtk4-ding@smedius.gitlab.com/app/adwPreferencesWindow.js
config/includes.chroot/usr/share/gnome-shell/extensions/gtk4-ding@smedius.gitlab.com/app/appChooser.js
config/includes.chroot/usr/share/gnome-shell/extensions/gtk4-ding@smedius.gitlab.com/app/desktopIconFactory.js
config/includes.chroot/usr/share/gnome-shell/extensions/gtk4-ding@smedius.gitlab.com/app/desktopIconItem.js
config/includes.chroot/usr/share/gnome-shell/extensions/gtk4-ding@smedius.gitlab.com/app/shortcutManager.js
config/includes.chroot/usr/share/gnome-shell/extensions/gtk4-ding@smedius.gitlab.com/app/htmlWidgetHost.js
config/includes.chroot/usr/share/gnome-shell/extensions/gtk4-ding@smedius.gitlab.com/app/desktopFolderMonitor.js
config/includes.chroot/usr/share/gnome-shell/extensions/gtk4-ding@smedius.gitlab.com/app/desktopMenu.js
config/includes.chroot/usr/share/gnome-shell/extensions/gtk4-ding@smedius.gitlab.com/app/enums.js
config/includes.chroot/usr/share/gnome-shell/extensions/gtk4-ding@smedius.gitlab.com/app/utils
config/includes.chroot/usr/share/gnome-shell/extensions/gtk4-ding@smedius.gitlab.com/app/utils/dbusUtils.js
config/includes.chroot/usr/share/gnome-shell/extensions/gtk4-ding@smedius.gitlab.com/app/utils/desktopIconsUtil.js
config/includes.chroot/usr/share/gnome-shell/extensions/gtk4-ding@smedius.gitlab.com/app/utils/dbusInterfaces.js
config/includes.chroot/usr/share/gnome-shell/extensions/gtk4-ding@smedius.gitlab.com/app/utils/desktopFolderUtils.js
config/includes.chroot/usr/share/gnome-shell/extensions/gtk4-ding@smedius.gitlab.com/app/utils/gsConnect.js
config/includes.chroot/usr/share/gnome-shell/extensions/gtk4-ding@smedius.gitlab.com/app/widgetWebContext.js
config/includes.chroot/usr/share/gnome-shell/extensions/gtk4-ding@smedius.gitlab.com/app/volumeIcon.js
config/includes.chroot/usr/share/gnome-shell/extensions/gtk4-ding@smedius.gitlab.com/app/fileItemMenu.js
config/includes.chroot/usr/share/gnome-shell/extensions/gtk4-ding@smedius.gitlab.com/app/askRenamePopup.js
config/includes.chroot/usr/share/gnome-shell/extensions/gtk4-ding@smedius.gitlab.com/app/preferences.js
config/includes.chroot/usr/share/gnome-shell/extensions/gtk4-ding@smedius.gitlab.com/app/htmlWidgetHostWithBackend.js
config/includes.chroot/usr/share/gnome-shell/extensions/gtk4-ding@smedius.gitlab.com/app/gnomeShellDragDrop.js
config/includes.chroot/usr/share/gnome-shell/extensions/gtk4-ding@smedius.gitlab.com/app/autoAr.js
config/includes.chroot/usr/share/gnome-shell/extensions/gtk4-ding@smedius.gitlab.com/app/widgetManager.js
config/includes.chroot/usr/share/gnome-shell/extensions/gtk4-ding@smedius.gitlab.com/app/templatesScriptsManager.js
config/includes.chroot/usr/share/gnome-shell/extensions/gtk4-ding@smedius.gitlab.com/app/shortcuts.js
config/includes.chroot/usr/share/gnome-shell/extensions/gtk4-ding@smedius.gitlab.com/app/windowManager.js
config/includes.chroot/usr/share/gnome-shell/extensions/gtk4-ding@smedius.gitlab.com/app/stackItem.js
config/includes.chroot/usr/share/gnome-shell/extensions/gtk4-ding@smedius.gitlab.com/app/widgetRegistry.js
config/includes.chroot/usr/share/gnome-shell/extensions/gtk4-ding@smedius.gitlab.com/app/showErrorPopup.js
config/includes.chroot/usr/share/gnome-shell/extensions/gtk4-ding@smedius.gitlab.com/app/specialFolderIcon.js
config/includes.chroot/usr/share/gnome-shell/extensions/gtk4-ding@smedius.gitlab.com/app/appImageFileItem.js
config/includes.chroot/usr/share/gnome-shell/extensions/gtk4-ding@smedius.gitlab.com/extension.js
config/includes.chroot/usr/share/gnome-shell/extensions/gtk4-ding@smedius.gitlab.com/gnomeShellOverride.js
config/includes.chroot/usr/share/gnome-shell/extensions/gtk4-ding@smedius.gitlab.com/dingManager.js
config/includes.chroot/usr/share/gnome-shell/extensions/gtk4-ding@smedius.gitlab.com/utils
config/includes.chroot/usr/share/gnome-shell/extensions/gtk4-ding@smedius.gitlab.com/utils/fileUtils.js
config/includes.chroot/usr/share/gnome-shell/extensions/gtk4-ding@smedius.gitlab.com/emulateX11WindowType.js
config/includes.chroot/usr/share/gnome-shell/extensions/gtk4-ding@smedius.gitlab.com/locale
config/includes.chroot/usr/share/gnome-shell/extensions/gtk4-ding@smedius.gitlab.com/locale/he
config/includes.chroot/usr/share/gnome-shell/extensions/gtk4-ding@smedius.gitlab.com/locale/he/LC_MESSAGES
config/includes.chroot/usr/share/gnome-shell/extensions/gtk4-ding@smedius.gitlab.com/locale/he/LC_MESSAGES/gtk4-ding.mo
config/includes.chroot/usr/share/gnome-shell/extensions/gtk4-ding@smedius.gitlab.com/locale/bn
config/includes.chroot/usr/share/gnome-shell/extensions/gtk4-ding@smedius.gitlab.com/locale/bn/LC_MESSAGES
config/includes.chroot/usr/share/gnome-shell/extensions/gtk4-ding@smedius.gitlab.com/locale/bn/LC_MESSAGES/gtk4-ding.mo
config/includes.chroot/usr/share/gnome-shell/extensions/gtk4-ding@smedius.gitlab.com/locale/cs
config/includes.chroot/usr/share/gnome-shell/extensions/gtk4-ding@smedius.gitlab.com/locale/cs/LC_MESSAGES
config/includes.chroot/usr/share/gnome-shell/extensions/gtk4-ding@smedius.gitlab.com/locale/cs/LC_MESSAGES/gtk4-ding.mo
config/includes.chroot/usr/share/gnome-shell/extensions/gtk4-ding@smedius.gitlab.com/locale/ta
config/includes.chroot/usr/share/gnome-shell/extensions/gtk4-ding@smedius.gitlab.com/locale/ta/LC_MESSAGES
config/includes.chroot/usr/share/gnome-shell/extensions/gtk4-ding@smedius.gitlab.com/locale/ta/LC_MESSAGES/gtk4-ding.mo
config/includes.chroot/usr/share/gnome-shell/extensions/gtk4-ding@smedius.gitlab.com/locale/pl
config/includes.chroot/usr/share/gnome-shell/extensions/gtk4-ding@smedius.gitlab.com/locale/pl/LC_MESSAGES
config/includes.chroot/usr/share/gnome-shell/extensions/gtk4-ding@smedius.gitlab.com/locale/pl/LC_MESSAGES/gtk4-ding.mo
config/includes.chroot/usr/share/gnome-shell/extensions/gtk4-ding@smedius.gitlab.com/locale/ga
config/includes.chroot/usr/share/gnome-shell/extensions/gtk4-ding@smedius.gitlab.com/locale/ga/LC_MESSAGES
config/includes.chroot/usr/share/gnome-shell/extensions/gtk4-ding@smedius.gitlab.com/locale/ga/LC_MESSAGES/gtk4-ding.mo
config/includes.chroot/usr/share/gnome-shell/extensions/gtk4-ding@smedius.gitlab.com/locale/ms
config/includes.chroot/usr/share/gnome-shell/extensions/gtk4-ding@smedius.gitlab.com/locale/ms/LC_MESSAGES
config/includes.chroot/usr/share/gnome-shell/extensions/gtk4-ding@smedius.gitlab.com/locale/ms/LC_MESSAGES/gtk4-ding.mo
config/includes.chroot/usr/share/gnome-shell/extensions/gtk4-ding@smedius.gitlab.com/locale/et
config/includes.chroot/usr/share/gnome-shell/extensions/gtk4-ding@smedius.gitlab.com/locale/et/LC_MESSAGES
config/includes.chroot/usr/share/gnome-shell/extensions/gtk4-ding@smedius.gitlab.com/locale/et/LC_MESSAGES/gtk4-ding.mo
config/includes.chroot/usr/share/gnome-shell/extensions/gtk4-ding@smedius.gitlab.com/locale/th
config/includes.chroot/usr/share/gnome-shell/extensions/gtk4-ding@smedius.gitlab.com/locale/th/LC_MESSAGES
config/includes.chroot/usr/share/gnome-shell/extensions/gtk4-ding@smedius.gitlab.com/locale/th/LC_MESSAGES/gtk4-ding.mo
config/includes.chroot/usr/share/gnome-shell/extensions/gtk4-ding@smedius.gitlab.com/locale/id
config/includes.chroot/usr/share/gnome-shell/extensions/gtk4-ding@smedius.gitlab.com/locale/id/LC_MESSAGES
config/includes.chroot/usr/share/gnome-shell/extensions/gtk4-ding@smedius.gitlab.com/locale/id/LC_MESSAGES/gtk4-ding.mo
config/includes.chroot/usr/share/gnome-shell/extensions/gtk4-ding@smedius.gitlab.com/locale/es
config/includes.chroot/usr/share/gnome-shell/extensions/gtk4-ding@smedius.gitlab.com/locale/es/LC_MESSAGES
config/includes.chroot/usr/share/gnome-shell/extensions/gtk4-ding@smedius.gitlab.com/locale/es/LC_MESSAGES/gtk4-ding.mo
config/includes.chroot/usr/share/gnome-shell/extensions/gtk4-ding@smedius.gitlab.com/locale/fi
config/includes.chroot/usr/share/gnome-shell/extensions/gtk4-ding@smedius.gitlab.com/locale/fi/LC_MESSAGES
config/includes.chroot/usr/share/gnome-shell/extensions/gtk4-ding@smedius.gitlab.com/locale/fi/LC_MESSAGES/gtk4-ding.mo
config/includes.chroot/usr/share/gnome-shell/extensions/gtk4-ding@smedius.gitlab.com/locale/ro
config/includes.chroot/usr/share/gnome-shell/extensions/gtk4-ding@smedius.gitlab.com/locale/ro/LC_MESSAGES
config/includes.chroot/usr/share/gnome-shell/extensions/gtk4-ding@smedius.gitlab.com/locale/ro/LC_MESSAGES/gtk4-ding.mo
config/includes.chroot/usr/share/gnome-shell/extensions/gtk4-ding@smedius.gitlab.com/locale/sk
config/includes.chroot/usr/share/gnome-shell/extensions/gtk4-ding@smedius.gitlab.com/locale/sk/LC_MESSAGES
config/includes.chroot/usr/share/gnome-shell/extensions/gtk4-ding@smedius.gitlab.com/locale/sk/LC_MESSAGES/gtk4-ding.mo
config/includes.chroot/usr/share/gnome-shell/extensions/gtk4-ding@smedius.gitlab.com/locale/da
config/includes.chroot/usr/share/gnome-shell/extensions/gtk4-ding@smedius.gitlab.com/locale/da/LC_MESSAGES
config/includes.chroot/usr/share/gnome-shell/extensions/gtk4-ding@smedius.gitlab.com/locale/da/LC_MESSAGES/gtk4-ding.mo
config/includes.chroot/usr/share/gnome-shell/extensions/gtk4-ding@smedius.gitlab.com/locale/tr
config/includes.chroot/usr/share/gnome-shell/extensions/gtk4-ding@smedius.gitlab.com/locale/tr/LC_MESSAGES
config/includes.chroot/usr/share/gnome-shell/extensions/gtk4-ding@smedius.gitlab.com/locale/tr/LC_MESSAGES/gtk4-ding.mo
config/includes.chroot/usr/share/gnome-shell/extensions/gtk4-ding@smedius.gitlab.com/locale/fr
config/includes.chroot/usr/share/gnome-shell/extensions/gtk4-ding@smedius.gitlab.com/locale/fr/LC_MESSAGES
config/includes.chroot/usr/share/gnome-shell/extensions/gtk4-ding@smedius.gitlab.com/locale/fr/LC_MESSAGES/gtk4-ding.mo
config/includes.chroot/usr/share/gnome-shell/extensions/gtk4-ding@smedius.gitlab.com/locale/gl
config/includes.chroot/usr/share/gnome-shell/extensions/gtk4-ding@smedius.gitlab.com/locale/gl/LC_MESSAGES
config/includes.chroot/usr/share/gnome-shell/extensions/gtk4-ding@smedius.gitlab.com/locale/gl/LC_MESSAGES/gtk4-ding.mo
config/includes.chroot/usr/share/gnome-shell/extensions/gtk4-ding@smedius.gitlab.com/locale/sl
config/includes.chroot/usr/share/gnome-shell/extensions/gtk4-ding@smedius.gitlab.com/locale/sl/LC_MESSAGES
config/includes.chroot/usr/share/gnome-shell/extensions/gtk4-ding@smedius.gitlab.com/locale/sl/LC_MESSAGES/gtk4-ding.mo
config/includes.chroot/usr/share/gnome-shell/extensions/gtk4-ding@smedius.gitlab.com/locale/fa
config/includes.chroot/usr/share/gnome-shell/extensions/gtk4-ding@smedius.gitlab.com/locale/fa/LC_MESSAGES
config/includes.chroot/usr/share/gnome-shell/extensions/gtk4-ding@smedius.gitlab.com/locale/fa/LC_MESSAGES/gtk4-ding.mo
config/includes.chroot/usr/share/gnome-shell/extensions/gtk4-ding@smedius.gitlab.com/locale/nl
config/includes.chroot/usr/share/gnome-shell/extensions/gtk4-ding@smedius.gitlab.com/locale/nl/LC_MESSAGES
config/includes.chroot/usr/share/gnome-shell/extensions/gtk4-ding@smedius.gitlab.com/locale/nl/LC_MESSAGES/gtk4-ding.mo
config/includes.chroot/usr/share/gnome-shell/extensions/gtk4-ding@smedius.gitlab.com/locale/fur
config/includes.chroot/usr/share/gnome-shell/extensions/gtk4-ding@smedius.gitlab.com/locale/fur/LC_MESSAGES
config/includes.chroot/usr/share/gnome-shell/extensions/gtk4-ding@smedius.gitlab.com/locale/fur/LC_MESSAGES/gtk4-ding.mo
config/includes.chroot/usr/share/gnome-shell/extensions/gtk4-ding@smedius.gitlab.com/locale/lt
config/includes.chroot/usr/share/gnome-shell/extensions/gtk4-ding@smedius.gitlab.com/locale/lt/LC_MESSAGES
config/includes.chroot/usr/share/gnome-shell/extensions/gtk4-ding@smedius.gitlab.com/locale/lt/LC_MESSAGES/gtk4-ding.mo
config/includes.chroot/usr/share/gnome-shell/extensions/gtk4-ding@smedius.gitlab.com/locale/oc
config/includes.chroot/usr/share/gnome-shell/extensions/gtk4-ding@smedius.gitlab.com/locale/oc/LC_MESSAGES
config/includes.chroot/usr/share/gnome-shell/extensions/gtk4-ding@smedius.gitlab.com/locale/oc/LC_MESSAGES/gtk4-ding.mo
config/includes.chroot/usr/share/gnome-shell/extensions/gtk4-ding@smedius.gitlab.com/locale/pt
config/includes.chroot/usr/share/gnome-shell/extensions/gtk4-ding@smedius.gitlab.com/locale/pt/LC_MESSAGES
config/includes.chroot/usr/share/gnome-shell/extensions/gtk4-ding@smedius.gitlab.com/locale/pt/LC_MESSAGES/gtk4-ding.mo
config/includes.chroot/usr/share/gnome-shell/extensions/gtk4-ding@smedius.gitlab.com/locale/sv
config/includes.chroot/usr/share/gnome-shell/extensions/gtk4-ding@smedius.gitlab.com/locale/sv/LC_MESSAGES
config/includes.chroot/usr/share/gnome-shell/extensions/gtk4-ding@smedius.gitlab.com/locale/sv/LC_MESSAGES/gtk4-ding.mo
config/includes.chroot/usr/share/gnome-shell/extensions/gtk4-ding@smedius.gitlab.com/locale/el
config/includes.chroot/usr/share/gnome-shell/extensions/gtk4-ding@smedius.gitlab.com/locale/el/LC_MESSAGES
config/includes.chroot/usr/share/gnome-shell/extensions/gtk4-ding@smedius.gitlab.com/locale/el/LC_MESSAGES/gtk4-ding.mo
config/includes.chroot/usr/share/gnome-shell/extensions/gtk4-ding@smedius.gitlab.com/locale/ca
config/includes.chroot/usr/share/gnome-shell/extensions/gtk4-ding@smedius.gitlab.com/locale/ca/LC_MESSAGES
config/includes.chroot/usr/share/gnome-shell/extensions/gtk4-ding@smedius.gitlab.com/locale/ca/LC_MESSAGES/gtk4-ding.mo
config/includes.chroot/usr/share/gnome-shell/extensions/gtk4-ding@smedius.gitlab.com/locale/hr
config/includes.chroot/usr/share/gnome-shell/extensions/gtk4-ding@smedius.gitlab.com/locale/hr/LC_MESSAGES
config/includes.chroot/usr/share/gnome-shell/extensions/gtk4-ding@smedius.gitlab.com/locale/hr/LC_MESSAGES/gtk4-ding.mo
config/includes.chroot/usr/share/gnome-shell/extensions/gtk4-ding@smedius.gitlab.com/locale/nb
config/includes.chroot/usr/share/gnome-shell/extensions/gtk4-ding@smedius.gitlab.com/locale/nb/LC_MESSAGES
config/includes.chroot/usr/share/gnome-shell/extensions/gtk4-ding@smedius.gitlab.com/locale/nb/LC_MESSAGES/gtk4-ding.mo
config/includes.chroot/usr/share/gnome-shell/extensions/gtk4-ding@smedius.gitlab.com/locale/zh_TW
config/includes.chroot/usr/share/gnome-shell/extensions/gtk4-ding@smedius.gitlab.com/locale/zh_TW/LC_MESSAGES
config/includes.chroot/usr/share/gnome-shell/extensions/gtk4-ding@smedius.gitlab.com/locale/zh_TW/LC_MESSAGES/gtk4-ding.mo
config/includes.chroot/usr/share/gnome-shell/extensions/gtk4-ding@smedius.gitlab.com/locale/bg
config/includes.chroot/usr/share/gnome-shell/extensions/gtk4-ding@smedius.gitlab.com/locale/bg/LC_MESSAGES
config/includes.chroot/usr/share/gnome-shell/extensions/gtk4-ding@smedius.gitlab.com/locale/bg/LC_MESSAGES/gtk4-ding.mo
config/includes.chroot/usr/share/gnome-shell/extensions/gtk4-ding@smedius.gitlab.com/locale/ur
config/includes.chroot/usr/share/gnome-shell/extensions/gtk4-ding@smedius.gitlab.com/locale/ur/LC_MESSAGES
config/includes.chroot/usr/share/gnome-shell/extensions/gtk4-ding@smedius.gitlab.com/locale/ur/LC_MESSAGES/gtk4-ding.mo
config/includes.chroot/usr/share/gnome-shell/extensions/gtk4-ding@smedius.gitlab.com/locale/eo
config/includes.chroot/usr/share/gnome-shell/extensions/gtk4-ding@smedius.gitlab.com/locale/eo/LC_MESSAGES
config/includes.chroot/usr/share/gnome-shell/extensions/gtk4-ding@smedius.gitlab.com/locale/eo/LC_MESSAGES/gtk4-ding.mo
config/includes.chroot/usr/share/gnome-shell/extensions/gtk4-ding@smedius.gitlab.com/locale/ja
config/includes.chroot/usr/share/gnome-shell/extensions/gtk4-ding@smedius.gitlab.com/locale/ja/LC_MESSAGES
config/includes.chroot/usr/share/gnome-shell/extensions/gtk4-ding@smedius.gitlab.com/locale/ja/LC_MESSAGES/gtk4-ding.mo
config/includes.chroot/usr/share/gnome-shell/extensions/gtk4-ding@smedius.gitlab.com/locale/zh-Hant
config/includes.chroot/usr/share/gnome-shell/extensions/gtk4-ding@smedius.gitlab.com/locale/zh-Hant/LC_MESSAGES
config/includes.chroot/usr/share/gnome-shell/extensions/gtk4-ding@smedius.gitlab.com/locale/zh-Hant/LC_MESSAGES/gtk4-ding.mo
config/includes.chroot/usr/share/gnome-shell/extensions/gtk4-ding@smedius.gitlab.com/locale/ar
config/includes.chroot/usr/share/gnome-shell/extensions/gtk4-ding@smedius.gitlab.com/locale/ar/LC_MESSAGES
config/includes.chroot/usr/share/gnome-shell/extensions/gtk4-ding@smedius.gitlab.com/locale/ar/LC_MESSAGES/gtk4-ding.mo
config/includes.chroot/usr/share/gnome-shell/extensions/gtk4-ding@smedius.gitlab.com/locale/hu
config/includes.chroot/usr/share/gnome-shell/extensions/gtk4-ding@smedius.gitlab.com/locale/hu/LC_MESSAGES
config/includes.chroot/usr/share/gnome-shell/extensions/gtk4-ding@smedius.gitlab.com/locale/hu/LC_MESSAGES/gtk4-ding.mo
config/includes.chroot/usr/share/gnome-shell/extensions/gtk4-ding@smedius.gitlab.com/locale/ky
config/includes.chroot/usr/share/gnome-shell/extensions/gtk4-ding@smedius.gitlab.com/locale/ky/LC_MESSAGES
config/includes.chroot/usr/share/gnome-shell/extensions/gtk4-ding@smedius.gitlab.com/locale/ky/LC_MESSAGES/gtk4-ding.mo
config/includes.chroot/usr/share/gnome-shell/extensions/gtk4-ding@smedius.gitlab.com/locale/ko
config/includes.chroot/usr/share/gnome-shell/extensions/gtk4-ding@smedius.gitlab.com/locale/ko/LC_MESSAGES
config/includes.chroot/usr/share/gnome-shell/extensions/gtk4-ding@smedius.gitlab.com/locale/ko/LC_MESSAGES/gtk4-ding.mo
config/includes.chroot/usr/share/gnome-shell/extensions/gtk4-ding@smedius.gitlab.com/locale/lv
config/includes.chroot/usr/share/gnome-shell/extensions/gtk4-ding@smedius.gitlab.com/locale/lv/LC_MESSAGES
config/includes.chroot/usr/share/gnome-shell/extensions/gtk4-ding@smedius.gitlab.com/locale/lv/LC_MESSAGES/gtk4-ding.mo
config/includes.chroot/usr/share/gnome-shell/extensions/gtk4-ding@smedius.gitlab.com/locale/be
config/includes.chroot/usr/share/gnome-shell/extensions/gtk4-ding@smedius.gitlab.com/locale/be/LC_MESSAGES
config/includes.chroot/usr/share/gnome-shell/extensions/gtk4-ding@smedius.gitlab.com/locale/be/LC_MESSAGES/gtk4-ding.mo
config/includes.chroot/usr/share/gnome-shell/extensions/gtk4-ding@smedius.gitlab.com/locale/zh_CN
config/includes.chroot/usr/share/gnome-shell/extensions/gtk4-ding@smedius.gitlab.com/locale/zh_CN/LC_MESSAGES
config/includes.chroot/usr/share/gnome-shell/extensions/gtk4-ding@smedius.gitlab.com/locale/zh_CN/LC_MESSAGES/gtk4-ding.mo
config/includes.chroot/usr/share/gnome-shell/extensions/gtk4-ding@smedius.gitlab.com/locale/uk
config/includes.chroot/usr/share/gnome-shell/extensions/gtk4-ding@smedius.gitlab.com/locale/uk/LC_MESSAGES
config/includes.chroot/usr/share/gnome-shell/extensions/gtk4-ding@smedius.gitlab.com/locale/uk/LC_MESSAGES/gtk4-ding.mo
config/includes.chroot/usr/share/gnome-shell/extensions/gtk4-ding@smedius.gitlab.com/locale/ru
config/includes.chroot/usr/share/gnome-shell/extensions/gtk4-ding@smedius.gitlab.com/locale/ru/LC_MESSAGES
config/includes.chroot/usr/share/gnome-shell/extensions/gtk4-ding@smedius.gitlab.com/locale/ru/LC_MESSAGES/gtk4-ding.mo
config/includes.chroot/usr/share/gnome-shell/extensions/gtk4-ding@smedius.gitlab.com/locale/tl
config/includes.chroot/usr/share/gnome-shell/extensions/gtk4-ding@smedius.gitlab.com/locale/tl/LC_MESSAGES
config/includes.chroot/usr/share/gnome-shell/extensions/gtk4-ding@smedius.gitlab.com/locale/tl/LC_MESSAGES/gtk4-ding.mo
config/includes.chroot/usr/share/gnome-shell/extensions/gtk4-ding@smedius.gitlab.com/locale/ka
config/includes.chroot/usr/share/gnome-shell/extensions/gtk4-ding@smedius.gitlab.com/locale/ka/LC_MESSAGES
config/includes.chroot/usr/share/gnome-shell/extensions/gtk4-ding@smedius.gitlab.com/locale/ka/LC_MESSAGES/gtk4-ding.mo
config/includes.chroot/usr/share/gnome-shell/extensions/gtk4-ding@smedius.gitlab.com/locale/de
config/includes.chroot/usr/share/gnome-shell/extensions/gtk4-ding@smedius.gitlab.com/locale/de/LC_MESSAGES
config/includes.chroot/usr/share/gnome-shell/extensions/gtk4-ding@smedius.gitlab.com/locale/de/LC_MESSAGES/gtk4-ding.mo
config/includes.chroot/usr/share/gnome-shell/extensions/gtk4-ding@smedius.gitlab.com/locale/az
config/includes.chroot/usr/share/gnome-shell/extensions/gtk4-ding@smedius.gitlab.com/locale/az/LC_MESSAGES
config/includes.chroot/usr/share/gnome-shell/extensions/gtk4-ding@smedius.gitlab.com/locale/az/LC_MESSAGES/gtk4-ding.mo
config/includes.chroot/usr/share/gnome-shell/extensions/gtk4-ding@smedius.gitlab.com/locale/zh-Hans
config/includes.chroot/usr/share/gnome-shell/extensions/gtk4-ding@smedius.gitlab.com/locale/zh-Hans/LC_MESSAGES
config/includes.chroot/usr/share/gnome-shell/extensions/gtk4-ding@smedius.gitlab.com/locale/zh-Hans/LC_MESSAGES/gtk4-ding.mo
config/includes.chroot/usr/share/gnome-shell/extensions/gtk4-ding@smedius.gitlab.com/locale/eu
config/includes.chroot/usr/share/gnome-shell/extensions/gtk4-ding@smedius.gitlab.com/locale/eu/LC_MESSAGES
config/includes.chroot/usr/share/gnome-shell/extensions/gtk4-ding@smedius.gitlab.com/locale/eu/LC_MESSAGES/gtk4-ding.mo
config/includes.chroot/usr/share/gnome-shell/extensions/gtk4-ding@smedius.gitlab.com/locale/pt_BR
config/includes.chroot/usr/share/gnome-shell/extensions/gtk4-ding@smedius.gitlab.com/locale/pt_BR/LC_MESSAGES
config/includes.chroot/usr/share/gnome-shell/extensions/gtk4-ding@smedius.gitlab.com/locale/pt_BR/LC_MESSAGES/gtk4-ding.mo
config/includes.chroot/usr/share/gnome-shell/extensions/gtk4-ding@smedius.gitlab.com/locale/kk
config/includes.chroot/usr/share/gnome-shell/extensions/gtk4-ding@smedius.gitlab.com/locale/kk/LC_MESSAGES
config/includes.chroot/usr/share/gnome-shell/extensions/gtk4-ding@smedius.gitlab.com/locale/kk/LC_MESSAGES/gtk4-ding.mo
config/includes.chroot/usr/share/gnome-shell/extensions/gtk4-ding@smedius.gitlab.com/locale/hi
config/includes.chroot/usr/share/gnome-shell/extensions/gtk4-ding@smedius.gitlab.com/locale/hi/LC_MESSAGES
config/includes.chroot/usr/share/gnome-shell/extensions/gtk4-ding@smedius.gitlab.com/locale/hi/LC_MESSAGES/gtk4-ding.mo
config/includes.chroot/usr/share/gnome-shell/extensions/gtk4-ding@smedius.gitlab.com/locale/it
config/includes.chroot/usr/share/gnome-shell/extensions/gtk4-ding@smedius.gitlab.com/locale/it/LC_MESSAGES
config/includes.chroot/usr/share/gnome-shell/extensions/gtk4-ding@smedius.gitlab.com/locale/it/LC_MESSAGES/gtk4-ding.mo
config/includes.chroot/usr/share/gnome-shell/extensions/gtk4-ding@smedius.gitlab.com/locale/sq
config/includes.chroot/usr/share/gnome-shell/extensions/gtk4-ding@smedius.gitlab.com/locale/sq/LC_MESSAGES
config/includes.chroot/usr/share/gnome-shell/extensions/gtk4-ding@smedius.gitlab.com/locale/sq/LC_MESSAGES/gtk4-ding.mo
config/includes.chroot/usr/share/gnome-shell/extensions/gtk4-ding@smedius.gitlab.com/dependencies
config/includes.chroot/usr/share/gnome-shell/extensions/gtk4-ding@smedius.gitlab.com/dependencies/localFiles.js
config/includes.chroot/usr/share/gnome-shell/extensions/gtk4-ding@smedius.gitlab.com/dependencies/gi.js
config/includes.chroot/usr/share/gnome-shell/extensions/gtk4-ding@smedius.gitlab.com/dependencies/gettext.js
config/includes.chroot/usr/share/gnome-shell/extensions/blur-my-shell@aunetx
config/includes.chroot/usr/share/gnome-shell/extensions/blur-my-shell@aunetx/metadata.json
config/includes.chroot/usr/share/gnome-shell/extensions/blur-my-shell@aunetx/prefs.js
config/includes.chroot/usr/share/gnome-shell/extensions/blur-my-shell@aunetx/schemas
config/includes.chroot/usr/share/gnome-shell/extensions/blur-my-shell@aunetx/schemas/org.gnome.shell.extensions.blur-my-shell.gschema.xml
config/includes.chroot/usr/share/gnome-shell/extensions/blur-my-shell@aunetx/schemas/gschemas.compiled
config/includes.chroot/usr/share/gnome-shell/extensions/blur-my-shell@aunetx/effects
config/includes.chroot/usr/share/gnome-shell/extensions/blur-my-shell@aunetx/effects/color.glsl
config/includes.chroot/usr/share/gnome-shell/extensions/blur-my-shell@aunetx/effects/hsl_to_rgb.glsl
config/includes.chroot/usr/share/gnome-shell/extensions/blur-my-shell@aunetx/effects/derivative.js
config/includes.chroot/usr/share/gnome-shell/extensions/blur-my-shell@aunetx/effects/native_dynamic_gaussian_blur.js
config/includes.chroot/usr/share/gnome-shell/extensions/blur-my-shell@aunetx/effects/noise.glsl
config/includes.chroot/usr/share/gnome-shell/extensions/blur-my-shell@aunetx/effects/upscale.glsl
config/includes.chroot/usr/share/gnome-shell/extensions/blur-my-shell@aunetx/effects/downscale.glsl
config/includes.chroot/usr/share/gnome-shell/extensions/blur-my-shell@aunetx/effects/luminosity.js
config/includes.chroot/usr/share/gnome-shell/extensions/blur-my-shell@aunetx/effects/effects.js
config/includes.chroot/usr/share/gnome-shell/extensions/blur-my-shell@aunetx/effects/native_static_gaussian_blur.js
config/includes.chroot/usr/share/gnome-shell/extensions/blur-my-shell@aunetx/effects/corner.js
config/includes.chroot/usr/share/gnome-shell/extensions/blur-my-shell@aunetx/effects/gaussian_blur.js
config/includes.chroot/usr/share/gnome-shell/extensions/blur-my-shell@aunetx/effects/hsl_to_rgb.js
config/includes.chroot/usr/share/gnome-shell/extensions/blur-my-shell@aunetx/effects/monte_carlo_blur.js
config/includes.chroot/usr/share/gnome-shell/extensions/blur-my-shell@aunetx/effects/derivative.glsl
config/includes.chroot/usr/share/gnome-shell/extensions/blur-my-shell@aunetx/effects/rgb_to_hsl.glsl
config/includes.chroot/usr/share/gnome-shell/extensions/blur-my-shell@aunetx/effects/monte_carlo_blur.glsl
config/includes.chroot/usr/share/gnome-shell/extensions/blur-my-shell@aunetx/effects/corner.glsl
config/includes.chroot/usr/share/gnome-shell/extensions/blur-my-shell@aunetx/effects/rgb_to_hsl.js
config/includes.chroot/usr/share/gnome-shell/extensions/blur-my-shell@aunetx/effects/noise.js
config/includes.chroot/usr/share/gnome-shell/extensions/blur-my-shell@aunetx/effects/pixelize.js
config/includes.chroot/usr/share/gnome-shell/extensions/blur-my-shell@aunetx/effects/downscale.js
config/includes.chroot/usr/share/gnome-shell/extensions/blur-my-shell@aunetx/effects/upscale.js
config/includes.chroot/usr/share/gnome-shell/extensions/blur-my-shell@aunetx/effects/color.js
config/includes.chroot/usr/share/gnome-shell/extensions/blur-my-shell@aunetx/effects/luminosity.glsl
config/includes.chroot/usr/share/gnome-shell/extensions/blur-my-shell@aunetx/effects/gaussian_blur.glsl
config/includes.chroot/usr/share/gnome-shell/extensions/blur-my-shell@aunetx/icons
config/includes.chroot/usr/share/gnome-shell/extensions/blur-my-shell@aunetx/icons/hicolor
config/includes.chroot/usr/share/gnome-shell/extensions/blur-my-shell@aunetx/icons/hicolor/scalable
config/includes.chroot/usr/share/gnome-shell/extensions/blur-my-shell@aunetx/icons/hicolor/scalable/actions
config/includes.chroot/usr/share/gnome-shell/extensions/blur-my-shell@aunetx/icons/hicolor/scalable/actions/select-window-symbolic.svg
config/includes.chroot/usr/share/gnome-shell/extensions/blur-my-shell@aunetx/icons/hicolor/scalable/actions/other-symbolic.svg
config/includes.chroot/usr/share/gnome-shell/extensions/blur-my-shell@aunetx/icons/hicolor/scalable/actions/bottom-panel-symbolic.svg
config/includes.chroot/usr/share/gnome-shell/extensions/blur-my-shell@aunetx/icons/hicolor/scalable/actions/reset-symbolic.svg
config/includes.chroot/usr/share/gnome-shell/extensions/blur-my-shell@aunetx/icons/hicolor/scalable/actions/static-mode-symbolic.svg
config/includes.chroot/usr/share/gnome-shell/extensions/blur-my-shell@aunetx/icons/hicolor/scalable/actions/overview-symbolic.svg
config/includes.chroot/usr/share/gnome-shell/extensions/blur-my-shell@aunetx/icons/hicolor/scalable/actions/down-symbolic.svg
config/includes.chroot/usr/share/gnome-shell/extensions/blur-my-shell@aunetx/icons/hicolor/scalable/actions/pipelines-symbolic.svg
config/includes.chroot/usr/share/gnome-shell/extensions/blur-my-shell@aunetx/icons/hicolor/scalable/actions/applications-symbolic.svg
config/includes.chroot/usr/share/gnome-shell/extensions/blur-my-shell@aunetx/icons/hicolor/scalable/actions/select-row-symbolic.svg
config/includes.chroot/usr/share/gnome-shell/extensions/blur-my-shell@aunetx/icons/hicolor/scalable/actions/heart-symbolic.svg
config/includes.chroot/usr/share/gnome-shell/extensions/blur-my-shell@aunetx/icons/hicolor/scalable/actions/duplicate-row-symbolic.svg
config/includes.chroot/usr/share/gnome-shell/extensions/blur-my-shell@aunetx/icons/hicolor/scalable/actions/edit-row-symbolic.svg
config/includes.chroot/usr/share/gnome-shell/extensions/blur-my-shell@aunetx/icons/hicolor/scalable/actions/dynamic-mode-symbolic.svg
config/includes.chroot/usr/share/gnome-shell/extensions/blur-my-shell@aunetx/icons/hicolor/scalable/actions/dash-symbolic.svg
config/includes.chroot/usr/share/gnome-shell/extensions/blur-my-shell@aunetx/icons/hicolor/scalable/actions/add-row-symbolic.svg
config/includes.chroot/usr/share/gnome-shell/extensions/blur-my-shell@aunetx/icons/hicolor/scalable/actions/remove-row-symbolic.svg
config/includes.chroot/usr/share/gnome-shell/extensions/blur-my-shell@aunetx/stylesheet.css
config/includes.chroot/usr/share/gnome-shell/extensions/blur-my-shell@aunetx/extension.js
config/includes.chroot/usr/share/gnome-shell/extensions/blur-my-shell@aunetx/LICENSE
config/includes.chroot/usr/share/gnome-shell/extensions/blur-my-shell@aunetx/components
config/includes.chroot/usr/share/gnome-shell/extensions/blur-my-shell@aunetx/components/appfolders.js
config/includes.chroot/usr/share/gnome-shell/extensions/blur-my-shell@aunetx/components/panel.js
config/includes.chroot/usr/share/gnome-shell/extensions/blur-my-shell@aunetx/components/applications.js
config/includes.chroot/usr/share/gnome-shell/extensions/blur-my-shell@aunetx/components/window_list.js
config/includes.chroot/usr/share/gnome-shell/extensions/blur-my-shell@aunetx/components/screenshot.js
config/includes.chroot/usr/share/gnome-shell/extensions/blur-my-shell@aunetx/components/coverflow_alt_tab.js
config/includes.chroot/usr/share/gnome-shell/extensions/blur-my-shell@aunetx/components/lockscreen.js
config/includes.chroot/usr/share/gnome-shell/extensions/blur-my-shell@aunetx/components/overview.js
config/includes.chroot/usr/share/gnome-shell/extensions/blur-my-shell@aunetx/components/dash_to_dock.js
config/includes.chroot/usr/share/gnome-shell/extensions/blur-my-shell@aunetx/locale
config/includes.chroot/usr/share/gnome-shell/extensions/blur-my-shell@aunetx/locale/he
config/includes.chroot/usr/share/gnome-shell/extensions/blur-my-shell@aunetx/locale/he/LC_MESSAGES
config/includes.chroot/usr/share/gnome-shell/extensions/blur-my-shell@aunetx/locale/he/LC_MESSAGES/blur-my-shell@aunetx.mo
config/includes.chroot/usr/share/gnome-shell/extensions/blur-my-shell@aunetx/locale/cs
config/includes.chroot/usr/share/gnome-shell/extensions/blur-my-shell@aunetx/locale/cs/LC_MESSAGES
config/includes.chroot/usr/share/gnome-shell/extensions/blur-my-shell@aunetx/locale/cs/LC_MESSAGES/blur-my-shell@aunetx.mo
config/includes.chroot/usr/share/gnome-shell/extensions/blur-my-shell@aunetx/locale/ta
config/includes.chroot/usr/share/gnome-shell/extensions/blur-my-shell@aunetx/locale/ta/LC_MESSAGES
config/includes.chroot/usr/share/gnome-shell/extensions/blur-my-shell@aunetx/locale/ta/LC_MESSAGES/blur-my-shell@aunetx.mo
config/includes.chroot/usr/share/gnome-shell/extensions/blur-my-shell@aunetx/locale/pl
config/includes.chroot/usr/share/gnome-shell/extensions/blur-my-shell@aunetx/locale/pl/LC_MESSAGES
config/includes.chroot/usr/share/gnome-shell/extensions/blur-my-shell@aunetx/locale/pl/LC_MESSAGES/blur-my-shell@aunetx.mo
config/includes.chroot/usr/share/gnome-shell/extensions/blur-my-shell@aunetx/locale/et
config/includes.chroot/usr/share/gnome-shell/extensions/blur-my-shell@aunetx/locale/et/LC_MESSAGES
config/includes.chroot/usr/share/gnome-shell/extensions/blur-my-shell@aunetx/locale/et/LC_MESSAGES/blur-my-shell@aunetx.mo
config/includes.chroot/usr/share/gnome-shell/extensions/blur-my-shell@aunetx/locale/th
config/includes.chroot/usr/share/gnome-shell/extensions/blur-my-shell@aunetx/locale/th/LC_MESSAGES
config/includes.chroot/usr/share/gnome-shell/extensions/blur-my-shell@aunetx/locale/th/LC_MESSAGES/blur-my-shell@aunetx.mo
config/includes.chroot/usr/share/gnome-shell/extensions/blur-my-shell@aunetx/locale/id
config/includes.chroot/usr/share/gnome-shell/extensions/blur-my-shell@aunetx/locale/id/LC_MESSAGES
config/includes.chroot/usr/share/gnome-shell/extensions/blur-my-shell@aunetx/locale/id/LC_MESSAGES/blur-my-shell@aunetx.mo
config/includes.chroot/usr/share/gnome-shell/extensions/blur-my-shell@aunetx/locale/es
config/includes.chroot/usr/share/gnome-shell/extensions/blur-my-shell@aunetx/locale/es/LC_MESSAGES
config/includes.chroot/usr/share/gnome-shell/extensions/blur-my-shell@aunetx/locale/es/LC_MESSAGES/blur-my-shell@aunetx.mo
config/includes.chroot/usr/share/gnome-shell/extensions/blur-my-shell@aunetx/locale/fi
config/includes.chroot/usr/share/gnome-shell/extensions/blur-my-shell@aunetx/locale/fi/LC_MESSAGES
config/includes.chroot/usr/share/gnome-shell/extensions/blur-my-shell@aunetx/locale/fi/LC_MESSAGES/blur-my-shell@aunetx.mo
config/includes.chroot/usr/share/gnome-shell/extensions/blur-my-shell@aunetx/locale/ro
config/includes.chroot/usr/share/gnome-shell/extensions/blur-my-shell@aunetx/locale/ro/LC_MESSAGES
config/includes.chroot/usr/share/gnome-shell/extensions/blur-my-shell@aunetx/locale/ro/LC_MESSAGES/blur-my-shell@aunetx.mo
config/includes.chroot/usr/share/gnome-shell/extensions/blur-my-shell@aunetx/locale/sk
config/includes.chroot/usr/share/gnome-shell/extensions/blur-my-shell@aunetx/locale/sk/LC_MESSAGES
config/includes.chroot/usr/share/gnome-shell/extensions/blur-my-shell@aunetx/locale/sk/LC_MESSAGES/blur-my-shell@aunetx.mo
config/includes.chroot/usr/share/gnome-shell/extensions/blur-my-shell@aunetx/locale/af
config/includes.chroot/usr/share/gnome-shell/extensions/blur-my-shell@aunetx/locale/af/LC_MESSAGES
config/includes.chroot/usr/share/gnome-shell/extensions/blur-my-shell@aunetx/locale/af/LC_MESSAGES/blur-my-shell@aunetx.mo
config/includes.chroot/usr/share/gnome-shell/extensions/blur-my-shell@aunetx/locale/da
config/includes.chroot/usr/share/gnome-shell/extensions/blur-my-shell@aunetx/locale/da/LC_MESSAGES
config/includes.chroot/usr/share/gnome-shell/extensions/blur-my-shell@aunetx/locale/da/LC_MESSAGES/blur-my-shell@aunetx.mo
config/includes.chroot/usr/share/gnome-shell/extensions/blur-my-shell@aunetx/locale/tr
config/includes.chroot/usr/share/gnome-shell/extensions/blur-my-shell@aunetx/locale/tr/LC_MESSAGES
config/includes.chroot/usr/share/gnome-shell/extensions/blur-my-shell@aunetx/locale/tr/LC_MESSAGES/blur-my-shell@aunetx.mo
config/includes.chroot/usr/share/gnome-shell/extensions/blur-my-shell@aunetx/locale/fr
config/includes.chroot/usr/share/gnome-shell/extensions/blur-my-shell@aunetx/locale/fr/LC_MESSAGES
config/includes.chroot/usr/share/gnome-shell/extensions/blur-my-shell@aunetx/locale/fr/LC_MESSAGES/blur-my-shell@aunetx.mo
config/includes.chroot/usr/share/gnome-shell/extensions/blur-my-shell@aunetx/locale/sl
config/includes.chroot/usr/share/gnome-shell/extensions/blur-my-shell@aunetx/locale/sl/LC_MESSAGES
config/includes.chroot/usr/share/gnome-shell/extensions/blur-my-shell@aunetx/locale/sl/LC_MESSAGES/blur-my-shell@aunetx.mo
config/includes.chroot/usr/share/gnome-shell/extensions/blur-my-shell@aunetx/locale/nl
config/includes.chroot/usr/share/gnome-shell/extensions/blur-my-shell@aunetx/locale/nl/LC_MESSAGES
config/includes.chroot/usr/share/gnome-shell/extensions/blur-my-shell@aunetx/locale/nl/LC_MESSAGES/blur-my-shell@aunetx.mo
config/includes.chroot/usr/share/gnome-shell/extensions/blur-my-shell@aunetx/locale/pt
config/includes.chroot/usr/share/gnome-shell/extensions/blur-my-shell@aunetx/locale/pt/LC_MESSAGES
config/includes.chroot/usr/share/gnome-shell/extensions/blur-my-shell@aunetx/locale/pt/LC_MESSAGES/blur-my-shell@aunetx.mo
config/includes.chroot/usr/share/gnome-shell/extensions/blur-my-shell@aunetx/locale/ml
config/includes.chroot/usr/share/gnome-shell/extensions/blur-my-shell@aunetx/locale/ml/LC_MESSAGES
config/includes.chroot/usr/share/gnome-shell/extensions/blur-my-shell@aunetx/locale/ml/LC_MESSAGES/blur-my-shell@aunetx.mo
config/includes.chroot/usr/share/gnome-shell/extensions/blur-my-shell@aunetx/locale/sv
config/includes.chroot/usr/share/gnome-shell/extensions/blur-my-shell@aunetx/locale/sv/LC_MESSAGES
config/includes.chroot/usr/share/gnome-shell/extensions/blur-my-shell@aunetx/locale/sv/LC_MESSAGES/blur-my-shell@aunetx.mo
config/includes.chroot/usr/share/gnome-shell/extensions/blur-my-shell@aunetx/locale/el
config/includes.chroot/usr/share/gnome-shell/extensions/blur-my-shell@aunetx/locale/el/LC_MESSAGES
config/includes.chroot/usr/share/gnome-shell/extensions/blur-my-shell@aunetx/locale/el/LC_MESSAGES/blur-my-shell@aunetx.mo
config/includes.chroot/usr/share/gnome-shell/extensions/blur-my-shell@aunetx/locale/ca
config/includes.chroot/usr/share/gnome-shell/extensions/blur-my-shell@aunetx/locale/ca/LC_MESSAGES
config/includes.chroot/usr/share/gnome-shell/extensions/blur-my-shell@aunetx/locale/ca/LC_MESSAGES/blur-my-shell@aunetx.mo
config/includes.chroot/usr/share/gnome-shell/extensions/blur-my-shell@aunetx/locale/hr
config/includes.chroot/usr/share/gnome-shell/extensions/blur-my-shell@aunetx/locale/hr/LC_MESSAGES
config/includes.chroot/usr/share/gnome-shell/extensions/blur-my-shell@aunetx/locale/hr/LC_MESSAGES/blur-my-shell@aunetx.mo
config/includes.chroot/usr/share/gnome-shell/extensions/blur-my-shell@aunetx/locale/zh_TW
config/includes.chroot/usr/share/gnome-shell/extensions/blur-my-shell@aunetx/locale/zh_TW/LC_MESSAGES
config/includes.chroot/usr/share/gnome-shell/extensions/blur-my-shell@aunetx/locale/zh_TW/LC_MESSAGES/blur-my-shell@aunetx.mo
config/includes.chroot/usr/share/gnome-shell/extensions/blur-my-shell@aunetx/locale/bg
config/includes.chroot/usr/share/gnome-shell/extensions/blur-my-shell@aunetx/locale/bg/LC_MESSAGES
config/includes.chroot/usr/share/gnome-shell/extensions/blur-my-shell@aunetx/locale/bg/LC_MESSAGES/blur-my-shell@aunetx.mo
config/includes.chroot/usr/share/gnome-shell/extensions/blur-my-shell@aunetx/locale/eo
config/includes.chroot/usr/share/gnome-shell/extensions/blur-my-shell@aunetx/locale/eo/LC_MESSAGES
config/includes.chroot/usr/share/gnome-shell/extensions/blur-my-shell@aunetx/locale/eo/LC_MESSAGES/blur-my-shell@aunetx.mo
config/includes.chroot/usr/share/gnome-shell/extensions/blur-my-shell@aunetx/locale/ja
config/includes.chroot/usr/share/gnome-shell/extensions/blur-my-shell@aunetx/locale/ja/LC_MESSAGES
config/includes.chroot/usr/share/gnome-shell/extensions/blur-my-shell@aunetx/locale/ja/LC_MESSAGES/blur-my-shell@aunetx.mo
config/includes.chroot/usr/share/gnome-shell/extensions/blur-my-shell@aunetx/locale/ar
config/includes.chroot/usr/share/gnome-shell/extensions/blur-my-shell@aunetx/locale/ar/LC_MESSAGES
config/includes.chroot/usr/share/gnome-shell/extensions/blur-my-shell@aunetx/locale/ar/LC_MESSAGES/blur-my-shell@aunetx.mo
config/includes.chroot/usr/share/gnome-shell/extensions/blur-my-shell@aunetx/locale/hu
config/includes.chroot/usr/share/gnome-shell/extensions/blur-my-shell@aunetx/locale/hu/LC_MESSAGES
config/includes.chroot/usr/share/gnome-shell/extensions/blur-my-shell@aunetx/locale/hu/LC_MESSAGES/blur-my-shell@aunetx.mo
config/includes.chroot/usr/share/gnome-shell/extensions/blur-my-shell@aunetx/locale/mrh
config/includes.chroot/usr/share/gnome-shell/extensions/blur-my-shell@aunetx/locale/mrh/LC_MESSAGES
config/includes.chroot/usr/share/gnome-shell/extensions/blur-my-shell@aunetx/locale/mrh/LC_MESSAGES/blur-my-shell@aunetx.mo
config/includes.chroot/usr/share/gnome-shell/extensions/blur-my-shell@aunetx/locale/nn
config/includes.chroot/usr/share/gnome-shell/extensions/blur-my-shell@aunetx/locale/nn/LC_MESSAGES
config/includes.chroot/usr/share/gnome-shell/extensions/blur-my-shell@aunetx/locale/nn/LC_MESSAGES/blur-my-shell@aunetx.mo
config/includes.chroot/usr/share/gnome-shell/extensions/blur-my-shell@aunetx/locale/ko
config/includes.chroot/usr/share/gnome-shell/extensions/blur-my-shell@aunetx/locale/ko/LC_MESSAGES
config/includes.chroot/usr/share/gnome-shell/extensions/blur-my-shell@aunetx/locale/ko/LC_MESSAGES/blur-my-shell@aunetx.mo
config/includes.chroot/usr/share/gnome-shell/extensions/blur-my-shell@aunetx/locale/be
config/includes.chroot/usr/share/gnome-shell/extensions/blur-my-shell@aunetx/locale/be/LC_MESSAGES
config/includes.chroot/usr/share/gnome-shell/extensions/blur-my-shell@aunetx/locale/be/LC_MESSAGES/blur-my-shell@aunetx.mo
config/includes.chroot/usr/share/gnome-shell/extensions/blur-my-shell@aunetx/locale/zh_CN
config/includes.chroot/usr/share/gnome-shell/extensions/blur-my-shell@aunetx/locale/zh_CN/LC_MESSAGES
config/includes.chroot/usr/share/gnome-shell/extensions/blur-my-shell@aunetx/locale/zh_CN/LC_MESSAGES/blur-my-shell@aunetx.mo
config/includes.chroot/usr/share/gnome-shell/extensions/blur-my-shell@aunetx/locale/uk
config/includes.chroot/usr/share/gnome-shell/extensions/blur-my-shell@aunetx/locale/uk/LC_MESSAGES
config/includes.chroot/usr/share/gnome-shell/extensions/blur-my-shell@aunetx/locale/uk/LC_MESSAGES/blur-my-shell@aunetx.mo
config/includes.chroot/usr/share/gnome-shell/extensions/blur-my-shell@aunetx/locale/ru
config/includes.chroot/usr/share/gnome-shell/extensions/blur-my-shell@aunetx/locale/ru/LC_MESSAGES
config/includes.chroot/usr/share/gnome-shell/extensions/blur-my-shell@aunetx/locale/ru/LC_MESSAGES/blur-my-shell@aunetx.mo
config/includes.chroot/usr/share/gnome-shell/extensions/blur-my-shell@aunetx/locale/my
config/includes.chroot/usr/share/gnome-shell/extensions/blur-my-shell@aunetx/locale/my/LC_MESSAGES
config/includes.chroot/usr/share/gnome-shell/extensions/blur-my-shell@aunetx/locale/my/LC_MESSAGES/blur-my-shell@aunetx.mo
config/includes.chroot/usr/share/gnome-shell/extensions/blur-my-shell@aunetx/locale/vi
config/includes.chroot/usr/share/gnome-shell/extensions/blur-my-shell@aunetx/locale/vi/LC_MESSAGES
config/includes.chroot/usr/share/gnome-shell/extensions/blur-my-shell@aunetx/locale/vi/LC_MESSAGES/blur-my-shell@aunetx.mo
config/includes.chroot/usr/share/gnome-shell/extensions/blur-my-shell@aunetx/locale/ka
config/includes.chroot/usr/share/gnome-shell/extensions/blur-my-shell@aunetx/locale/ka/LC_MESSAGES
config/includes.chroot/usr/share/gnome-shell/extensions/blur-my-shell@aunetx/locale/ka/LC_MESSAGES/blur-my-shell@aunetx.mo
config/includes.chroot/usr/share/gnome-shell/extensions/blur-my-shell@aunetx/locale/de
config/includes.chroot/usr/share/gnome-shell/extensions/blur-my-shell@aunetx/locale/de/LC_MESSAGES
config/includes.chroot/usr/share/gnome-shell/extensions/blur-my-shell@aunetx/locale/de/LC_MESSAGES/blur-my-shell@aunetx.mo
config/includes.chroot/usr/share/gnome-shell/extensions/blur-my-shell@aunetx/locale/az
config/includes.chroot/usr/share/gnome-shell/extensions/blur-my-shell@aunetx/locale/az/LC_MESSAGES
config/includes.chroot/usr/share/gnome-shell/extensions/blur-my-shell@aunetx/locale/az/LC_MESSAGES/blur-my-shell@aunetx.mo
config/includes.chroot/usr/share/gnome-shell/extensions/blur-my-shell@aunetx/locale/nb_NO
config/includes.chroot/usr/share/gnome-shell/extensions/blur-my-shell@aunetx/locale/nb_NO/LC_MESSAGES
config/includes.chroot/usr/share/gnome-shell/extensions/blur-my-shell@aunetx/locale/nb_NO/LC_MESSAGES/blur-my-shell@aunetx.mo
config/includes.chroot/usr/share/gnome-shell/extensions/blur-my-shell@aunetx/locale/pt_BR
config/includes.chroot/usr/share/gnome-shell/extensions/blur-my-shell@aunetx/locale/pt_BR/LC_MESSAGES
config/includes.chroot/usr/share/gnome-shell/extensions/blur-my-shell@aunetx/locale/pt_BR/LC_MESSAGES/blur-my-shell@aunetx.mo
config/includes.chroot/usr/share/gnome-shell/extensions/blur-my-shell@aunetx/locale/hi
config/includes.chroot/usr/share/gnome-shell/extensions/blur-my-shell@aunetx/locale/hi/LC_MESSAGES
config/includes.chroot/usr/share/gnome-shell/extensions/blur-my-shell@aunetx/locale/hi/LC_MESSAGES/blur-my-shell@aunetx.mo
config/includes.chroot/usr/share/gnome-shell/extensions/blur-my-shell@aunetx/locale/it
config/includes.chroot/usr/share/gnome-shell/extensions/blur-my-shell@aunetx/locale/it/LC_MESSAGES
config/includes.chroot/usr/share/gnome-shell/extensions/blur-my-shell@aunetx/locale/it/LC_MESSAGES/blur-my-shell@aunetx.mo
config/includes.chroot/usr/share/gnome-shell/extensions/blur-my-shell@aunetx/conveniences
config/includes.chroot/usr/share/gnome-shell/extensions/blur-my-shell@aunetx/conveniences/connections.js
config/includes.chroot/usr/share/gnome-shell/extensions/blur-my-shell@aunetx/conveniences/utils.js
config/includes.chroot/usr/share/gnome-shell/extensions/blur-my-shell@aunetx/conveniences/settings.js
config/includes.chroot/usr/share/gnome-shell/extensions/blur-my-shell@aunetx/conveniences/settings_updater.js
config/includes.chroot/usr/share/gnome-shell/extensions/blur-my-shell@aunetx/conveniences/dummy_pipeline.js
config/includes.chroot/usr/share/gnome-shell/extensions/blur-my-shell@aunetx/conveniences/pipelines_manager.js
config/includes.chroot/usr/share/gnome-shell/extensions/blur-my-shell@aunetx/conveniences/pipeline.js
config/includes.chroot/usr/share/gnome-shell/extensions/blur-my-shell@aunetx/conveniences/paint_signals.js
config/includes.chroot/usr/share/gnome-shell/extensions/blur-my-shell@aunetx/conveniences/keys.js
config/includes.chroot/usr/share/gnome-shell/extensions/blur-my-shell@aunetx/conveniences/effects_manager.js
config/includes.chroot/usr/share/gnome-shell/extensions/blur-my-shell@aunetx/dbus
config/includes.chroot/usr/share/gnome-shell/extensions/blur-my-shell@aunetx/dbus/iface.xml
config/includes.chroot/usr/share/gnome-shell/extensions/blur-my-shell@aunetx/dbus/client.js
config/includes.chroot/usr/share/gnome-shell/extensions/blur-my-shell@aunetx/dbus/services.js
config/includes.chroot/usr/share/gnome-shell/extensions/blur-my-shell@aunetx/preferences
config/includes.chroot/usr/share/gnome-shell/extensions/blur-my-shell@aunetx/preferences/applications_management
config/includes.chroot/usr/share/gnome-shell/extensions/blur-my-shell@aunetx/preferences/applications_management/application_row.js
config/includes.chroot/usr/share/gnome-shell/extensions/blur-my-shell@aunetx/preferences/panel.js
config/includes.chroot/usr/share/gnome-shell/extensions/blur-my-shell@aunetx/preferences/dash.js
config/includes.chroot/usr/share/gnome-shell/extensions/blur-my-shell@aunetx/preferences/applications.js
config/includes.chroot/usr/share/gnome-shell/extensions/blur-my-shell@aunetx/preferences/pipelines.js
config/includes.chroot/usr/share/gnome-shell/extensions/blur-my-shell@aunetx/preferences/other.js
config/includes.chroot/usr/share/gnome-shell/extensions/blur-my-shell@aunetx/preferences/pipelines_management
config/includes.chroot/usr/share/gnome-shell/extensions/blur-my-shell@aunetx/preferences/pipelines_management/effect_row.js
config/includes.chroot/usr/share/gnome-shell/extensions/blur-my-shell@aunetx/preferences/pipelines_management/effects_dialog.js
config/includes.chroot/usr/share/gnome-shell/extensions/blur-my-shell@aunetx/preferences/pipelines_management/pipeline_choose_row.js
config/includes.chroot/usr/share/gnome-shell/extensions/blur-my-shell@aunetx/preferences/pipelines_management/pipeline_group.js
config/includes.chroot/usr/share/gnome-shell/extensions/blur-my-shell@aunetx/preferences/overview.js
config/includes.chroot/usr/share/gnome-shell/extensions/blur-my-shell@aunetx/preferences/menu.js
config/includes.chroot/usr/share/gnome-shell/extensions/blur-my-shell@aunetx/ui
config/includes.chroot/usr/share/gnome-shell/extensions/blur-my-shell@aunetx/ui/pipeline-choose-row.ui
config/includes.chroot/usr/share/gnome-shell/extensions/blur-my-shell@aunetx/ui/pipelines.ui
config/includes.chroot/usr/share/gnome-shell/extensions/blur-my-shell@aunetx/ui/other.ui
config/includes.chroot/usr/share/gnome-shell/extensions/blur-my-shell@aunetx/ui/overview.ui
config/includes.chroot/usr/share/gnome-shell/extensions/blur-my-shell@aunetx/ui/effects-dialog.ui
config/includes.chroot/usr/share/gnome-shell/extensions/blur-my-shell@aunetx/ui/application-row.ui
config/includes.chroot/usr/share/gnome-shell/extensions/blur-my-shell@aunetx/ui/applications.ui
config/includes.chroot/usr/share/gnome-shell/extensions/blur-my-shell@aunetx/ui/menu.ui
config/includes.chroot/usr/share/gnome-shell/extensions/blur-my-shell@aunetx/ui/panel.ui
config/includes.chroot/usr/share/gnome-shell/extensions/blur-my-shell@aunetx/ui/pipeline-group.ui
config/includes.chroot/usr/share/gnome-shell/extensions/blur-my-shell@aunetx/ui/dash.ui
config/includes.chroot/usr/share/gnome-shell/extensions/caffeine@patapon.info
config/includes.chroot/usr/share/gnome-shell/extensions/caffeine@patapon.info/metadata.json
config/includes.chroot/usr/share/gnome-shell/extensions/caffeine@patapon.info/prefs.js
config/includes.chroot/usr/share/gnome-shell/extensions/caffeine@patapon.info/schemas
config/includes.chroot/usr/share/gnome-shell/extensions/caffeine@patapon.info/schemas/org.gnome.shell.extensions.caffeine.gschema.xml
config/includes.chroot/usr/share/gnome-shell/extensions/caffeine@patapon.info/schemas/gschemas.compiled
config/includes.chroot/usr/share/gnome-shell/extensions/caffeine@patapon.info/icons
config/includes.chroot/usr/share/gnome-shell/extensions/caffeine@patapon.info/icons/hicolor
config/includes.chroot/usr/share/gnome-shell/extensions/caffeine@patapon.info/icons/hicolor/scalable
config/includes.chroot/usr/share/gnome-shell/extensions/caffeine@patapon.info/icons/hicolor/scalable/actions
config/includes.chroot/usr/share/gnome-shell/extensions/caffeine@patapon.info/icons/hicolor/scalable/actions/caffeine-infinite-timer-symbolic.svg
config/includes.chroot/usr/share/gnome-shell/extensions/caffeine@patapon.info/icons/hicolor/scalable/actions/stopwatch-symbolic.svg
config/includes.chroot/usr/share/gnome-shell/extensions/caffeine@patapon.info/icons/hicolor/scalable/actions/general-symbolic.svg
config/includes.chroot/usr/share/gnome-shell/extensions/caffeine@patapon.info/icons/hicolor/scalable/actions/my-caffeine-off-symbolic.svg
config/includes.chroot/usr/share/gnome-shell/extensions/caffeine@patapon.info/icons/hicolor/scalable/actions/applications-symbolic.svg
config/includes.chroot/usr/share/gnome-shell/extensions/caffeine@patapon.info/icons/hicolor/scalable/actions/my-caffeine-on-symbolic.svg
config/includes.chroot/usr/share/gnome-shell/extensions/caffeine@patapon.info/icons/hicolor/scalable/actions/caffeine-long-timer-symbolic.svg
config/includes.chroot/usr/share/gnome-shell/extensions/caffeine@patapon.info/icons/hicolor/scalable/actions/caffeine-medium-timer-symbolic.svg
config/includes.chroot/usr/share/gnome-shell/extensions/caffeine@patapon.info/icons/hicolor/scalable/actions/caffeine-short-timer-symbolic.svg
config/includes.chroot/usr/share/gnome-shell/extensions/caffeine@patapon.info/extension.js
config/includes.chroot/usr/share/gnome-shell/extensions/caffeine@patapon.info/locale
config/includes.chroot/usr/share/gnome-shell/extensions/caffeine@patapon.info/locale/cs
config/includes.chroot/usr/share/gnome-shell/extensions/caffeine@patapon.info/locale/cs/LC_MESSAGES
config/includes.chroot/usr/share/gnome-shell/extensions/caffeine@patapon.info/locale/cs/LC_MESSAGES/gnome-shell-extension-caffeine.mo
config/includes.chroot/usr/share/gnome-shell/extensions/caffeine@patapon.info/locale/pl
config/includes.chroot/usr/share/gnome-shell/extensions/caffeine@patapon.info/locale/pl/LC_MESSAGES
config/includes.chroot/usr/share/gnome-shell/extensions/caffeine@patapon.info/locale/pl/LC_MESSAGES/gnome-shell-extension-caffeine.mo
config/includes.chroot/usr/share/gnome-shell/extensions/caffeine@patapon.info/locale/es
config/includes.chroot/usr/share/gnome-shell/extensions/caffeine@patapon.info/locale/es/LC_MESSAGES
config/includes.chroot/usr/share/gnome-shell/extensions/caffeine@patapon.info/locale/es/LC_MESSAGES/gnome-shell-extension-caffeine.mo
config/includes.chroot/usr/share/gnome-shell/extensions/caffeine@patapon.info/locale/sk
config/includes.chroot/usr/share/gnome-shell/extensions/caffeine@patapon.info/locale/sk/LC_MESSAGES
config/includes.chroot/usr/share/gnome-shell/extensions/caffeine@patapon.info/locale/sk/LC_MESSAGES/gnome-shell-extension-caffeine.mo
config/includes.chroot/usr/share/gnome-shell/extensions/caffeine@patapon.info/locale/pr_BR
config/includes.chroot/usr/share/gnome-shell/extensions/caffeine@patapon.info/locale/pr_BR/LC_MESSAGES
config/includes.chroot/usr/share/gnome-shell/extensions/caffeine@patapon.info/locale/pr_BR/LC_MESSAGES/gnome-shell-extension-caffeine.mo
config/includes.chroot/usr/share/gnome-shell/extensions/caffeine@patapon.info/locale/tr
config/includes.chroot/usr/share/gnome-shell/extensions/caffeine@patapon.info/locale/tr/LC_MESSAGES
config/includes.chroot/usr/share/gnome-shell/extensions/caffeine@patapon.info/locale/tr/LC_MESSAGES/gnome-shell-extension-caffeine.mo
config/includes.chroot/usr/share/gnome-shell/extensions/caffeine@patapon.info/locale/fr
config/includes.chroot/usr/share/gnome-shell/extensions/caffeine@patapon.info/locale/fr/LC_MESSAGES
config/includes.chroot/usr/share/gnome-shell/extensions/caffeine@patapon.info/locale/fr/LC_MESSAGES/gnome-shell-extension-caffeine.mo
config/includes.chroot/usr/share/gnome-shell/extensions/caffeine@patapon.info/locale/nl
config/includes.chroot/usr/share/gnome-shell/extensions/caffeine@patapon.info/locale/nl/LC_MESSAGES
config/includes.chroot/usr/share/gnome-shell/extensions/caffeine@patapon.info/locale/nl/LC_MESSAGES/gnome-shell-extension-caffeine.mo
config/includes.chroot/usr/share/gnome-shell/extensions/caffeine@patapon.info/locale/sv
config/includes.chroot/usr/share/gnome-shell/extensions/caffeine@patapon.info/locale/sv/LC_MESSAGES
config/includes.chroot/usr/share/gnome-shell/extensions/caffeine@patapon.info/locale/sv/LC_MESSAGES/gnome-shell-extension-caffeine.mo
config/includes.chroot/usr/share/gnome-shell/extensions/caffeine@patapon.info/locale/el
config/includes.chroot/usr/share/gnome-shell/extensions/caffeine@patapon.info/locale/el/LC_MESSAGES
config/includes.chroot/usr/share/gnome-shell/extensions/caffeine@patapon.info/locale/el/LC_MESSAGES/gnome-shell-extension-caffeine.mo
config/includes.chroot/usr/share/gnome-shell/extensions/caffeine@patapon.info/locale/ca
config/includes.chroot/usr/share/gnome-shell/extensions/caffeine@patapon.info/locale/ca/LC_MESSAGES
config/includes.chroot/usr/share/gnome-shell/extensions/caffeine@patapon.info/locale/ca/LC_MESSAGES/gnome-shell-extension-caffeine.mo
config/includes.chroot/usr/share/gnome-shell/extensions/caffeine@patapon.info/locale/pt_PT
config/includes.chroot/usr/share/gnome-shell/extensions/caffeine@patapon.info/locale/pt_PT/LC_MESSAGES
config/includes.chroot/usr/share/gnome-shell/extensions/caffeine@patapon.info/locale/pt_PT/LC_MESSAGES/gnome-shell-extension-caffeine.mo
config/includes.chroot/usr/share/gnome-shell/extensions/caffeine@patapon.info/locale/it_IT
config/includes.chroot/usr/share/gnome-shell/extensions/caffeine@patapon.info/locale/it_IT/LC_MESSAGES
config/includes.chroot/usr/share/gnome-shell/extensions/caffeine@patapon.info/locale/it_IT/LC_MESSAGES/gnome-shell-extension-caffeine.mo
config/includes.chroot/usr/share/gnome-shell/extensions/caffeine@patapon.info/locale/bg
config/includes.chroot/usr/share/gnome-shell/extensions/caffeine@patapon.info/locale/bg/LC_MESSAGES
config/includes.chroot/usr/share/gnome-shell/extensions/caffeine@patapon.info/locale/bg/LC_MESSAGES/gnome-shell-extension-caffeine.mo
config/includes.chroot/usr/share/gnome-shell/extensions/caffeine@patapon.info/locale/ja
config/includes.chroot/usr/share/gnome-shell/extensions/caffeine@patapon.info/locale/ja/LC_MESSAGES
config/includes.chroot/usr/share/gnome-shell/extensions/caffeine@patapon.info/locale/ja/LC_MESSAGES/gnome-shell-extension-caffeine.mo
config/includes.chroot/usr/share/gnome-shell/extensions/caffeine@patapon.info/locale/ar
config/includes.chroot/usr/share/gnome-shell/extensions/caffeine@patapon.info/locale/ar/LC_MESSAGES
config/includes.chroot/usr/share/gnome-shell/extensions/caffeine@patapon.info/locale/ar/LC_MESSAGES/gnome-shell-extension-caffeine.mo
config/includes.chroot/usr/share/gnome-shell/extensions/caffeine@patapon.info/locale/hu
config/includes.chroot/usr/share/gnome-shell/extensions/caffeine@patapon.info/locale/hu/LC_MESSAGES
config/includes.chroot/usr/share/gnome-shell/extensions/caffeine@patapon.info/locale/hu/LC_MESSAGES/gnome-shell-extension-caffeine.mo
config/includes.chroot/usr/share/gnome-shell/extensions/caffeine@patapon.info/locale/ko
config/includes.chroot/usr/share/gnome-shell/extensions/caffeine@patapon.info/locale/ko/LC_MESSAGES
config/includes.chroot/usr/share/gnome-shell/extensions/caffeine@patapon.info/locale/ko/LC_MESSAGES/gnome-shell-extension-caffeine.mo
config/includes.chroot/usr/share/gnome-shell/extensions/caffeine@patapon.info/locale/zh_CN
config/includes.chroot/usr/share/gnome-shell/extensions/caffeine@patapon.info/locale/zh_CN/LC_MESSAGES
config/includes.chroot/usr/share/gnome-shell/extensions/caffeine@patapon.info/locale/zh_CN/LC_MESSAGES/gnome-shell-extension-caffeine.mo
config/includes.chroot/usr/share/gnome-shell/extensions/caffeine@patapon.info/locale/uk
config/includes.chroot/usr/share/gnome-shell/extensions/caffeine@patapon.info/locale/uk/LC_MESSAGES
config/includes.chroot/usr/share/gnome-shell/extensions/caffeine@patapon.info/locale/uk/LC_MESSAGES/gnome-shell-extension-caffeine.mo
config/includes.chroot/usr/share/gnome-shell/extensions/caffeine@patapon.info/locale/ru
config/includes.chroot/usr/share/gnome-shell/extensions/caffeine@patapon.info/locale/ru/LC_MESSAGES
config/includes.chroot/usr/share/gnome-shell/extensions/caffeine@patapon.info/locale/ru/LC_MESSAGES/gnome-shell-extension-caffeine.mo
config/includes.chroot/usr/share/gnome-shell/extensions/caffeine@patapon.info/locale/ka
config/includes.chroot/usr/share/gnome-shell/extensions/caffeine@patapon.info/locale/ka/LC_MESSAGES
config/includes.chroot/usr/share/gnome-shell/extensions/caffeine@patapon.info/locale/ka/LC_MESSAGES/gnome-shell-extension-caffeine.mo
config/includes.chroot/usr/share/gnome-shell/extensions/caffeine@patapon.info/locale/de
config/includes.chroot/usr/share/gnome-shell/extensions/caffeine@patapon.info/locale/de/LC_MESSAGES
config/includes.chroot/usr/share/gnome-shell/extensions/caffeine@patapon.info/locale/de/LC_MESSAGES/gnome-shell-extension-caffeine.mo
config/includes.chroot/usr/share/gnome-shell/extensions/caffeine@patapon.info/mprisMediaPlayer2.js
config/includes.chroot/usr/share/gnome-shell/extensions/caffeine@patapon.info/preferences
config/includes.chroot/usr/share/gnome-shell/extensions/caffeine@patapon.info/preferences/generalPage.js
config/includes.chroot/usr/share/gnome-shell/extensions/caffeine@patapon.info/preferences/appsPage.js
config/includes.chroot/usr/share/gnome-shell/extensions/caffeine@patapon.info/preferences/displayPage.js
config/includes.chroot/usr/share/gnome-shell/extensions/caffeine@patapon.info/preferences/timerPage.js
config/includes.chroot/usr/share/gnome-shell/extensions/arcmenu@arcmenu.com
config/includes.chroot/usr/share/gnome-shell/extensions/arcmenu@arcmenu.com/constants.js
config/includes.chroot/usr/share/gnome-shell/extensions/arcmenu@arcmenu.com/metadata.json
config/includes.chroot/usr/share/gnome-shell/extensions/arcmenu@arcmenu.com/prefs.js
config/includes.chroot/usr/share/gnome-shell/extensions/arcmenu@arcmenu.com/schemas
config/includes.chroot/usr/share/gnome-shell/extensions/arcmenu@arcmenu.com/schemas/org.gnome.shell.extensions.arcmenu.gschema.xml
config/includes.chroot/usr/share/gnome-shell/extensions/arcmenu@arcmenu.com/schemas/gschemas.compiled
config/includes.chroot/usr/share/gnome-shell/extensions/arcmenu@arcmenu.com/arcmenuManager.js
config/includes.chroot/usr/share/gnome-shell/extensions/arcmenu@arcmenu.com/placeDisplay.js
config/includes.chroot/usr/share/gnome-shell/extensions/arcmenu@arcmenu.com/prefsWidgets.js
config/includes.chroot/usr/share/gnome-shell/extensions/arcmenu@arcmenu.com/menuWidgets.js
config/includes.chroot/usr/share/gnome-shell/extensions/arcmenu@arcmenu.com/standaloneRunner.js
config/includes.chroot/usr/share/gnome-shell/extensions/arcmenu@arcmenu.com/iconGrid.js
config/includes.chroot/usr/share/gnome-shell/extensions/arcmenu@arcmenu.com/searchProviders
config/includes.chroot/usr/share/gnome-shell/extensions/arcmenu@arcmenu.com/searchProviders/recentFiles.js
config/includes.chroot/usr/share/gnome-shell/extensions/arcmenu@arcmenu.com/searchProviders/searchProviderEmitter.js
config/includes.chroot/usr/share/gnome-shell/extensions/arcmenu@arcmenu.com/searchProviders/openWindows.js
config/includes.chroot/usr/share/gnome-shell/extensions/arcmenu@arcmenu.com/utils.js
config/includes.chroot/usr/share/gnome-shell/extensions/arcmenu@arcmenu.com/stylesheet.css
config/includes.chroot/usr/share/gnome-shell/extensions/arcmenu@arcmenu.com/menulayouts
config/includes.chroot/usr/share/gnome-shell/extensions/arcmenu@arcmenu.com/menulayouts/chromebook.js
config/includes.chroot/usr/share/gnome-shell/extensions/arcmenu@arcmenu.com/menulayouts/arcmenu.js
config/includes.chroot/usr/share/gnome-shell/extensions/arcmenu@arcmenu.com/menulayouts/elementary.js
config/includes.chroot/usr/share/gnome-shell/extensions/arcmenu@arcmenu.com/menulayouts/pop.js
config/includes.chroot/usr/share/gnome-shell/extensions/arcmenu@arcmenu.com/menulayouts/eleven.js
config/includes.chroot/usr/share/gnome-shell/extensions/arcmenu@arcmenu.com/menulayouts/sleek.js
config/includes.chroot/usr/share/gnome-shell/extensions/arcmenu@arcmenu.com/menulayouts/unity.js
config/includes.chroot/usr/share/gnome-shell/extensions/arcmenu@arcmenu.com/menulayouts/az.js
config/includes.chroot/usr/share/gnome-shell/extensions/arcmenu@arcmenu.com/menulayouts/brisk.js
config/includes.chroot/usr/share/gnome-shell/extensions/arcmenu@arcmenu.com/menulayouts/whisker.js
config/includes.chroot/usr/share/gnome-shell/extensions/arcmenu@arcmenu.com/menulayouts/layoutHandler.js
config/includes.chroot/usr/share/gnome-shell/extensions/arcmenu@arcmenu.com/menulayouts/windows.js
config/includes.chroot/usr/share/gnome-shell/extensions/arcmenu@arcmenu.com/menulayouts/plasma.js
config/includes.chroot/usr/share/gnome-shell/extensions/arcmenu@arcmenu.com/menulayouts/redmond.js
config/includes.chroot/usr/share/gnome-shell/extensions/arcmenu@arcmenu.com/menulayouts/zest.js
config/includes.chroot/usr/share/gnome-shell/extensions/arcmenu@arcmenu.com/menulayouts/baseMenuLayout.js
config/includes.chroot/usr/share/gnome-shell/extensions/arcmenu@arcmenu.com/menulayouts/enterprise.js
config/includes.chroot/usr/share/gnome-shell/extensions/arcmenu@arcmenu.com/menulayouts/runner.js
config/includes.chroot/usr/share/gnome-shell/extensions/arcmenu@arcmenu.com/menulayouts/gnomemenu.js
config/includes.chroot/usr/share/gnome-shell/extensions/arcmenu@arcmenu.com/menulayouts/tognee.js
config/includes.chroot/usr/share/gnome-shell/extensions/arcmenu@arcmenu.com/menulayouts/raven.js
config/includes.chroot/usr/share/gnome-shell/extensions/arcmenu@arcmenu.com/menulayouts/budgie.js
config/includes.chroot/usr/share/gnome-shell/extensions/arcmenu@arcmenu.com/menulayouts/insider.js
config/includes.chroot/usr/share/gnome-shell/extensions/arcmenu@arcmenu.com/menulayouts/mint.js
config/includes.chroot/usr/share/gnome-shell/extensions/arcmenu@arcmenu.com/extension.js
config/includes.chroot/usr/share/gnome-shell/extensions/arcmenu@arcmenu.com/keybinder.js
config/includes.chroot/usr/share/gnome-shell/extensions/arcmenu@arcmenu.com/data
config/includes.chroot/usr/share/gnome-shell/extensions/arcmenu@arcmenu.com/data/resources.gresource
config/includes.chroot/usr/share/gnome-shell/extensions/arcmenu@arcmenu.com/LICENSE
config/includes.chroot/usr/share/gnome-shell/extensions/arcmenu@arcmenu.com/recentFilesManager.js
config/includes.chroot/usr/share/gnome-shell/extensions/arcmenu@arcmenu.com/RELEASENOTES.md
config/includes.chroot/usr/share/gnome-shell/extensions/arcmenu@arcmenu.com/theming.js
config/includes.chroot/usr/share/gnome-shell/extensions/arcmenu@arcmenu.com/menuController.js
config/includes.chroot/usr/share/gnome-shell/extensions/arcmenu@arcmenu.com/search.js
config/includes.chroot/usr/share/gnome-shell/extensions/arcmenu@arcmenu.com/locale
config/includes.chroot/usr/share/gnome-shell/extensions/arcmenu@arcmenu.com/locale/he
config/includes.chroot/usr/share/gnome-shell/extensions/arcmenu@arcmenu.com/locale/he/LC_MESSAGES
config/includes.chroot/usr/share/gnome-shell/extensions/arcmenu@arcmenu.com/locale/he/LC_MESSAGES/arcmenu.mo
config/includes.chroot/usr/share/gnome-shell/extensions/arcmenu@arcmenu.com/locale/cs
config/includes.chroot/usr/share/gnome-shell/extensions/arcmenu@arcmenu.com/locale/cs/LC_MESSAGES
config/includes.chroot/usr/share/gnome-shell/extensions/arcmenu@arcmenu.com/locale/cs/LC_MESSAGES/arcmenu.mo
config/includes.chroot/usr/share/gnome-shell/extensions/arcmenu@arcmenu.com/locale/pl
config/includes.chroot/usr/share/gnome-shell/extensions/arcmenu@arcmenu.com/locale/pl/LC_MESSAGES
config/includes.chroot/usr/share/gnome-shell/extensions/arcmenu@arcmenu.com/locale/pl/LC_MESSAGES/arcmenu.mo
config/includes.chroot/usr/share/gnome-shell/extensions/arcmenu@arcmenu.com/locale/et
config/includes.chroot/usr/share/gnome-shell/extensions/arcmenu@arcmenu.com/locale/et/LC_MESSAGES
config/includes.chroot/usr/share/gnome-shell/extensions/arcmenu@arcmenu.com/locale/et/LC_MESSAGES/arcmenu.mo
config/includes.chroot/usr/share/gnome-shell/extensions/arcmenu@arcmenu.com/locale/id
config/includes.chroot/usr/share/gnome-shell/extensions/arcmenu@arcmenu.com/locale/id/LC_MESSAGES
config/includes.chroot/usr/share/gnome-shell/extensions/arcmenu@arcmenu.com/locale/id/LC_MESSAGES/arcmenu.mo
config/includes.chroot/usr/share/gnome-shell/extensions/arcmenu@arcmenu.com/locale/es
config/includes.chroot/usr/share/gnome-shell/extensions/arcmenu@arcmenu.com/locale/es/LC_MESSAGES
config/includes.chroot/usr/share/gnome-shell/extensions/arcmenu@arcmenu.com/locale/es/LC_MESSAGES/arcmenu.mo
config/includes.chroot/usr/share/gnome-shell/extensions/arcmenu@arcmenu.com/locale/fi
config/includes.chroot/usr/share/gnome-shell/extensions/arcmenu@arcmenu.com/locale/fi/LC_MESSAGES
config/includes.chroot/usr/share/gnome-shell/extensions/arcmenu@arcmenu.com/locale/fi/LC_MESSAGES/arcmenu.mo
config/includes.chroot/usr/share/gnome-shell/extensions/arcmenu@arcmenu.com/locale/sk
config/includes.chroot/usr/share/gnome-shell/extensions/arcmenu@arcmenu.com/locale/sk/LC_MESSAGES
config/includes.chroot/usr/share/gnome-shell/extensions/arcmenu@arcmenu.com/locale/sk/LC_MESSAGES/arcmenu.mo
config/includes.chroot/usr/share/gnome-shell/extensions/arcmenu@arcmenu.com/locale/da
config/includes.chroot/usr/share/gnome-shell/extensions/arcmenu@arcmenu.com/locale/da/LC_MESSAGES
config/includes.chroot/usr/share/gnome-shell/extensions/arcmenu@arcmenu.com/locale/da/LC_MESSAGES/arcmenu.mo
config/includes.chroot/usr/share/gnome-shell/extensions/arcmenu@arcmenu.com/locale/tr
config/includes.chroot/usr/share/gnome-shell/extensions/arcmenu@arcmenu.com/locale/tr/LC_MESSAGES
config/includes.chroot/usr/share/gnome-shell/extensions/arcmenu@arcmenu.com/locale/tr/LC_MESSAGES/arcmenu.mo
config/includes.chroot/usr/share/gnome-shell/extensions/arcmenu@arcmenu.com/locale/fr
config/includes.chroot/usr/share/gnome-shell/extensions/arcmenu@arcmenu.com/locale/fr/LC_MESSAGES
config/includes.chroot/usr/share/gnome-shell/extensions/arcmenu@arcmenu.com/locale/fr/LC_MESSAGES/arcmenu.mo
config/includes.chroot/usr/share/gnome-shell/extensions/arcmenu@arcmenu.com/locale/nl
config/includes.chroot/usr/share/gnome-shell/extensions/arcmenu@arcmenu.com/locale/nl/LC_MESSAGES
config/includes.chroot/usr/share/gnome-shell/extensions/arcmenu@arcmenu.com/locale/nl/LC_MESSAGES/arcmenu.mo
config/includes.chroot/usr/share/gnome-shell/extensions/arcmenu@arcmenu.com/locale/hi_IN
config/includes.chroot/usr/share/gnome-shell/extensions/arcmenu@arcmenu.com/locale/hi_IN/LC_MESSAGES
config/includes.chroot/usr/share/gnome-shell/extensions/arcmenu@arcmenu.com/locale/hi_IN/LC_MESSAGES/arcmenu.mo
config/includes.chroot/usr/share/gnome-shell/extensions/arcmenu@arcmenu.com/locale/oc
config/includes.chroot/usr/share/gnome-shell/extensions/arcmenu@arcmenu.com/locale/oc/LC_MESSAGES
config/includes.chroot/usr/share/gnome-shell/extensions/arcmenu@arcmenu.com/locale/oc/LC_MESSAGES/arcmenu.mo
config/includes.chroot/usr/share/gnome-shell/extensions/arcmenu@arcmenu.com/locale/sv
config/includes.chroot/usr/share/gnome-shell/extensions/arcmenu@arcmenu.com/locale/sv/LC_MESSAGES
config/includes.chroot/usr/share/gnome-shell/extensions/arcmenu@arcmenu.com/locale/sv/LC_MESSAGES/arcmenu.mo
config/includes.chroot/usr/share/gnome-shell/extensions/arcmenu@arcmenu.com/locale/el
config/includes.chroot/usr/share/gnome-shell/extensions/arcmenu@arcmenu.com/locale/el/LC_MESSAGES
config/includes.chroot/usr/share/gnome-shell/extensions/arcmenu@arcmenu.com/locale/el/LC_MESSAGES/arcmenu.mo
config/includes.chroot/usr/share/gnome-shell/extensions/arcmenu@arcmenu.com/locale/szl
config/includes.chroot/usr/share/gnome-shell/extensions/arcmenu@arcmenu.com/locale/szl/LC_MESSAGES
config/includes.chroot/usr/share/gnome-shell/extensions/arcmenu@arcmenu.com/locale/szl/LC_MESSAGES/arcmenu.mo
config/includes.chroot/usr/share/gnome-shell/extensions/arcmenu@arcmenu.com/locale/ca
config/includes.chroot/usr/share/gnome-shell/extensions/arcmenu@arcmenu.com/locale/ca/LC_MESSAGES
config/includes.chroot/usr/share/gnome-shell/extensions/arcmenu@arcmenu.com/locale/ca/LC_MESSAGES/arcmenu.mo
config/includes.chroot/usr/share/gnome-shell/extensions/arcmenu@arcmenu.com/locale/zh_TW
config/includes.chroot/usr/share/gnome-shell/extensions/arcmenu@arcmenu.com/locale/zh_TW/LC_MESSAGES
config/includes.chroot/usr/share/gnome-shell/extensions/arcmenu@arcmenu.com/locale/zh_TW/LC_MESSAGES/arcmenu.mo
config/includes.chroot/usr/share/gnome-shell/extensions/arcmenu@arcmenu.com/locale/bg
config/includes.chroot/usr/share/gnome-shell/extensions/arcmenu@arcmenu.com/locale/bg/LC_MESSAGES
config/includes.chroot/usr/share/gnome-shell/extensions/arcmenu@arcmenu.com/locale/bg/LC_MESSAGES/arcmenu.mo
config/includes.chroot/usr/share/gnome-shell/extensions/arcmenu@arcmenu.com/locale/ja
config/includes.chroot/usr/share/gnome-shell/extensions/arcmenu@arcmenu.com/locale/ja/LC_MESSAGES
config/includes.chroot/usr/share/gnome-shell/extensions/arcmenu@arcmenu.com/locale/ja/LC_MESSAGES/arcmenu.mo
config/includes.chroot/usr/share/gnome-shell/extensions/arcmenu@arcmenu.com/locale/ar
config/includes.chroot/usr/share/gnome-shell/extensions/arcmenu@arcmenu.com/locale/ar/LC_MESSAGES
config/includes.chroot/usr/share/gnome-shell/extensions/arcmenu@arcmenu.com/locale/ar/LC_MESSAGES/arcmenu.mo
config/includes.chroot/usr/share/gnome-shell/extensions/arcmenu@arcmenu.com/locale/hu
config/includes.chroot/usr/share/gnome-shell/extensions/arcmenu@arcmenu.com/locale/hu/LC_MESSAGES
config/includes.chroot/usr/share/gnome-shell/extensions/arcmenu@arcmenu.com/locale/hu/LC_MESSAGES/arcmenu.mo
config/includes.chroot/usr/share/gnome-shell/extensions/arcmenu@arcmenu.com/locale/si
config/includes.chroot/usr/share/gnome-shell/extensions/arcmenu@arcmenu.com/locale/si/LC_MESSAGES
config/includes.chroot/usr/share/gnome-shell/extensions/arcmenu@arcmenu.com/locale/si/LC_MESSAGES/arcmenu.mo
config/includes.chroot/usr/share/gnome-shell/extensions/arcmenu@arcmenu.com/locale/ko
config/includes.chroot/usr/share/gnome-shell/extensions/arcmenu@arcmenu.com/locale/ko/LC_MESSAGES
config/includes.chroot/usr/share/gnome-shell/extensions/arcmenu@arcmenu.com/locale/ko/LC_MESSAGES/arcmenu.mo
config/includes.chroot/usr/share/gnome-shell/extensions/arcmenu@arcmenu.com/locale/be
config/includes.chroot/usr/share/gnome-shell/extensions/arcmenu@arcmenu.com/locale/be/LC_MESSAGES
config/includes.chroot/usr/share/gnome-shell/extensions/arcmenu@arcmenu.com/locale/be/LC_MESSAGES/arcmenu.mo
config/includes.chroot/usr/share/gnome-shell/extensions/arcmenu@arcmenu.com/locale/sr
config/includes.chroot/usr/share/gnome-shell/extensions/arcmenu@arcmenu.com/locale/sr/LC_MESSAGES
config/includes.chroot/usr/share/gnome-shell/extensions/arcmenu@arcmenu.com/locale/sr/LC_MESSAGES/arcmenu.mo
config/includes.chroot/usr/share/gnome-shell/extensions/arcmenu@arcmenu.com/locale/zh_CN
config/includes.chroot/usr/share/gnome-shell/extensions/arcmenu@arcmenu.com/locale/zh_CN/LC_MESSAGES
config/includes.chroot/usr/share/gnome-shell/extensions/arcmenu@arcmenu.com/locale/zh_CN/LC_MESSAGES/arcmenu.mo
config/includes.chroot/usr/share/gnome-shell/extensions/arcmenu@arcmenu.com/locale/uk
config/includes.chroot/usr/share/gnome-shell/extensions/arcmenu@arcmenu.com/locale/uk/LC_MESSAGES
config/includes.chroot/usr/share/gnome-shell/extensions/arcmenu@arcmenu.com/locale/uk/LC_MESSAGES/arcmenu.mo
config/includes.chroot/usr/share/gnome-shell/extensions/arcmenu@arcmenu.com/locale/ru
config/includes.chroot/usr/share/gnome-shell/extensions/arcmenu@arcmenu.com/locale/ru/LC_MESSAGES
config/includes.chroot/usr/share/gnome-shell/extensions/arcmenu@arcmenu.com/locale/ru/LC_MESSAGES/arcmenu.mo
config/includes.chroot/usr/share/gnome-shell/extensions/arcmenu@arcmenu.com/locale/ka
config/includes.chroot/usr/share/gnome-shell/extensions/arcmenu@arcmenu.com/locale/ka/LC_MESSAGES
config/includes.chroot/usr/share/gnome-shell/extensions/arcmenu@arcmenu.com/locale/ka/LC_MESSAGES/arcmenu.mo
config/includes.chroot/usr/share/gnome-shell/extensions/arcmenu@arcmenu.com/locale/de
config/includes.chroot/usr/share/gnome-shell/extensions/arcmenu@arcmenu.com/locale/de/LC_MESSAGES
config/includes.chroot/usr/share/gnome-shell/extensions/arcmenu@arcmenu.com/locale/de/LC_MESSAGES/arcmenu.mo
config/includes.chroot/usr/share/gnome-shell/extensions/arcmenu@arcmenu.com/locale/nb_NO
config/includes.chroot/usr/share/gnome-shell/extensions/arcmenu@arcmenu.com/locale/nb_NO/LC_MESSAGES
config/includes.chroot/usr/share/gnome-shell/extensions/arcmenu@arcmenu.com/locale/nb_NO/LC_MESSAGES/arcmenu.mo
config/includes.chroot/usr/share/gnome-shell/extensions/arcmenu@arcmenu.com/locale/pt_BR
config/includes.chroot/usr/share/gnome-shell/extensions/arcmenu@arcmenu.com/locale/pt_BR/LC_MESSAGES
config/includes.chroot/usr/share/gnome-shell/extensions/arcmenu@arcmenu.com/locale/pt_BR/LC_MESSAGES/arcmenu.mo
config/includes.chroot/usr/share/gnome-shell/extensions/arcmenu@arcmenu.com/locale/sr@latin
config/includes.chroot/usr/share/gnome-shell/extensions/arcmenu@arcmenu.com/locale/sr@latin/LC_MESSAGES
config/includes.chroot/usr/share/gnome-shell/extensions/arcmenu@arcmenu.com/locale/sr@latin/LC_MESSAGES/arcmenu.mo
config/includes.chroot/usr/share/gnome-shell/extensions/arcmenu@arcmenu.com/locale/it
config/includes.chroot/usr/share/gnome-shell/extensions/arcmenu@arcmenu.com/locale/it/LC_MESSAGES
config/includes.chroot/usr/share/gnome-shell/extensions/arcmenu@arcmenu.com/locale/it/LC_MESSAGES/arcmenu.mo
config/includes.chroot/usr/share/gnome-shell/extensions/arcmenu@arcmenu.com/appMenu.js
config/includes.chroot/usr/share/gnome-shell/extensions/arcmenu@arcmenu.com/settings
config/includes.chroot/usr/share/gnome-shell/extensions/arcmenu@arcmenu.com/settings/generalPage.js
config/includes.chroot/usr/share/gnome-shell/extensions/arcmenu@arcmenu.com/settings/settingsUtils.js
config/includes.chroot/usr/share/gnome-shell/extensions/arcmenu@arcmenu.com/settings/menuButtonPage.js
config/includes.chroot/usr/share/gnome-shell/extensions/arcmenu@arcmenu.com/settings/menuPage.js
config/includes.chroot/usr/share/gnome-shell/extensions/arcmenu@arcmenu.com/settings/iconChooserDialog.js
config/includes.chroot/usr/share/gnome-shell/extensions/arcmenu@arcmenu.com/settings/donatePage.js
config/includes.chroot/usr/share/gnome-shell/extensions/arcmenu@arcmenu.com/settings/aboutPage.js
config/includes.chroot/usr/share/gnome-shell/extensions/arcmenu@arcmenu.com/settings/menuSettings
config/includes.chroot/usr/share/gnome-shell/extensions/arcmenu@arcmenu.com/settings/menuSettings/layoutsPage.js
config/includes.chroot/usr/share/gnome-shell/extensions/arcmenu@arcmenu.com/settings/menuSettings/fineTunePage.js
config/includes.chroot/usr/share/gnome-shell/extensions/arcmenu@arcmenu.com/settings/menuSettings/themingDialog.js
config/includes.chroot/usr/share/gnome-shell/extensions/arcmenu@arcmenu.com/settings/menuSettings/subPage.js
config/includes.chroot/usr/share/gnome-shell/extensions/arcmenu@arcmenu.com/settings/menuSettings/visualSettings.js
config/includes.chroot/usr/share/gnome-shell/extensions/arcmenu@arcmenu.com/settings/menuSettings/listOtherPage.js
config/includes.chroot/usr/share/gnome-shell/extensions/arcmenu@arcmenu.com/settings/menuSettings/layoutTweaksPage.js
config/includes.chroot/usr/share/gnome-shell/extensions/arcmenu@arcmenu.com/settings/menuSettings/searchOptionsPage.js
config/includes.chroot/usr/share/gnome-shell/extensions/arcmenu@arcmenu.com/settings/menuSettings/listPinnedPage.js
config/includes.chroot/usr/share/gnome-shell/extensions/arcmenu@arcmenu.com/settings/menuSettings/themePage.js
config/includes.chroot/usr/share/gnome-shell/extensions/arcmenu@arcmenu.com/README.md
config/includes.chroot/usr/share/gnome-shell/extensions/arcmenu@arcmenu.com/menuButton.js
config/includes.chroot/usr/share/gnome-shell/extensions/arcmenu@arcmenu.com/updateNotifier.js
config/includes.chroot/usr/share/gnome-shell/extensions/burn-my-windows@schneegans.github.com
config/includes.chroot/usr/share/gnome-shell/extensions/burn-my-windows@schneegans.github.com/metadata.json
config/includes.chroot/usr/share/gnome-shell/extensions/burn-my-windows@schneegans.github.com/prefs.js
config/includes.chroot/usr/share/gnome-shell/extensions/burn-my-windows@schneegans.github.com/schemas
config/includes.chroot/usr/share/gnome-shell/extensions/burn-my-windows@schneegans.github.com/schemas/org.gnome.shell.extensions.burn-my-windows.gschema.xml
config/includes.chroot/usr/share/gnome-shell/extensions/burn-my-windows@schneegans.github.com/schemas/org.gnome.shell.extensions.burn-my-windows-profile.gschema.xml
config/includes.chroot/usr/share/gnome-shell/extensions/burn-my-windows@schneegans.github.com/schemas/gschemas.compiled
config/includes.chroot/usr/share/gnome-shell/extensions/burn-my-windows@schneegans.github.com/extension.js
config/includes.chroot/usr/share/gnome-shell/extensions/burn-my-windows@schneegans.github.com/LICENSE
config/includes.chroot/usr/share/gnome-shell/extensions/burn-my-windows@schneegans.github.com/locale
config/includes.chroot/usr/share/gnome-shell/extensions/burn-my-windows@schneegans.github.com/locale/he
config/includes.chroot/usr/share/gnome-shell/extensions/burn-my-windows@schneegans.github.com/locale/he/LC_MESSAGES
config/includes.chroot/usr/share/gnome-shell/extensions/burn-my-windows@schneegans.github.com/locale/he/LC_MESSAGES/burn-my-windows.mo
config/includes.chroot/usr/share/gnome-shell/extensions/burn-my-windows@schneegans.github.com/locale/cs
config/includes.chroot/usr/share/gnome-shell/extensions/burn-my-windows@schneegans.github.com/locale/cs/LC_MESSAGES
config/includes.chroot/usr/share/gnome-shell/extensions/burn-my-windows@schneegans.github.com/locale/cs/LC_MESSAGES/burn-my-windows.mo
config/includes.chroot/usr/share/gnome-shell/extensions/burn-my-windows@schneegans.github.com/locale/ta
config/includes.chroot/usr/share/gnome-shell/extensions/burn-my-windows@schneegans.github.com/locale/ta/LC_MESSAGES
config/includes.chroot/usr/share/gnome-shell/extensions/burn-my-windows@schneegans.github.com/locale/ta/LC_MESSAGES/burn-my-windows.mo
config/includes.chroot/usr/share/gnome-shell/extensions/burn-my-windows@schneegans.github.com/locale/pl
config/includes.chroot/usr/share/gnome-shell/extensions/burn-my-windows@schneegans.github.com/locale/pl/LC_MESSAGES
config/includes.chroot/usr/share/gnome-shell/extensions/burn-my-windows@schneegans.github.com/locale/pl/LC_MESSAGES/burn-my-windows.mo
config/includes.chroot/usr/share/gnome-shell/extensions/burn-my-windows@schneegans.github.com/locale/et
config/includes.chroot/usr/share/gnome-shell/extensions/burn-my-windows@schneegans.github.com/locale/et/LC_MESSAGES
config/includes.chroot/usr/share/gnome-shell/extensions/burn-my-windows@schneegans.github.com/locale/et/LC_MESSAGES/burn-my-windows.mo
config/includes.chroot/usr/share/gnome-shell/extensions/burn-my-windows@schneegans.github.com/locale/id
config/includes.chroot/usr/share/gnome-shell/extensions/burn-my-windows@schneegans.github.com/locale/id/LC_MESSAGES
config/includes.chroot/usr/share/gnome-shell/extensions/burn-my-windows@schneegans.github.com/locale/id/LC_MESSAGES/burn-my-windows.mo
config/includes.chroot/usr/share/gnome-shell/extensions/burn-my-windows@schneegans.github.com/locale/es
config/includes.chroot/usr/share/gnome-shell/extensions/burn-my-windows@schneegans.github.com/locale/es/LC_MESSAGES
config/includes.chroot/usr/share/gnome-shell/extensions/burn-my-windows@schneegans.github.com/locale/es/LC_MESSAGES/burn-my-windows.mo
config/includes.chroot/usr/share/gnome-shell/extensions/burn-my-windows@schneegans.github.com/locale/fi
config/includes.chroot/usr/share/gnome-shell/extensions/burn-my-windows@schneegans.github.com/locale/fi/LC_MESSAGES
config/includes.chroot/usr/share/gnome-shell/extensions/burn-my-windows@schneegans.github.com/locale/fi/LC_MESSAGES/burn-my-windows.mo
config/includes.chroot/usr/share/gnome-shell/extensions/burn-my-windows@schneegans.github.com/locale/ro
config/includes.chroot/usr/share/gnome-shell/extensions/burn-my-windows@schneegans.github.com/locale/ro/LC_MESSAGES
config/includes.chroot/usr/share/gnome-shell/extensions/burn-my-windows@schneegans.github.com/locale/ro/LC_MESSAGES/burn-my-windows.mo
config/includes.chroot/usr/share/gnome-shell/extensions/burn-my-windows@schneegans.github.com/locale/sk
config/includes.chroot/usr/share/gnome-shell/extensions/burn-my-windows@schneegans.github.com/locale/sk/LC_MESSAGES
config/includes.chroot/usr/share/gnome-shell/extensions/burn-my-windows@schneegans.github.com/locale/sk/LC_MESSAGES/burn-my-windows.mo
config/includes.chroot/usr/share/gnome-shell/extensions/burn-my-windows@schneegans.github.com/locale/da
config/includes.chroot/usr/share/gnome-shell/extensions/burn-my-windows@schneegans.github.com/locale/da/LC_MESSAGES
config/includes.chroot/usr/share/gnome-shell/extensions/burn-my-windows@schneegans.github.com/locale/da/LC_MESSAGES/burn-my-windows.mo
config/includes.chroot/usr/share/gnome-shell/extensions/burn-my-windows@schneegans.github.com/locale/tr
config/includes.chroot/usr/share/gnome-shell/extensions/burn-my-windows@schneegans.github.com/locale/tr/LC_MESSAGES
config/includes.chroot/usr/share/gnome-shell/extensions/burn-my-windows@schneegans.github.com/locale/tr/LC_MESSAGES/burn-my-windows.mo
config/includes.chroot/usr/share/gnome-shell/extensions/burn-my-windows@schneegans.github.com/locale/fr
config/includes.chroot/usr/share/gnome-shell/extensions/burn-my-windows@schneegans.github.com/locale/fr/LC_MESSAGES
config/includes.chroot/usr/share/gnome-shell/extensions/burn-my-windows@schneegans.github.com/locale/fr/LC_MESSAGES/burn-my-windows.mo
config/includes.chroot/usr/share/gnome-shell/extensions/burn-my-windows@schneegans.github.com/locale/fa
config/includes.chroot/usr/share/gnome-shell/extensions/burn-my-windows@schneegans.github.com/locale/fa/LC_MESSAGES
config/includes.chroot/usr/share/gnome-shell/extensions/burn-my-windows@schneegans.github.com/locale/fa/LC_MESSAGES/burn-my-windows.mo
config/includes.chroot/usr/share/gnome-shell/extensions/burn-my-windows@schneegans.github.com/locale/nl
config/includes.chroot/usr/share/gnome-shell/extensions/burn-my-windows@schneegans.github.com/locale/nl/LC_MESSAGES
config/includes.chroot/usr/share/gnome-shell/extensions/burn-my-windows@schneegans.github.com/locale/nl/LC_MESSAGES/burn-my-windows.mo
config/includes.chroot/usr/share/gnome-shell/extensions/burn-my-windows@schneegans.github.com/locale/lt
config/includes.chroot/usr/share/gnome-shell/extensions/burn-my-windows@schneegans.github.com/locale/lt/LC_MESSAGES
config/includes.chroot/usr/share/gnome-shell/extensions/burn-my-windows@schneegans.github.com/locale/lt/LC_MESSAGES/burn-my-windows.mo
config/includes.chroot/usr/share/gnome-shell/extensions/burn-my-windows@schneegans.github.com/locale/pt
config/includes.chroot/usr/share/gnome-shell/extensions/burn-my-windows@schneegans.github.com/locale/pt/LC_MESSAGES
config/includes.chroot/usr/share/gnome-shell/extensions/burn-my-windows@schneegans.github.com/locale/pt/LC_MESSAGES/burn-my-windows.mo
config/includes.chroot/usr/share/gnome-shell/extensions/burn-my-windows@schneegans.github.com/locale/sv
config/includes.chroot/usr/share/gnome-shell/extensions/burn-my-windows@schneegans.github.com/locale/sv/LC_MESSAGES
config/includes.chroot/usr/share/gnome-shell/extensions/burn-my-windows@schneegans.github.com/locale/sv/LC_MESSAGES/burn-my-windows.mo
config/includes.chroot/usr/share/gnome-shell/extensions/burn-my-windows@schneegans.github.com/locale/zh_Hant
config/includes.chroot/usr/share/gnome-shell/extensions/burn-my-windows@schneegans.github.com/locale/zh_Hant/LC_MESSAGES
config/includes.chroot/usr/share/gnome-shell/extensions/burn-my-windows@schneegans.github.com/locale/zh_Hant/LC_MESSAGES/burn-my-windows.mo
config/includes.chroot/usr/share/gnome-shell/extensions/burn-my-windows@schneegans.github.com/locale/el
config/includes.chroot/usr/share/gnome-shell/extensions/burn-my-windows@schneegans.github.com/locale/el/LC_MESSAGES
config/includes.chroot/usr/share/gnome-shell/extensions/burn-my-windows@schneegans.github.com/locale/el/LC_MESSAGES/burn-my-windows.mo
config/includes.chroot/usr/share/gnome-shell/extensions/burn-my-windows@schneegans.github.com/locale/zh_Hans
config/includes.chroot/usr/share/gnome-shell/extensions/burn-my-windows@schneegans.github.com/locale/zh_Hans/LC_MESSAGES
config/includes.chroot/usr/share/gnome-shell/extensions/burn-my-windows@schneegans.github.com/locale/zh_Hans/LC_MESSAGES/burn-my-windows.mo
config/includes.chroot/usr/share/gnome-shell/extensions/burn-my-windows@schneegans.github.com/locale/ota
config/includes.chroot/usr/share/gnome-shell/extensions/burn-my-windows@schneegans.github.com/locale/ota/LC_MESSAGES
config/includes.chroot/usr/share/gnome-shell/extensions/burn-my-windows@schneegans.github.com/locale/ota/LC_MESSAGES/burn-my-windows.mo
config/includes.chroot/usr/share/gnome-shell/extensions/burn-my-windows@schneegans.github.com/locale/eo
config/includes.chroot/usr/share/gnome-shell/extensions/burn-my-windows@schneegans.github.com/locale/eo/LC_MESSAGES
config/includes.chroot/usr/share/gnome-shell/extensions/burn-my-windows@schneegans.github.com/locale/eo/LC_MESSAGES/burn-my-windows.mo
config/includes.chroot/usr/share/gnome-shell/extensions/burn-my-windows@schneegans.github.com/locale/ja
config/includes.chroot/usr/share/gnome-shell/extensions/burn-my-windows@schneegans.github.com/locale/ja/LC_MESSAGES
config/includes.chroot/usr/share/gnome-shell/extensions/burn-my-windows@schneegans.github.com/locale/ja/LC_MESSAGES/burn-my-windows.mo
config/includes.chroot/usr/share/gnome-shell/extensions/burn-my-windows@schneegans.github.com/locale/ar
config/includes.chroot/usr/share/gnome-shell/extensions/burn-my-windows@schneegans.github.com/locale/ar/LC_MESSAGES
config/includes.chroot/usr/share/gnome-shell/extensions/burn-my-windows@schneegans.github.com/locale/ar/LC_MESSAGES/burn-my-windows.mo
config/includes.chroot/usr/share/gnome-shell/extensions/burn-my-windows@schneegans.github.com/locale/hu
config/includes.chroot/usr/share/gnome-shell/extensions/burn-my-windows@schneegans.github.com/locale/hu/LC_MESSAGES
config/includes.chroot/usr/share/gnome-shell/extensions/burn-my-windows@schneegans.github.com/locale/hu/LC_MESSAGES/burn-my-windows.mo
config/includes.chroot/usr/share/gnome-shell/extensions/burn-my-windows@schneegans.github.com/locale/ko
config/includes.chroot/usr/share/gnome-shell/extensions/burn-my-windows@schneegans.github.com/locale/ko/LC_MESSAGES
config/includes.chroot/usr/share/gnome-shell/extensions/burn-my-windows@schneegans.github.com/locale/ko/LC_MESSAGES/burn-my-windows.mo
config/includes.chroot/usr/share/gnome-shell/extensions/burn-my-windows@schneegans.github.com/locale/uk
config/includes.chroot/usr/share/gnome-shell/extensions/burn-my-windows@schneegans.github.com/locale/uk/LC_MESSAGES
config/includes.chroot/usr/share/gnome-shell/extensions/burn-my-windows@schneegans.github.com/locale/uk/LC_MESSAGES/burn-my-windows.mo
config/includes.chroot/usr/share/gnome-shell/extensions/burn-my-windows@schneegans.github.com/locale/ru
config/includes.chroot/usr/share/gnome-shell/extensions/burn-my-windows@schneegans.github.com/locale/ru/LC_MESSAGES
config/includes.chroot/usr/share/gnome-shell/extensions/burn-my-windows@schneegans.github.com/locale/ru/LC_MESSAGES/burn-my-windows.mo
config/includes.chroot/usr/share/gnome-shell/extensions/burn-my-windows@schneegans.github.com/locale/kab
config/includes.chroot/usr/share/gnome-shell/extensions/burn-my-windows@schneegans.github.com/locale/kab/LC_MESSAGES
config/includes.chroot/usr/share/gnome-shell/extensions/burn-my-windows@schneegans.github.com/locale/kab/LC_MESSAGES/burn-my-windows.mo
config/includes.chroot/usr/share/gnome-shell/extensions/burn-my-windows@schneegans.github.com/locale/de
config/includes.chroot/usr/share/gnome-shell/extensions/burn-my-windows@schneegans.github.com/locale/de/LC_MESSAGES
config/includes.chroot/usr/share/gnome-shell/extensions/burn-my-windows@schneegans.github.com/locale/de/LC_MESSAGES/burn-my-windows.mo
config/includes.chroot/usr/share/gnome-shell/extensions/burn-my-windows@schneegans.github.com/locale/az
config/includes.chroot/usr/share/gnome-shell/extensions/burn-my-windows@schneegans.github.com/locale/az/LC_MESSAGES
config/includes.chroot/usr/share/gnome-shell/extensions/burn-my-windows@schneegans.github.com/locale/az/LC_MESSAGES/burn-my-windows.mo
config/includes.chroot/usr/share/gnome-shell/extensions/burn-my-windows@schneegans.github.com/locale/nb_NO
config/includes.chroot/usr/share/gnome-shell/extensions/burn-my-windows@schneegans.github.com/locale/nb_NO/LC_MESSAGES
config/includes.chroot/usr/share/gnome-shell/extensions/burn-my-windows@schneegans.github.com/locale/nb_NO/LC_MESSAGES/burn-my-windows.mo
config/includes.chroot/usr/share/gnome-shell/extensions/burn-my-windows@schneegans.github.com/locale/pt_BR
config/includes.chroot/usr/share/gnome-shell/extensions/burn-my-windows@schneegans.github.com/locale/pt_BR/LC_MESSAGES
config/includes.chroot/usr/share/gnome-shell/extensions/burn-my-windows@schneegans.github.com/locale/pt_BR/LC_MESSAGES/burn-my-windows.mo
config/includes.chroot/usr/share/gnome-shell/extensions/burn-my-windows@schneegans.github.com/locale/hi
config/includes.chroot/usr/share/gnome-shell/extensions/burn-my-windows@schneegans.github.com/locale/hi/LC_MESSAGES
config/includes.chroot/usr/share/gnome-shell/extensions/burn-my-windows@schneegans.github.com/locale/hi/LC_MESSAGES/burn-my-windows.mo
config/includes.chroot/usr/share/gnome-shell/extensions/burn-my-windows@schneegans.github.com/locale/it
config/includes.chroot/usr/share/gnome-shell/extensions/burn-my-windows@schneegans.github.com/locale/it/LC_MESSAGES
config/includes.chroot/usr/share/gnome-shell/extensions/burn-my-windows@schneegans.github.com/locale/it/LC_MESSAGES/burn-my-windows.mo
config/includes.chroot/usr/share/gnome-shell/extensions/burn-my-windows@schneegans.github.com/resources
config/includes.chroot/usr/share/gnome-shell/extensions/burn-my-windows@schneegans.github.com/resources/burn-my-windows.gresource
config/includes.chroot/usr/share/gnome-shell/extensions/burn-my-windows@schneegans.github.com/src
config/includes.chroot/usr/share/gnome-shell/extensions/burn-my-windows@schneegans.github.com/src/migrate.js
config/includes.chroot/usr/share/gnome-shell/extensions/burn-my-windows@schneegans.github.com/src/effects
config/includes.chroot/usr/share/gnome-shell/extensions/burn-my-windows@schneegans.github.com/src/effects/Fire.js
config/includes.chroot/usr/share/gnome-shell/extensions/burn-my-windows@schneegans.github.com/src/effects/SnapOfDisintegration.js
config/includes.chroot/usr/share/gnome-shell/extensions/burn-my-windows@schneegans.github.com/src/effects/Matrix.js
config/includes.chroot/usr/share/gnome-shell/extensions/burn-my-windows@schneegans.github.com/src/effects/Apparition.js
config/includes.chroot/usr/share/gnome-shell/extensions/burn-my-windows@schneegans.github.com/src/effects/TVGlitch.js
config/includes.chroot/usr/share/gnome-shell/extensions/burn-my-windows@schneegans.github.com/src/effects/AuraGlow.js
config/includes.chroot/usr/share/gnome-shell/extensions/burn-my-windows@schneegans.github.com/src/effects/RGBWarp.js
config/includes.chroot/usr/share/gnome-shell/extensions/burn-my-windows@schneegans.github.com/src/effects/TVEffect.js
config/includes.chroot/usr/share/gnome-shell/extensions/burn-my-windows@schneegans.github.com/src/effects/PixelWipe.js
config/includes.chroot/usr/share/gnome-shell/extensions/burn-my-windows@schneegans.github.com/src/effects/Glide.js
config/includes.chroot/usr/share/gnome-shell/extensions/burn-my-windows@schneegans.github.com/src/effects/EnergizeA.js
config/includes.chroot/usr/share/gnome-shell/extensions/burn-my-windows@schneegans.github.com/src/effects/Incinerate.js
config/includes.chroot/usr/share/gnome-shell/extensions/burn-my-windows@schneegans.github.com/src/effects/EnergizeB.js
config/includes.chroot/usr/share/gnome-shell/extensions/burn-my-windows@schneegans.github.com/src/effects/Portal.js
config/includes.chroot/usr/share/gnome-shell/extensions/burn-my-windows@schneegans.github.com/src/effects/Pixelate.js
config/includes.chroot/usr/share/gnome-shell/extensions/burn-my-windows@schneegans.github.com/src/effects/Focus.js
config/includes.chroot/usr/share/gnome-shell/extensions/burn-my-windows@schneegans.github.com/src/effects/PaintBrush.js
config/includes.chroot/usr/share/gnome-shell/extensions/burn-my-windows@schneegans.github.com/src/effects/TRexAttack.js
config/includes.chroot/usr/share/gnome-shell/extensions/burn-my-windows@schneegans.github.com/src/effects/Doom.js
config/includes.chroot/usr/share/gnome-shell/extensions/burn-my-windows@schneegans.github.com/src/effects/BrokenGlass.js
config/includes.chroot/usr/share/gnome-shell/extensions/burn-my-windows@schneegans.github.com/src/effects/TeamRocket.js
config/includes.chroot/usr/share/gnome-shell/extensions/burn-my-windows@schneegans.github.com/src/effects/Wisps.js
config/includes.chroot/usr/share/gnome-shell/extensions/burn-my-windows@schneegans.github.com/src/effects/Mushroom.js
config/includes.chroot/usr/share/gnome-shell/extensions/burn-my-windows@schneegans.github.com/src/effects/Glitch.js
config/includes.chroot/usr/share/gnome-shell/extensions/burn-my-windows@schneegans.github.com/src/effects/PixelWheel.js
config/includes.chroot/usr/share/gnome-shell/extensions/burn-my-windows@schneegans.github.com/src/effects/Hexagon.js
config/includes.chroot/usr/share/gnome-shell/extensions/burn-my-windows@schneegans.github.com/src/utils.js
config/includes.chroot/usr/share/gnome-shell/extensions/burn-my-windows@schneegans.github.com/src/Shader.js
config/includes.chroot/usr/share/gnome-shell/extensions/burn-my-windows@schneegans.github.com/src/ProfileManager.js
config/includes.chroot/usr/share/gnome-shell/extensions/burn-my-windows@schneegans.github.com/src/WindowPicker.js
config/includes.chroot/usr/share/gnome-shell/extensions/burn-my-windows@schneegans.github.com/src/ShaderFactory.js
config/includes.chroot/usr/share/gnome-shell/extensions/window-switcher@tbepdb
config/includes.chroot/usr/share/gnome-shell/extensions/window-switcher@tbepdb/metadata.json
config/includes.chroot/usr/share/gnome-shell/extensions/window-switcher@tbepdb/prefs.js
config/includes.chroot/usr/share/gnome-shell/extensions/window-switcher@tbepdb/schemas
config/includes.chroot/usr/share/gnome-shell/extensions/window-switcher@tbepdb/schemas/org.gnome.shell.extensions.window-switcher.gschema.xml
config/includes.chroot/usr/share/gnome-shell/extensions/window-switcher@tbepdb/schemas/gschemas.compiled
config/includes.chroot/usr/share/gnome-shell/extensions/window-switcher@tbepdb/extension.js
config/includes.chroot/usr/share/gnome-shell/extensions/gsconnect@andyholmes.github.io
config/includes.chroot/usr/share/gnome-shell/extensions/gsconnect@andyholmes.github.io/metadata.json
config/includes.chroot/usr/share/gnome-shell/extensions/gsconnect@andyholmes.github.io/prefs.js
config/includes.chroot/usr/share/gnome-shell/extensions/gsconnect@andyholmes.github.io/schemas
config/includes.chroot/usr/share/gnome-shell/extensions/gsconnect@andyholmes.github.io/schemas/org.gnome.Shell.Extensions.GSConnect.gschema.xml
config/includes.chroot/usr/share/gnome-shell/extensions/gsconnect@andyholmes.github.io/schemas/gschemas.compiled
config/includes.chroot/usr/share/gnome-shell/extensions/gsconnect@andyholmes.github.io/gsconnect-preferences.js
config/includes.chroot/usr/share/gnome-shell/extensions/gsconnect@andyholmes.github.io/config.js
config/includes.chroot/usr/share/gnome-shell/extensions/gsconnect@andyholmes.github.io/stylesheet.css
config/includes.chroot/usr/share/gnome-shell/extensions/gsconnect@andyholmes.github.io/extension.js
config/includes.chroot/usr/share/gnome-shell/extensions/gsconnect@andyholmes.github.io/wl_clipboard.js
config/includes.chroot/usr/share/gnome-shell/extensions/gsconnect@andyholmes.github.io/utils
config/includes.chroot/usr/share/gnome-shell/extensions/gsconnect@andyholmes.github.io/utils/setup.js
config/includes.chroot/usr/share/gnome-shell/extensions/gsconnect@andyholmes.github.io/utils/remote.js
config/includes.chroot/usr/share/gnome-shell/extensions/gsconnect@andyholmes.github.io/utils/exceptions.js
config/includes.chroot/usr/share/gnome-shell/extensions/gsconnect@andyholmes.github.io/gsconnect-preferences
config/includes.chroot/usr/share/gnome-shell/extensions/gsconnect@andyholmes.github.io/locale
config/includes.chroot/usr/share/gnome-shell/extensions/gsconnect@andyholmes.github.io/locale/he
config/includes.chroot/usr/share/gnome-shell/extensions/gsconnect@andyholmes.github.io/locale/he/LC_MESSAGES
config/includes.chroot/usr/share/gnome-shell/extensions/gsconnect@andyholmes.github.io/locale/he/LC_MESSAGES/org.gnome.Shell.Extensions.GSConnect.mo
config/includes.chroot/usr/share/gnome-shell/extensions/gsconnect@andyholmes.github.io/locale/cs
config/includes.chroot/usr/share/gnome-shell/extensions/gsconnect@andyholmes.github.io/locale/cs/LC_MESSAGES
config/includes.chroot/usr/share/gnome-shell/extensions/gsconnect@andyholmes.github.io/locale/cs/LC_MESSAGES/org.gnome.Shell.Extensions.GSConnect.mo
config/includes.chroot/usr/share/gnome-shell/extensions/gsconnect@andyholmes.github.io/locale/pl
config/includes.chroot/usr/share/gnome-shell/extensions/gsconnect@andyholmes.github.io/locale/pl/LC_MESSAGES
config/includes.chroot/usr/share/gnome-shell/extensions/gsconnect@andyholmes.github.io/locale/pl/LC_MESSAGES/org.gnome.Shell.Extensions.GSConnect.mo
config/includes.chroot/usr/share/gnome-shell/extensions/gsconnect@andyholmes.github.io/locale/et
config/includes.chroot/usr/share/gnome-shell/extensions/gsconnect@andyholmes.github.io/locale/et/LC_MESSAGES
config/includes.chroot/usr/share/gnome-shell/extensions/gsconnect@andyholmes.github.io/locale/et/LC_MESSAGES/org.gnome.Shell.Extensions.GSConnect.mo
config/includes.chroot/usr/share/gnome-shell/extensions/gsconnect@andyholmes.github.io/locale/id
config/includes.chroot/usr/share/gnome-shell/extensions/gsconnect@andyholmes.github.io/locale/id/LC_MESSAGES
config/includes.chroot/usr/share/gnome-shell/extensions/gsconnect@andyholmes.github.io/locale/id/LC_MESSAGES/org.gnome.Shell.Extensions.GSConnect.mo
config/includes.chroot/usr/share/gnome-shell/extensions/gsconnect@andyholmes.github.io/locale/es
config/includes.chroot/usr/share/gnome-shell/extensions/gsconnect@andyholmes.github.io/locale/es/LC_MESSAGES
config/includes.chroot/usr/share/gnome-shell/extensions/gsconnect@andyholmes.github.io/locale/es/LC_MESSAGES/org.gnome.Shell.Extensions.GSConnect.mo
config/includes.chroot/usr/share/gnome-shell/extensions/gsconnect@andyholmes.github.io/locale/fi
config/includes.chroot/usr/share/gnome-shell/extensions/gsconnect@andyholmes.github.io/locale/fi/LC_MESSAGES
config/includes.chroot/usr/share/gnome-shell/extensions/gsconnect@andyholmes.github.io/locale/fi/LC_MESSAGES/org.gnome.Shell.Extensions.GSConnect.mo
config/includes.chroot/usr/share/gnome-shell/extensions/gsconnect@andyholmes.github.io/locale/ro
config/includes.chroot/usr/share/gnome-shell/extensions/gsconnect@andyholmes.github.io/locale/ro/LC_MESSAGES
config/includes.chroot/usr/share/gnome-shell/extensions/gsconnect@andyholmes.github.io/locale/ro/LC_MESSAGES/org.gnome.Shell.Extensions.GSConnect.mo
config/includes.chroot/usr/share/gnome-shell/extensions/gsconnect@andyholmes.github.io/locale/sk
config/includes.chroot/usr/share/gnome-shell/extensions/gsconnect@andyholmes.github.io/locale/sk/LC_MESSAGES
config/includes.chroot/usr/share/gnome-shell/extensions/gsconnect@andyholmes.github.io/locale/sk/LC_MESSAGES/org.gnome.Shell.Extensions.GSConnect.mo
config/includes.chroot/usr/share/gnome-shell/extensions/gsconnect@andyholmes.github.io/locale/da
config/includes.chroot/usr/share/gnome-shell/extensions/gsconnect@andyholmes.github.io/locale/da/LC_MESSAGES
config/includes.chroot/usr/share/gnome-shell/extensions/gsconnect@andyholmes.github.io/locale/da/LC_MESSAGES/org.gnome.Shell.Extensions.GSConnect.mo
config/includes.chroot/usr/share/gnome-shell/extensions/gsconnect@andyholmes.github.io/locale/tr
config/includes.chroot/usr/share/gnome-shell/extensions/gsconnect@andyholmes.github.io/locale/tr/LC_MESSAGES
config/includes.chroot/usr/share/gnome-shell/extensions/gsconnect@andyholmes.github.io/locale/tr/LC_MESSAGES/org.gnome.Shell.Extensions.GSConnect.mo
config/includes.chroot/usr/share/gnome-shell/extensions/gsconnect@andyholmes.github.io/locale/fr
config/includes.chroot/usr/share/gnome-shell/extensions/gsconnect@andyholmes.github.io/locale/fr/LC_MESSAGES
config/includes.chroot/usr/share/gnome-shell/extensions/gsconnect@andyholmes.github.io/locale/fr/LC_MESSAGES/org.gnome.Shell.Extensions.GSConnect.mo
config/includes.chroot/usr/share/gnome-shell/extensions/gsconnect@andyholmes.github.io/locale/gl
config/includes.chroot/usr/share/gnome-shell/extensions/gsconnect@andyholmes.github.io/locale/gl/LC_MESSAGES
config/includes.chroot/usr/share/gnome-shell/extensions/gsconnect@andyholmes.github.io/locale/gl/LC_MESSAGES/org.gnome.Shell.Extensions.GSConnect.mo
config/includes.chroot/usr/share/gnome-shell/extensions/gsconnect@andyholmes.github.io/locale/fa
config/includes.chroot/usr/share/gnome-shell/extensions/gsconnect@andyholmes.github.io/locale/fa/LC_MESSAGES
config/includes.chroot/usr/share/gnome-shell/extensions/gsconnect@andyholmes.github.io/locale/fa/LC_MESSAGES/org.gnome.Shell.Extensions.GSConnect.mo
config/includes.chroot/usr/share/gnome-shell/extensions/gsconnect@andyholmes.github.io/locale/nl
config/includes.chroot/usr/share/gnome-shell/extensions/gsconnect@andyholmes.github.io/locale/nl/LC_MESSAGES
config/includes.chroot/usr/share/gnome-shell/extensions/gsconnect@andyholmes.github.io/locale/nl/LC_MESSAGES/org.gnome.Shell.Extensions.GSConnect.mo
config/includes.chroot/usr/share/gnome-shell/extensions/gsconnect@andyholmes.github.io/locale/lt
config/includes.chroot/usr/share/gnome-shell/extensions/gsconnect@andyholmes.github.io/locale/lt/LC_MESSAGES
config/includes.chroot/usr/share/gnome-shell/extensions/gsconnect@andyholmes.github.io/locale/lt/LC_MESSAGES/org.gnome.Shell.Extensions.GSConnect.mo
config/includes.chroot/usr/share/gnome-shell/extensions/gsconnect@andyholmes.github.io/locale/pt
config/includes.chroot/usr/share/gnome-shell/extensions/gsconnect@andyholmes.github.io/locale/pt/LC_MESSAGES
config/includes.chroot/usr/share/gnome-shell/extensions/gsconnect@andyholmes.github.io/locale/pt/LC_MESSAGES/org.gnome.Shell.Extensions.GSConnect.mo
config/includes.chroot/usr/share/gnome-shell/extensions/gsconnect@andyholmes.github.io/locale/sv
config/includes.chroot/usr/share/gnome-shell/extensions/gsconnect@andyholmes.github.io/locale/sv/LC_MESSAGES
config/includes.chroot/usr/share/gnome-shell/extensions/gsconnect@andyholmes.github.io/locale/sv/LC_MESSAGES/org.gnome.Shell.Extensions.GSConnect.mo
config/includes.chroot/usr/share/gnome-shell/extensions/gsconnect@andyholmes.github.io/locale/el
config/includes.chroot/usr/share/gnome-shell/extensions/gsconnect@andyholmes.github.io/locale/el/LC_MESSAGES
config/includes.chroot/usr/share/gnome-shell/extensions/gsconnect@andyholmes.github.io/locale/el/LC_MESSAGES/org.gnome.Shell.Extensions.GSConnect.mo
config/includes.chroot/usr/share/gnome-shell/extensions/gsconnect@andyholmes.github.io/locale/fy
config/includes.chroot/usr/share/gnome-shell/extensions/gsconnect@andyholmes.github.io/locale/fy/LC_MESSAGES
config/includes.chroot/usr/share/gnome-shell/extensions/gsconnect@andyholmes.github.io/locale/fy/LC_MESSAGES/org.gnome.Shell.Extensions.GSConnect.mo
config/includes.chroot/usr/share/gnome-shell/extensions/gsconnect@andyholmes.github.io/locale/ca
config/includes.chroot/usr/share/gnome-shell/extensions/gsconnect@andyholmes.github.io/locale/ca/LC_MESSAGES
config/includes.chroot/usr/share/gnome-shell/extensions/gsconnect@andyholmes.github.io/locale/ca/LC_MESSAGES/org.gnome.Shell.Extensions.GSConnect.mo
config/includes.chroot/usr/share/gnome-shell/extensions/gsconnect@andyholmes.github.io/locale/zh_TW
config/includes.chroot/usr/share/gnome-shell/extensions/gsconnect@andyholmes.github.io/locale/zh_TW/LC_MESSAGES
config/includes.chroot/usr/share/gnome-shell/extensions/gsconnect@andyholmes.github.io/locale/zh_TW/LC_MESSAGES/org.gnome.Shell.Extensions.GSConnect.mo
config/includes.chroot/usr/share/gnome-shell/extensions/gsconnect@andyholmes.github.io/locale/bg
config/includes.chroot/usr/share/gnome-shell/extensions/gsconnect@andyholmes.github.io/locale/bg/LC_MESSAGES
config/includes.chroot/usr/share/gnome-shell/extensions/gsconnect@andyholmes.github.io/locale/bg/LC_MESSAGES/org.gnome.Shell.Extensions.GSConnect.mo
config/includes.chroot/usr/share/gnome-shell/extensions/gsconnect@andyholmes.github.io/locale/ar
config/includes.chroot/usr/share/gnome-shell/extensions/gsconnect@andyholmes.github.io/locale/ar/LC_MESSAGES
config/includes.chroot/usr/share/gnome-shell/extensions/gsconnect@andyholmes.github.io/locale/ar/LC_MESSAGES/org.gnome.Shell.Extensions.GSConnect.mo
config/includes.chroot/usr/share/gnome-shell/extensions/gsconnect@andyholmes.github.io/locale/hu
config/includes.chroot/usr/share/gnome-shell/extensions/gsconnect@andyholmes.github.io/locale/hu/LC_MESSAGES
config/includes.chroot/usr/share/gnome-shell/extensions/gsconnect@andyholmes.github.io/locale/hu/LC_MESSAGES/org.gnome.Shell.Extensions.GSConnect.mo
config/includes.chroot/usr/share/gnome-shell/extensions/gsconnect@andyholmes.github.io/locale/ko
config/includes.chroot/usr/share/gnome-shell/extensions/gsconnect@andyholmes.github.io/locale/ko/LC_MESSAGES
config/includes.chroot/usr/share/gnome-shell/extensions/gsconnect@andyholmes.github.io/locale/ko/LC_MESSAGES/org.gnome.Shell.Extensions.GSConnect.mo
config/includes.chroot/usr/share/gnome-shell/extensions/gsconnect@andyholmes.github.io/locale/be
config/includes.chroot/usr/share/gnome-shell/extensions/gsconnect@andyholmes.github.io/locale/be/LC_MESSAGES
config/includes.chroot/usr/share/gnome-shell/extensions/gsconnect@andyholmes.github.io/locale/be/LC_MESSAGES/org.gnome.Shell.Extensions.GSConnect.mo
config/includes.chroot/usr/share/gnome-shell/extensions/gsconnect@andyholmes.github.io/locale/sr
config/includes.chroot/usr/share/gnome-shell/extensions/gsconnect@andyholmes.github.io/locale/sr/LC_MESSAGES
config/includes.chroot/usr/share/gnome-shell/extensions/gsconnect@andyholmes.github.io/locale/sr/LC_MESSAGES/org.gnome.Shell.Extensions.GSConnect.mo
config/includes.chroot/usr/share/gnome-shell/extensions/gsconnect@andyholmes.github.io/locale/zh_CN
config/includes.chroot/usr/share/gnome-shell/extensions/gsconnect@andyholmes.github.io/locale/zh_CN/LC_MESSAGES
config/includes.chroot/usr/share/gnome-shell/extensions/gsconnect@andyholmes.github.io/locale/zh_CN/LC_MESSAGES/org.gnome.Shell.Extensions.GSConnect.mo
config/includes.chroot/usr/share/gnome-shell/extensions/gsconnect@andyholmes.github.io/locale/uk
config/includes.chroot/usr/share/gnome-shell/extensions/gsconnect@andyholmes.github.io/locale/uk/LC_MESSAGES
config/includes.chroot/usr/share/gnome-shell/extensions/gsconnect@andyholmes.github.io/locale/uk/LC_MESSAGES/org.gnome.Shell.Extensions.GSConnect.mo
config/includes.chroot/usr/share/gnome-shell/extensions/gsconnect@andyholmes.github.io/locale/nl_BE
config/includes.chroot/usr/share/gnome-shell/extensions/gsconnect@andyholmes.github.io/locale/nl_BE/LC_MESSAGES
config/includes.chroot/usr/share/gnome-shell/extensions/gsconnect@andyholmes.github.io/locale/nl_BE/LC_MESSAGES/org.gnome.Shell.Extensions.GSConnect.mo
config/includes.chroot/usr/share/gnome-shell/extensions/gsconnect@andyholmes.github.io/locale/ru
config/includes.chroot/usr/share/gnome-shell/extensions/gsconnect@andyholmes.github.io/locale/ru/LC_MESSAGES
config/includes.chroot/usr/share/gnome-shell/extensions/gsconnect@andyholmes.github.io/locale/ru/LC_MESSAGES/org.gnome.Shell.Extensions.GSConnect.mo
config/includes.chroot/usr/share/gnome-shell/extensions/gsconnect@andyholmes.github.io/locale/de
config/includes.chroot/usr/share/gnome-shell/extensions/gsconnect@andyholmes.github.io/locale/de/LC_MESSAGES
config/includes.chroot/usr/share/gnome-shell/extensions/gsconnect@andyholmes.github.io/locale/de/LC_MESSAGES/org.gnome.Shell.Extensions.GSConnect.mo
config/includes.chroot/usr/share/gnome-shell/extensions/gsconnect@andyholmes.github.io/locale/pt_BR
config/includes.chroot/usr/share/gnome-shell/extensions/gsconnect@andyholmes.github.io/locale/pt_BR/LC_MESSAGES
config/includes.chroot/usr/share/gnome-shell/extensions/gsconnect@andyholmes.github.io/locale/pt_BR/LC_MESSAGES/org.gnome.Shell.Extensions.GSConnect.mo
config/includes.chroot/usr/share/gnome-shell/extensions/gsconnect@andyholmes.github.io/locale/sr@latin
config/includes.chroot/usr/share/gnome-shell/extensions/gsconnect@andyholmes.github.io/locale/sr@latin/LC_MESSAGES
config/includes.chroot/usr/share/gnome-shell/extensions/gsconnect@andyholmes.github.io/locale/sr@latin/LC_MESSAGES/org.gnome.Shell.Extensions.GSConnect.mo
config/includes.chroot/usr/share/gnome-shell/extensions/gsconnect@andyholmes.github.io/locale/it
config/includes.chroot/usr/share/gnome-shell/extensions/gsconnect@andyholmes.github.io/locale/it/LC_MESSAGES
config/includes.chroot/usr/share/gnome-shell/extensions/gsconnect@andyholmes.github.io/locale/it/LC_MESSAGES/org.gnome.Shell.Extensions.GSConnect.mo
config/includes.chroot/usr/share/gnome-shell/extensions/gsconnect@andyholmes.github.io/org.gnome.Shell.Extensions.GSConnect.gresource
config/includes.chroot/usr/share/gnome-shell/extensions/gsconnect@andyholmes.github.io/service
config/includes.chroot/usr/share/gnome-shell/extensions/gsconnect@andyholmes.github.io/service/daemon.js
config/includes.chroot/usr/share/gnome-shell/extensions/gsconnect@andyholmes.github.io/service/nativeMessagingHost.js
config/includes.chroot/usr/share/gnome-shell/extensions/gsconnect@andyholmes.github.io/service/backends
config/includes.chroot/usr/share/gnome-shell/extensions/gsconnect@andyholmes.github.io/service/backends/lan.js
config/includes.chroot/usr/share/gnome-shell/extensions/gsconnect@andyholmes.github.io/service/init.js
config/includes.chroot/usr/share/gnome-shell/extensions/gsconnect@andyholmes.github.io/service/utils
config/includes.chroot/usr/share/gnome-shell/extensions/gsconnect@andyholmes.github.io/service/utils/dbus.js
config/includes.chroot/usr/share/gnome-shell/extensions/gsconnect@andyholmes.github.io/service/utils/ui.js
config/includes.chroot/usr/share/gnome-shell/extensions/gsconnect@andyholmes.github.io/service/utils/uri.js
config/includes.chroot/usr/share/gnome-shell/extensions/gsconnect@andyholmes.github.io/service/components
config/includes.chroot/usr/share/gnome-shell/extensions/gsconnect@andyholmes.github.io/service/components/atspi.js
config/includes.chroot/usr/share/gnome-shell/extensions/gsconnect@andyholmes.github.io/service/components/upower.js
config/includes.chroot/usr/share/gnome-shell/extensions/gsconnect@andyholmes.github.io/service/components/contacts.js
config/includes.chroot/usr/share/gnome-shell/extensions/gsconnect@andyholmes.github.io/service/components/notification.js
config/includes.chroot/usr/share/gnome-shell/extensions/gsconnect@andyholmes.github.io/service/components/ydotool.js
config/includes.chroot/usr/share/gnome-shell/extensions/gsconnect@andyholmes.github.io/service/components/pulseaudio.js
config/includes.chroot/usr/share/gnome-shell/extensions/gsconnect@andyholmes.github.io/service/components/session.js
config/includes.chroot/usr/share/gnome-shell/extensions/gsconnect@andyholmes.github.io/service/components/input.js
config/includes.chroot/usr/share/gnome-shell/extensions/gsconnect@andyholmes.github.io/service/components/index.js
config/includes.chroot/usr/share/gnome-shell/extensions/gsconnect@andyholmes.github.io/service/components/mpris.js
config/includes.chroot/usr/share/gnome-shell/extensions/gsconnect@andyholmes.github.io/service/components/sound.js
config/includes.chroot/usr/share/gnome-shell/extensions/gsconnect@andyholmes.github.io/service/components/clipboard.js
config/includes.chroot/usr/share/gnome-shell/extensions/gsconnect@andyholmes.github.io/service/core.js
config/includes.chroot/usr/share/gnome-shell/extensions/gsconnect@andyholmes.github.io/service/plugins
config/includes.chroot/usr/share/gnome-shell/extensions/gsconnect@andyholmes.github.io/service/plugins/runcommand.js
config/includes.chroot/usr/share/gnome-shell/extensions/gsconnect@andyholmes.github.io/service/plugins/ping.js
config/includes.chroot/usr/share/gnome-shell/extensions/gsconnect@andyholmes.github.io/service/plugins/telephony.js
config/includes.chroot/usr/share/gnome-shell/extensions/gsconnect@andyholmes.github.io/service/plugins/mousepad.js
config/includes.chroot/usr/share/gnome-shell/extensions/gsconnect@andyholmes.github.io/service/plugins/contacts.js
config/includes.chroot/usr/share/gnome-shell/extensions/gsconnect@andyholmes.github.io/service/plugins/notification.js
config/includes.chroot/usr/share/gnome-shell/extensions/gsconnect@andyholmes.github.io/service/plugins/presenter.js
config/includes.chroot/usr/share/gnome-shell/extensions/gsconnect@andyholmes.github.io/service/plugins/sftp.js
config/includes.chroot/usr/share/gnome-shell/extensions/gsconnect@andyholmes.github.io/service/plugins/connectivity_report.js
config/includes.chroot/usr/share/gnome-shell/extensions/gsconnect@andyholmes.github.io/service/plugins/index.js
config/includes.chroot/usr/share/gnome-shell/extensions/gsconnect@andyholmes.github.io/service/plugins/systemvolume.js
config/includes.chroot/usr/share/gnome-shell/extensions/gsconnect@andyholmes.github.io/service/plugins/mpris.js
config/includes.chroot/usr/share/gnome-shell/extensions/gsconnect@andyholmes.github.io/service/plugins/sms.js
config/includes.chroot/usr/share/gnome-shell/extensions/gsconnect@andyholmes.github.io/service/plugins/findmyphone.js
config/includes.chroot/usr/share/gnome-shell/extensions/gsconnect@andyholmes.github.io/service/plugins/share.js
config/includes.chroot/usr/share/gnome-shell/extensions/gsconnect@andyholmes.github.io/service/plugins/battery.js
config/includes.chroot/usr/share/gnome-shell/extensions/gsconnect@andyholmes.github.io/service/plugins/clipboard.js
config/includes.chroot/usr/share/gnome-shell/extensions/gsconnect@andyholmes.github.io/service/plugin.js
config/includes.chroot/usr/share/gnome-shell/extensions/gsconnect@andyholmes.github.io/service/manager.js
config/includes.chroot/usr/share/gnome-shell/extensions/gsconnect@andyholmes.github.io/service/device.js
config/includes.chroot/usr/share/gnome-shell/extensions/gsconnect@andyholmes.github.io/service/ui
config/includes.chroot/usr/share/gnome-shell/extensions/gsconnect@andyholmes.github.io/service/ui/messaging.js
config/includes.chroot/usr/share/gnome-shell/extensions/gsconnect@andyholmes.github.io/service/ui/mousepad.js
config/includes.chroot/usr/share/gnome-shell/extensions/gsconnect@andyholmes.github.io/service/ui/contacts.js
config/includes.chroot/usr/share/gnome-shell/extensions/gsconnect@andyholmes.github.io/service/ui/notification.js
config/includes.chroot/usr/share/gnome-shell/extensions/gsconnect@andyholmes.github.io/service/ui/service.js
config/includes.chroot/usr/share/gnome-shell/extensions/gsconnect@andyholmes.github.io/service/ui/legacyMessaging.js
config/includes.chroot/usr/share/gnome-shell/extensions/gsconnect@andyholmes.github.io/preferences
config/includes.chroot/usr/share/gnome-shell/extensions/gsconnect@andyholmes.github.io/preferences/init.js
config/includes.chroot/usr/share/gnome-shell/extensions/gsconnect@andyholmes.github.io/preferences/keybindings.js
config/includes.chroot/usr/share/gnome-shell/extensions/gsconnect@andyholmes.github.io/preferences/service.js
config/includes.chroot/usr/share/gnome-shell/extensions/gsconnect@andyholmes.github.io/preferences/device.js
config/includes.chroot/usr/share/gnome-shell/extensions/gsconnect@andyholmes.github.io/shell
config/includes.chroot/usr/share/gnome-shell/extensions/gsconnect@andyholmes.github.io/shell/utils.js
config/includes.chroot/usr/share/gnome-shell/extensions/gsconnect@andyholmes.github.io/shell/notification.js
config/includes.chroot/usr/share/gnome-shell/extensions/gsconnect@andyholmes.github.io/shell/tooltip.js
config/includes.chroot/usr/share/gnome-shell/extensions/gsconnect@andyholmes.github.io/shell/gmenu.js
config/includes.chroot/usr/share/gnome-shell/extensions/gsconnect@andyholmes.github.io/shell/keybindings.js
config/includes.chroot/usr/share/gnome-shell/extensions/gsconnect@andyholmes.github.io/shell/input.js
config/includes.chroot/usr/share/gnome-shell/extensions/gsconnect@andyholmes.github.io/shell/device.js
config/includes.chroot/usr/share/gnome-shell/extensions/gsconnect@andyholmes.github.io/shell/clipboard.js
config/includes.chroot/usr/share/gnome-shell/extensions/gsconnect@andyholmes.github.io/nautilus-gsconnect.py
config/includes.chroot/usr/share/gnome-shell/extensions/date-menu-formatter@marcinjakubowski.github.com
config/includes.chroot/usr/share/gnome-shell/extensions/date-menu-formatter@marcinjakubowski.github.com/metadata.json
config/includes.chroot/usr/share/gnome-shell/extensions/date-menu-formatter@marcinjakubowski.github.com/prefs.js
config/includes.chroot/usr/share/gnome-shell/extensions/date-menu-formatter@marcinjakubowski.github.com/schemas
config/includes.chroot/usr/share/gnome-shell/extensions/date-menu-formatter@marcinjakubowski.github.com/schemas/gschemas.compiled
config/includes.chroot/usr/share/gnome-shell/extensions/date-menu-formatter@marcinjakubowski.github.com/schemas/org.gnome.shell.extensions.date-menu-formatter.gschema.xml
config/includes.chroot/usr/share/gnome-shell/extensions/date-menu-formatter@marcinjakubowski.github.com/extension.js
config/includes.chroot/usr/share/gnome-shell/extensions/date-menu-formatter@marcinjakubowski.github.com/lib
config/includes.chroot/usr/share/gnome-shell/extensions/date-menu-formatter@marcinjakubowski.github.com/lib/SimpleDateFormat.js
config/includes.chroot/usr/share/gnome-shell/extensions/date-menu-formatter@marcinjakubowski.github.com/lib/luxon.js
config/includes.chroot/usr/share/gnome-shell/extensions/date-menu-formatter@marcinjakubowski.github.com/lib/importDir.js
config/includes.chroot/usr/share/gnome-shell/extensions/date-menu-formatter@marcinjakubowski.github.com/utils
config/includes.chroot/usr/share/gnome-shell/extensions/date-menu-formatter@marcinjakubowski.github.com/utils/prefFields.js
config/includes.chroot/usr/share/gnome-shell/extensions/date-menu-formatter@marcinjakubowski.github.com/utils/markup.js
config/includes.chroot/usr/share/gnome-shell/extensions/date-menu-formatter@marcinjakubowski.github.com/utils/formatter.js
config/includes.chroot/usr/share/gnome-shell/extensions/date-menu-formatter@marcinjakubowski.github.com/utils/general.js
config/includes.chroot/usr/share/gnome-shell/extensions/date-menu-formatter@marcinjakubowski.github.com/formatters
config/includes.chroot/usr/share/gnome-shell/extensions/date-menu-formatter@marcinjakubowski.github.com/formatters/03_swatch.js
config/includes.chroot/usr/share/gnome-shell/extensions/date-menu-formatter@marcinjakubowski.github.com/formatters/01_luxon.js
config/includes.chroot/usr/share/gnome-shell/extensions/date-menu-formatter@marcinjakubowski.github.com/formatters/02_original.js
config/includes.chroot/usr/share/gnome-shell/extensions/dash-to-panel@jderose9.github.com
config/includes.chroot/usr/share/gnome-shell/extensions/dash-to-panel@jderose9.github.com/desktopIconsIntegration.js
config/includes.chroot/usr/share/gnome-shell/extensions/dash-to-panel@jderose9.github.com/metadata.json
config/includes.chroot/usr/share/gnome-shell/extensions/dash-to-panel@jderose9.github.com/prefs.js
config/includes.chroot/usr/share/gnome-shell/extensions/dash-to-panel@jderose9.github.com/panel.js
config/includes.chroot/usr/share/gnome-shell/extensions/dash-to-panel@jderose9.github.com/schemas
config/includes.chroot/usr/share/gnome-shell/extensions/dash-to-panel@jderose9.github.com/schemas/org.gnome.shell.extensions.dash-to-panel.gschema.xml
config/includes.chroot/usr/share/gnome-shell/extensions/dash-to-panel@jderose9.github.com/schemas/gschemas.compiled
config/includes.chroot/usr/share/gnome-shell/extensions/dash-to-panel@jderose9.github.com/windowPreview.js
config/includes.chroot/usr/share/gnome-shell/extensions/dash-to-panel@jderose9.github.com/transparency.js
config/includes.chroot/usr/share/gnome-shell/extensions/dash-to-panel@jderose9.github.com/img
config/includes.chroot/usr/share/gnome-shell/extensions/dash-to-panel@jderose9.github.com/img/kofi.png
config/includes.chroot/usr/share/gnome-shell/extensions/dash-to-panel@jderose9.github.com/img/zorin-os.svg
config/includes.chroot/usr/share/gnome-shell/extensions/dash-to-panel@jderose9.github.com/img/highlight_stacked_bg_3.svg
config/includes.chroot/usr/share/gnome-shell/extensions/dash-to-panel@jderose9.github.com/img/highlight_stacked_bg_2.svg
config/includes.chroot/usr/share/gnome-shell/extensions/dash-to-panel@jderose9.github.com/img/highlight_stacked_bg.svg
config/includes.chroot/usr/share/gnome-shell/extensions/dash-to-panel@jderose9.github.com/img/stripe.png
config/includes.chroot/usr/share/gnome-shell/extensions/dash-to-panel@jderose9.github.com/img/dash-to-panel-logo-light.svg
config/includes.chroot/usr/share/gnome-shell/extensions/dash-to-panel@jderose9.github.com/img/paypal.png
config/includes.chroot/usr/share/gnome-shell/extensions/dash-to-panel@jderose9.github.com/utils.js
config/includes.chroot/usr/share/gnome-shell/extensions/dash-to-panel@jderose9.github.com/stylesheet.css
config/includes.chroot/usr/share/gnome-shell/extensions/dash-to-panel@jderose9.github.com/intellihide.js
config/includes.chroot/usr/share/gnome-shell/extensions/dash-to-panel@jderose9.github.com/extension.js
config/includes.chroot/usr/share/gnome-shell/extensions/dash-to-panel@jderose9.github.com/taskbar.js
config/includes.chroot/usr/share/gnome-shell/extensions/dash-to-panel@jderose9.github.com/COPYING
config/includes.chroot/usr/share/gnome-shell/extensions/dash-to-panel@jderose9.github.com/panelSettings.js
config/includes.chroot/usr/share/gnome-shell/extensions/dash-to-panel@jderose9.github.com/panelPositions.js
config/includes.chroot/usr/share/gnome-shell/extensions/dash-to-panel@jderose9.github.com/notificationsMonitor.js
config/includes.chroot/usr/share/gnome-shell/extensions/dash-to-panel@jderose9.github.com/proximity.js
config/includes.chroot/usr/share/gnome-shell/extensions/dash-to-panel@jderose9.github.com/panelStyle.js
config/includes.chroot/usr/share/gnome-shell/extensions/dash-to-panel@jderose9.github.com/locale
config/includes.chroot/usr/share/gnome-shell/extensions/dash-to-panel@jderose9.github.com/locale/cs
config/includes.chroot/usr/share/gnome-shell/extensions/dash-to-panel@jderose9.github.com/locale/cs/LC_MESSAGES
config/includes.chroot/usr/share/gnome-shell/extensions/dash-to-panel@jderose9.github.com/locale/cs/LC_MESSAGES/dash-to-panel.mo
config/includes.chroot/usr/share/gnome-shell/extensions/dash-to-panel@jderose9.github.com/locale/pl
config/includes.chroot/usr/share/gnome-shell/extensions/dash-to-panel@jderose9.github.com/locale/pl/LC_MESSAGES
config/includes.chroot/usr/share/gnome-shell/extensions/dash-to-panel@jderose9.github.com/locale/pl/LC_MESSAGES/dash-to-panel.mo
config/includes.chroot/usr/share/gnome-shell/extensions/dash-to-panel@jderose9.github.com/locale/es
config/includes.chroot/usr/share/gnome-shell/extensions/dash-to-panel@jderose9.github.com/locale/es/LC_MESSAGES
config/includes.chroot/usr/share/gnome-shell/extensions/dash-to-panel@jderose9.github.com/locale/es/LC_MESSAGES/dash-to-panel.mo
config/includes.chroot/usr/share/gnome-shell/extensions/dash-to-panel@jderose9.github.com/locale/sk
config/includes.chroot/usr/share/gnome-shell/extensions/dash-to-panel@jderose9.github.com/locale/sk/LC_MESSAGES
config/includes.chroot/usr/share/gnome-shell/extensions/dash-to-panel@jderose9.github.com/locale/sk/LC_MESSAGES/dash-to-panel.mo
config/includes.chroot/usr/share/gnome-shell/extensions/dash-to-panel@jderose9.github.com/locale/tr
config/includes.chroot/usr/share/gnome-shell/extensions/dash-to-panel@jderose9.github.com/locale/tr/LC_MESSAGES
config/includes.chroot/usr/share/gnome-shell/extensions/dash-to-panel@jderose9.github.com/locale/tr/LC_MESSAGES/dash-to-panel.mo
config/includes.chroot/usr/share/gnome-shell/extensions/dash-to-panel@jderose9.github.com/locale/fr
config/includes.chroot/usr/share/gnome-shell/extensions/dash-to-panel@jderose9.github.com/locale/fr/LC_MESSAGES
config/includes.chroot/usr/share/gnome-shell/extensions/dash-to-panel@jderose9.github.com/locale/fr/LC_MESSAGES/dash-to-panel.mo
config/includes.chroot/usr/share/gnome-shell/extensions/dash-to-panel@jderose9.github.com/locale/gl
config/includes.chroot/usr/share/gnome-shell/extensions/dash-to-panel@jderose9.github.com/locale/gl/LC_MESSAGES
config/includes.chroot/usr/share/gnome-shell/extensions/dash-to-panel@jderose9.github.com/locale/gl/LC_MESSAGES/dash-to-panel.mo
config/includes.chroot/usr/share/gnome-shell/extensions/dash-to-panel@jderose9.github.com/locale/fa
config/includes.chroot/usr/share/gnome-shell/extensions/dash-to-panel@jderose9.github.com/locale/fa/LC_MESSAGES
config/includes.chroot/usr/share/gnome-shell/extensions/dash-to-panel@jderose9.github.com/locale/fa/LC_MESSAGES/dash-to-panel.mo
config/includes.chroot/usr/share/gnome-shell/extensions/dash-to-panel@jderose9.github.com/locale/nl
config/includes.chroot/usr/share/gnome-shell/extensions/dash-to-panel@jderose9.github.com/locale/nl/LC_MESSAGES
config/includes.chroot/usr/share/gnome-shell/extensions/dash-to-panel@jderose9.github.com/locale/nl/LC_MESSAGES/dash-to-panel.mo
config/includes.chroot/usr/share/gnome-shell/extensions/dash-to-panel@jderose9.github.com/locale/sv
config/includes.chroot/usr/share/gnome-shell/extensions/dash-to-panel@jderose9.github.com/locale/sv/LC_MESSAGES
config/includes.chroot/usr/share/gnome-shell/extensions/dash-to-panel@jderose9.github.com/locale/sv/LC_MESSAGES/dash-to-panel.mo
config/includes.chroot/usr/share/gnome-shell/extensions/dash-to-panel@jderose9.github.com/locale/zh_TW
config/includes.chroot/usr/share/gnome-shell/extensions/dash-to-panel@jderose9.github.com/locale/zh_TW/LC_MESSAGES
config/includes.chroot/usr/share/gnome-shell/extensions/dash-to-panel@jderose9.github.com/locale/zh_TW/LC_MESSAGES/dash-to-panel.mo
config/includes.chroot/usr/share/gnome-shell/extensions/dash-to-panel@jderose9.github.com/locale/ja
config/includes.chroot/usr/share/gnome-shell/extensions/dash-to-panel@jderose9.github.com/locale/ja/LC_MESSAGES
config/includes.chroot/usr/share/gnome-shell/extensions/dash-to-panel@jderose9.github.com/locale/ja/LC_MESSAGES/dash-to-panel.mo
config/includes.chroot/usr/share/gnome-shell/extensions/dash-to-panel@jderose9.github.com/locale/hu
config/includes.chroot/usr/share/gnome-shell/extensions/dash-to-panel@jderose9.github.com/locale/hu/LC_MESSAGES
config/includes.chroot/usr/share/gnome-shell/extensions/dash-to-panel@jderose9.github.com/locale/hu/LC_MESSAGES/dash-to-panel.mo
config/includes.chroot/usr/share/gnome-shell/extensions/dash-to-panel@jderose9.github.com/locale/ko
config/includes.chroot/usr/share/gnome-shell/extensions/dash-to-panel@jderose9.github.com/locale/ko/LC_MESSAGES
config/includes.chroot/usr/share/gnome-shell/extensions/dash-to-panel@jderose9.github.com/locale/ko/LC_MESSAGES/dash-to-panel.mo
config/includes.chroot/usr/share/gnome-shell/extensions/dash-to-panel@jderose9.github.com/locale/zh_CN
config/includes.chroot/usr/share/gnome-shell/extensions/dash-to-panel@jderose9.github.com/locale/zh_CN/LC_MESSAGES
config/includes.chroot/usr/share/gnome-shell/extensions/dash-to-panel@jderose9.github.com/locale/zh_CN/LC_MESSAGES/dash-to-panel.mo
config/includes.chroot/usr/share/gnome-shell/extensions/dash-to-panel@jderose9.github.com/locale/uk
config/includes.chroot/usr/share/gnome-shell/extensions/dash-to-panel@jderose9.github.com/locale/uk/LC_MESSAGES
config/includes.chroot/usr/share/gnome-shell/extensions/dash-to-panel@jderose9.github.com/locale/uk/LC_MESSAGES/dash-to-panel.mo
config/includes.chroot/usr/share/gnome-shell/extensions/dash-to-panel@jderose9.github.com/locale/ru
config/includes.chroot/usr/share/gnome-shell/extensions/dash-to-panel@jderose9.github.com/locale/ru/LC_MESSAGES
config/includes.chroot/usr/share/gnome-shell/extensions/dash-to-panel@jderose9.github.com/locale/ru/LC_MESSAGES/dash-to-panel.mo
config/includes.chroot/usr/share/gnome-shell/extensions/dash-to-panel@jderose9.github.com/locale/ka
config/includes.chroot/usr/share/gnome-shell/extensions/dash-to-panel@jderose9.github.com/locale/ka/LC_MESSAGES
config/includes.chroot/usr/share/gnome-shell/extensions/dash-to-panel@jderose9.github.com/locale/ka/LC_MESSAGES/dash-to-panel.mo
config/includes.chroot/usr/share/gnome-shell/extensions/dash-to-panel@jderose9.github.com/locale/de
config/includes.chroot/usr/share/gnome-shell/extensions/dash-to-panel@jderose9.github.com/locale/de/LC_MESSAGES
config/includes.chroot/usr/share/gnome-shell/extensions/dash-to-panel@jderose9.github.com/locale/de/LC_MESSAGES/dash-to-panel.mo
config/includes.chroot/usr/share/gnome-shell/extensions/dash-to-panel@jderose9.github.com/locale/pt_BR
config/includes.chroot/usr/share/gnome-shell/extensions/dash-to-panel@jderose9.github.com/locale/pt_BR/LC_MESSAGES
config/includes.chroot/usr/share/gnome-shell/extensions/dash-to-panel@jderose9.github.com/locale/pt_BR/LC_MESSAGES/dash-to-panel.mo
config/includes.chroot/usr/share/gnome-shell/extensions/dash-to-panel@jderose9.github.com/locale/kk
config/includes.chroot/usr/share/gnome-shell/extensions/dash-to-panel@jderose9.github.com/locale/kk/LC_MESSAGES
config/includes.chroot/usr/share/gnome-shell/extensions/dash-to-panel@jderose9.github.com/locale/kk/LC_MESSAGES/dash-to-panel.mo
config/includes.chroot/usr/share/gnome-shell/extensions/dash-to-panel@jderose9.github.com/locale/it
config/includes.chroot/usr/share/gnome-shell/extensions/dash-to-panel@jderose9.github.com/locale/it/LC_MESSAGES
config/includes.chroot/usr/share/gnome-shell/extensions/dash-to-panel@jderose9.github.com/locale/it/LC_MESSAGES/dash-to-panel.mo
config/includes.chroot/usr/share/gnome-shell/extensions/dash-to-panel@jderose9.github.com/panelManager.js
config/includes.chroot/usr/share/gnome-shell/extensions/dash-to-panel@jderose9.github.com/README.md
config/includes.chroot/usr/share/gnome-shell/extensions/dash-to-panel@jderose9.github.com/appIcons.js
config/includes.chroot/usr/share/gnome-shell/extensions/dash-to-panel@jderose9.github.com/overview.js
config/includes.chroot/usr/share/gnome-shell/extensions/dash-to-panel@jderose9.github.com/ui
config/includes.chroot/usr/share/gnome-shell/extensions/dash-to-panel@jderose9.github.com/ui/SettingsBehavior.ui
config/includes.chroot/usr/share/gnome-shell/extensions/dash-to-panel@jderose9.github.com/ui/SettingsAction.ui
config/includes.chroot/usr/share/gnome-shell/extensions/dash-to-panel@jderose9.github.com/ui/SettingsStyle.ui
config/includes.chroot/usr/share/gnome-shell/extensions/dash-to-panel@jderose9.github.com/ui/BoxIntellihideOptions.ui
config/includes.chroot/usr/share/gnome-shell/extensions/dash-to-panel@jderose9.github.com/ui/BoxIsolateWorkspacesOptions.ui
config/includes.chroot/usr/share/gnome-shell/extensions/dash-to-panel@jderose9.github.com/ui/BoxGroupAppsOptions.ui
config/includes.chroot/usr/share/gnome-shell/extensions/dash-to-panel@jderose9.github.com/ui/BoxAnimateAppIconHoverOptions.ui
config/includes.chroot/usr/share/gnome-shell/extensions/dash-to-panel@jderose9.github.com/ui/BoxShowDesktopOptions.ui
config/includes.chroot/usr/share/gnome-shell/extensions/dash-to-panel@jderose9.github.com/ui/BoxShowApplicationsOptions.ui
config/includes.chroot/usr/share/gnome-shell/extensions/dash-to-panel@jderose9.github.com/ui/BoxDynamicOpacityOptions.ui
config/includes.chroot/usr/share/gnome-shell/extensions/dash-to-panel@jderose9.github.com/ui/SettingsAbout.ui
config/includes.chroot/usr/share/gnome-shell/extensions/dash-to-panel@jderose9.github.com/ui/BoxDotOptions.ui
config/includes.chroot/usr/share/gnome-shell/extensions/dash-to-panel@jderose9.github.com/ui/BoxMiddleClickOptions.ui
config/includes.chroot/usr/share/gnome-shell/extensions/dash-to-panel@jderose9.github.com/ui/SettingsPosition.ui
config/includes.chroot/usr/share/gnome-shell/extensions/dash-to-panel@jderose9.github.com/ui/SettingsFineTune.ui
config/includes.chroot/usr/share/gnome-shell/extensions/dash-to-panel@jderose9.github.com/ui/BoxScrollIconOptions.ui
config/includes.chroot/usr/share/gnome-shell/extensions/dash-to-panel@jderose9.github.com/ui/BoxOverlayShortcut.ui
config/includes.chroot/usr/share/gnome-shell/extensions/dash-to-panel@jderose9.github.com/ui/BoxHighlightAppIconHoverOptions.ui
config/includes.chroot/usr/share/gnome-shell/extensions/dash-to-panel@jderose9.github.com/ui/BoxSecondaryMenuOptions.ui
config/includes.chroot/usr/share/gnome-shell/extensions/dash-to-panel@jderose9.github.com/ui/BoxWindowPreviewOptions.ui
config/includes.chroot/usr/share/gnome-shell/extensions/dash-to-panel@jderose9.github.com/ui/BoxScrollPanelOptions.ui
config/includes.chroot/usr/share/gnome-shell/extensions/dash-to-panel@jderose9.github.com/ui/BoxIsolateMonitorsOptions.ui
config/includes.chroot/usr/share/gnome-shell/extensions/just-perfection-desktop@just-perfection
config/includes.chroot/usr/share/gnome-shell/extensions/just-perfection-desktop@just-perfection/metadata.json
config/includes.chroot/usr/share/gnome-shell/extensions/just-perfection-desktop@just-perfection/prefs.js
config/includes.chroot/usr/share/gnome-shell/extensions/just-perfection-desktop@just-perfection/schemas
config/includes.chroot/usr/share/gnome-shell/extensions/just-perfection-desktop@just-perfection/schemas/gschemas.compiled
config/includes.chroot/usr/share/gnome-shell/extensions/just-perfection-desktop@just-perfection/schemas/org.gnome.shell.extensions.just-perfection.gschema.xml
config/includes.chroot/usr/share/gnome-shell/extensions/just-perfection-desktop@just-perfection/CHANGELOG.md
config/includes.chroot/usr/share/gnome-shell/extensions/just-perfection-desktop@just-perfection/stylesheet.css
config/includes.chroot/usr/share/gnome-shell/extensions/just-perfection-desktop@just-perfection/extension.js
config/includes.chroot/usr/share/gnome-shell/extensions/just-perfection-desktop@just-perfection/LICENSE
config/includes.chroot/usr/share/gnome-shell/extensions/just-perfection-desktop@just-perfection/resources.gresource
config/includes.chroot/usr/share/gnome-shell/extensions/just-perfection-desktop@just-perfection/lib
config/includes.chroot/usr/share/gnome-shell/extensions/just-perfection-desktop@just-perfection/lib/Prefs
config/includes.chroot/usr/share/gnome-shell/extensions/just-perfection-desktop@just-perfection/lib/Prefs/Prefs.js
config/includes.chroot/usr/share/gnome-shell/extensions/just-perfection-desktop@just-perfection/lib/Prefs/PrefsKeys.js
config/includes.chroot/usr/share/gnome-shell/extensions/just-perfection-desktop@just-perfection/lib/API.js
config/includes.chroot/usr/share/gnome-shell/extensions/just-perfection-desktop@just-perfection/lib/Manager.js
config/includes.chroot/usr/share/gnome-shell/extensions/just-perfection-desktop@just-perfection/lib/SupportNotifier.js
config/includes.chroot/usr/share/gnome-shell/extensions/just-perfection-desktop@just-perfection/locale
config/includes.chroot/usr/share/gnome-shell/extensions/just-perfection-desktop@just-perfection/locale/ne
config/includes.chroot/usr/share/gnome-shell/extensions/just-perfection-desktop@just-perfection/locale/ne/LC_MESSAGES
config/includes.chroot/usr/share/gnome-shell/extensions/just-perfection-desktop@just-perfection/locale/ne/LC_MESSAGES/just-perfection.mo
config/includes.chroot/usr/share/gnome-shell/extensions/just-perfection-desktop@just-perfection/locale/es
config/includes.chroot/usr/share/gnome-shell/extensions/just-perfection-desktop@just-perfection/locale/es/LC_MESSAGES
config/includes.chroot/usr/share/gnome-shell/extensions/just-perfection-desktop@just-perfection/locale/es/LC_MESSAGES/just-perfection.mo
config/includes.chroot/usr/share/gnome-shell/extensions/just-perfection-desktop@just-perfection/locale/af
config/includes.chroot/usr/share/gnome-shell/extensions/just-perfection-desktop@just-perfection/locale/af/LC_MESSAGES
config/includes.chroot/usr/share/gnome-shell/extensions/just-perfection-desktop@just-perfection/locale/af/LC_MESSAGES/just-perfection.mo
config/includes.chroot/usr/share/gnome-shell/extensions/just-perfection-desktop@just-perfection/locale/fr
config/includes.chroot/usr/share/gnome-shell/extensions/just-perfection-desktop@just-perfection/locale/fr/LC_MESSAGES
config/includes.chroot/usr/share/gnome-shell/extensions/just-perfection-desktop@just-perfection/locale/fr/LC_MESSAGES/just-perfection.mo
config/includes.chroot/usr/share/gnome-shell/extensions/just-perfection-desktop@just-perfection/locale/gl
config/includes.chroot/usr/share/gnome-shell/extensions/just-perfection-desktop@just-perfection/locale/gl/LC_MESSAGES
config/includes.chroot/usr/share/gnome-shell/extensions/just-perfection-desktop@just-perfection/locale/gl/LC_MESSAGES/just-perfection.mo
config/includes.chroot/usr/share/gnome-shell/extensions/just-perfection-desktop@just-perfection/locale/nl
config/includes.chroot/usr/share/gnome-shell/extensions/just-perfection-desktop@just-perfection/locale/nl/LC_MESSAGES
config/includes.chroot/usr/share/gnome-shell/extensions/just-perfection-desktop@just-perfection/locale/nl/LC_MESSAGES/just-perfection.mo
config/includes.chroot/usr/share/gnome-shell/extensions/just-perfection-desktop@just-perfection/locale/sv
config/includes.chroot/usr/share/gnome-shell/extensions/just-perfection-desktop@just-perfection/locale/sv/LC_MESSAGES
config/includes.chroot/usr/share/gnome-shell/extensions/just-perfection-desktop@just-perfection/locale/sv/LC_MESSAGES/just-perfection.mo
config/includes.chroot/usr/share/gnome-shell/extensions/just-perfection-desktop@just-perfection/locale/ca
config/includes.chroot/usr/share/gnome-shell/extensions/just-perfection-desktop@just-perfection/locale/ca/LC_MESSAGES
config/includes.chroot/usr/share/gnome-shell/extensions/just-perfection-desktop@just-perfection/locale/ca/LC_MESSAGES/just-perfection.mo
config/includes.chroot/usr/share/gnome-shell/extensions/just-perfection-desktop@just-perfection/locale/zh_TW
config/includes.chroot/usr/share/gnome-shell/extensions/just-perfection-desktop@just-perfection/locale/zh_TW/LC_MESSAGES
config/includes.chroot/usr/share/gnome-shell/extensions/just-perfection-desktop@just-perfection/locale/zh_TW/LC_MESSAGES/just-perfection.mo
config/includes.chroot/usr/share/gnome-shell/extensions/just-perfection-desktop@just-perfection/locale/bg
config/includes.chroot/usr/share/gnome-shell/extensions/just-perfection-desktop@just-perfection/locale/bg/LC_MESSAGES
config/includes.chroot/usr/share/gnome-shell/extensions/just-perfection-desktop@just-perfection/locale/bg/LC_MESSAGES/just-perfection.mo
config/includes.chroot/usr/share/gnome-shell/extensions/just-perfection-desktop@just-perfection/locale/ja
config/includes.chroot/usr/share/gnome-shell/extensions/just-perfection-desktop@just-perfection/locale/ja/LC_MESSAGES
config/includes.chroot/usr/share/gnome-shell/extensions/just-perfection-desktop@just-perfection/locale/ja/LC_MESSAGES/just-perfection.mo
config/includes.chroot/usr/share/gnome-shell/extensions/just-perfection-desktop@just-perfection/locale/ar
config/includes.chroot/usr/share/gnome-shell/extensions/just-perfection-desktop@just-perfection/locale/ar/LC_MESSAGES
config/includes.chroot/usr/share/gnome-shell/extensions/just-perfection-desktop@just-perfection/locale/ar/LC_MESSAGES/just-perfection.mo
config/includes.chroot/usr/share/gnome-shell/extensions/just-perfection-desktop@just-perfection/locale/be
config/includes.chroot/usr/share/gnome-shell/extensions/just-perfection-desktop@just-perfection/locale/be/LC_MESSAGES
config/includes.chroot/usr/share/gnome-shell/extensions/just-perfection-desktop@just-perfection/locale/be/LC_MESSAGES/just-perfection.mo
config/includes.chroot/usr/share/gnome-shell/extensions/just-perfection-desktop@just-perfection/locale/zh_CN
config/includes.chroot/usr/share/gnome-shell/extensions/just-perfection-desktop@just-perfection/locale/zh_CN/LC_MESSAGES
config/includes.chroot/usr/share/gnome-shell/extensions/just-perfection-desktop@just-perfection/locale/zh_CN/LC_MESSAGES/just-perfection.mo
config/includes.chroot/usr/share/gnome-shell/extensions/just-perfection-desktop@just-perfection/locale/uk
config/includes.chroot/usr/share/gnome-shell/extensions/just-perfection-desktop@just-perfection/locale/uk/LC_MESSAGES
config/includes.chroot/usr/share/gnome-shell/extensions/just-perfection-desktop@just-perfection/locale/uk/LC_MESSAGES/just-perfection.mo
config/includes.chroot/usr/share/gnome-shell/extensions/just-perfection-desktop@just-perfection/locale/ru
config/includes.chroot/usr/share/gnome-shell/extensions/just-perfection-desktop@just-perfection/locale/ru/LC_MESSAGES
config/includes.chroot/usr/share/gnome-shell/extensions/just-perfection-desktop@just-perfection/locale/ru/LC_MESSAGES/just-perfection.mo
config/includes.chroot/usr/share/gnome-shell/extensions/just-perfection-desktop@just-perfection/locale/de
config/includes.chroot/usr/share/gnome-shell/extensions/just-perfection-desktop@just-perfection/locale/de/LC_MESSAGES
config/includes.chroot/usr/share/gnome-shell/extensions/just-perfection-desktop@just-perfection/locale/de/LC_MESSAGES/just-perfection.mo
config/includes.chroot/usr/share/gnome-shell/extensions/just-perfection-desktop@just-perfection/locale/pt_BR
config/includes.chroot/usr/share/gnome-shell/extensions/just-perfection-desktop@just-perfection/locale/pt_BR/LC_MESSAGES
config/includes.chroot/usr/share/gnome-shell/extensions/just-perfection-desktop@just-perfection/locale/pt_BR/LC_MESSAGES/just-perfection.mo
config/includes.chroot/usr/share/gnome-shell/extensions/just-perfection-desktop@just-perfection/locale/it
config/includes.chroot/usr/share/gnome-shell/extensions/just-perfection-desktop@just-perfection/locale/it/LC_MESSAGES
config/includes.chroot/usr/share/gnome-shell/extensions/just-perfection-desktop@just-perfection/locale/it/LC_MESSAGES/just-perfection.mo
config/includes.chroot/usr/share/gnome-shell/extensions/clipboard-indicator@tudmotu.com
config/includes.chroot/usr/share/gnome-shell/extensions/clipboard-indicator@tudmotu.com/constants.js
config/includes.chroot/usr/share/gnome-shell/extensions/clipboard-indicator@tudmotu.com/metadata.json
config/includes.chroot/usr/share/gnome-shell/extensions/clipboard-indicator@tudmotu.com/prefs.js
config/includes.chroot/usr/share/gnome-shell/extensions/clipboard-indicator@tudmotu.com/schemas
config/includes.chroot/usr/share/gnome-shell/extensions/clipboard-indicator@tudmotu.com/schemas/org.gnome.shell.extensions.clipboard-indicator.gschema.xml
config/includes.chroot/usr/share/gnome-shell/extensions/clipboard-indicator@tudmotu.com/schemas/gschemas.compiled
config/includes.chroot/usr/share/gnome-shell/extensions/clipboard-indicator@tudmotu.com/stylesheet.css
config/includes.chroot/usr/share/gnome-shell/extensions/clipboard-indicator@tudmotu.com/extension.js
config/includes.chroot/usr/share/gnome-shell/extensions/clipboard-indicator@tudmotu.com/registry.js
config/includes.chroot/usr/share/gnome-shell/extensions/clipboard-indicator@tudmotu.com/confirmDialog.js
config/includes.chroot/usr/share/gnome-shell/extensions/clipboard-indicator@tudmotu.com/locale
config/includes.chroot/usr/share/gnome-shell/extensions/clipboard-indicator@tudmotu.com/locale/cs
config/includes.chroot/usr/share/gnome-shell/extensions/clipboard-indicator@tudmotu.com/locale/cs/LC_MESSAGES
config/includes.chroot/usr/share/gnome-shell/extensions/clipboard-indicator@tudmotu.com/locale/cs/LC_MESSAGES/clipboard-indicator.mo
config/includes.chroot/usr/share/gnome-shell/extensions/clipboard-indicator@tudmotu.com/locale/pl
config/includes.chroot/usr/share/gnome-shell/extensions/clipboard-indicator@tudmotu.com/locale/pl/LC_MESSAGES
config/includes.chroot/usr/share/gnome-shell/extensions/clipboard-indicator@tudmotu.com/locale/pl/LC_MESSAGES/clipboard-indicator.mo
config/includes.chroot/usr/share/gnome-shell/extensions/clipboard-indicator@tudmotu.com/locale/es
config/includes.chroot/usr/share/gnome-shell/extensions/clipboard-indicator@tudmotu.com/locale/es/LC_MESSAGES
config/includes.chroot/usr/share/gnome-shell/extensions/clipboard-indicator@tudmotu.com/locale/es/LC_MESSAGES/clipboard-indicator.mo
config/includes.chroot/usr/share/gnome-shell/extensions/clipboard-indicator@tudmotu.com/locale/fi
config/includes.chroot/usr/share/gnome-shell/extensions/clipboard-indicator@tudmotu.com/locale/fi/LC_MESSAGES
config/includes.chroot/usr/share/gnome-shell/extensions/clipboard-indicator@tudmotu.com/locale/fi/LC_MESSAGES/clipboard-indicator.mo
config/includes.chroot/usr/share/gnome-shell/extensions/clipboard-indicator@tudmotu.com/locale/sk
config/includes.chroot/usr/share/gnome-shell/extensions/clipboard-indicator@tudmotu.com/locale/sk/LC_MESSAGES
config/includes.chroot/usr/share/gnome-shell/extensions/clipboard-indicator@tudmotu.com/locale/sk/LC_MESSAGES/clipboard-indicator.mo
config/includes.chroot/usr/share/gnome-shell/extensions/clipboard-indicator@tudmotu.com/locale/tr
config/includes.chroot/usr/share/gnome-shell/extensions/clipboard-indicator@tudmotu.com/locale/tr/LC_MESSAGES
config/includes.chroot/usr/share/gnome-shell/extensions/clipboard-indicator@tudmotu.com/locale/tr/LC_MESSAGES/clipboard-indicator.mo
config/includes.chroot/usr/share/gnome-shell/extensions/clipboard-indicator@tudmotu.com/locale/fa
config/includes.chroot/usr/share/gnome-shell/extensions/clipboard-indicator@tudmotu.com/locale/fa/LC_MESSAGES
config/includes.chroot/usr/share/gnome-shell/extensions/clipboard-indicator@tudmotu.com/locale/fa/LC_MESSAGES/clipboard-indicator.mo
config/includes.chroot/usr/share/gnome-shell/extensions/clipboard-indicator@tudmotu.com/locale/nl
config/includes.chroot/usr/share/gnome-shell/extensions/clipboard-indicator@tudmotu.com/locale/nl/LC_MESSAGES
config/includes.chroot/usr/share/gnome-shell/extensions/clipboard-indicator@tudmotu.com/locale/nl/LC_MESSAGES/clipboard-indicator.mo
config/includes.chroot/usr/share/gnome-shell/extensions/clipboard-indicator@tudmotu.com/locale/oc
config/includes.chroot/usr/share/gnome-shell/extensions/clipboard-indicator@tudmotu.com/locale/oc/LC_MESSAGES
config/includes.chroot/usr/share/gnome-shell/extensions/clipboard-indicator@tudmotu.com/locale/oc/LC_MESSAGES/clipboard-indicator.mo
config/includes.chroot/usr/share/gnome-shell/extensions/clipboard-indicator@tudmotu.com/locale/el
config/includes.chroot/usr/share/gnome-shell/extensions/clipboard-indicator@tudmotu.com/locale/el/LC_MESSAGES
config/includes.chroot/usr/share/gnome-shell/extensions/clipboard-indicator@tudmotu.com/locale/el/LC_MESSAGES/clipboard-indicator.mo
config/includes.chroot/usr/share/gnome-shell/extensions/clipboard-indicator@tudmotu.com/locale/ca
config/includes.chroot/usr/share/gnome-shell/extensions/clipboard-indicator@tudmotu.com/locale/ca/LC_MESSAGES
config/includes.chroot/usr/share/gnome-shell/extensions/clipboard-indicator@tudmotu.com/locale/ca/LC_MESSAGES/clipboard-indicator.mo
config/includes.chroot/usr/share/gnome-shell/extensions/clipboard-indicator@tudmotu.com/locale/bg
config/includes.chroot/usr/share/gnome-shell/extensions/clipboard-indicator@tudmotu.com/locale/bg/LC_MESSAGES
config/includes.chroot/usr/share/gnome-shell/extensions/clipboard-indicator@tudmotu.com/locale/bg/LC_MESSAGES/clipboard-indicator.mo
config/includes.chroot/usr/share/gnome-shell/extensions/clipboard-indicator@tudmotu.com/locale/kn
config/includes.chroot/usr/share/gnome-shell/extensions/clipboard-indicator@tudmotu.com/locale/kn/LC_MESSAGES
config/includes.chroot/usr/share/gnome-shell/extensions/clipboard-indicator@tudmotu.com/locale/kn/LC_MESSAGES/clipboard-indicator.mo
config/includes.chroot/usr/share/gnome-shell/extensions/clipboard-indicator@tudmotu.com/locale/ja
config/includes.chroot/usr/share/gnome-shell/extensions/clipboard-indicator@tudmotu.com/locale/ja/LC_MESSAGES
config/includes.chroot/usr/share/gnome-shell/extensions/clipboard-indicator@tudmotu.com/locale/ja/LC_MESSAGES/clipboard-indicator.mo
config/includes.chroot/usr/share/gnome-shell/extensions/clipboard-indicator@tudmotu.com/locale/fr_FR
config/includes.chroot/usr/share/gnome-shell/extensions/clipboard-indicator@tudmotu.com/locale/fr_FR/LC_MESSAGES
config/includes.chroot/usr/share/gnome-shell/extensions/clipboard-indicator@tudmotu.com/locale/fr_FR/LC_MESSAGES/clipboard-indicator.mo
config/includes.chroot/usr/share/gnome-shell/extensions/clipboard-indicator@tudmotu.com/locale/ar
config/includes.chroot/usr/share/gnome-shell/extensions/clipboard-indicator@tudmotu.com/locale/ar/LC_MESSAGES
config/includes.chroot/usr/share/gnome-shell/extensions/clipboard-indicator@tudmotu.com/locale/ar/LC_MESSAGES/clipboard-indicator.mo
config/includes.chroot/usr/share/gnome-shell/extensions/clipboard-indicator@tudmotu.com/locale/hu
config/includes.chroot/usr/share/gnome-shell/extensions/clipboard-indicator@tudmotu.com/locale/hu/LC_MESSAGES
config/includes.chroot/usr/share/gnome-shell/extensions/clipboard-indicator@tudmotu.com/locale/hu/LC_MESSAGES/clipboard-indicator.mo
config/includes.chroot/usr/share/gnome-shell/extensions/clipboard-indicator@tudmotu.com/locale/ko
config/includes.chroot/usr/share/gnome-shell/extensions/clipboard-indicator@tudmotu.com/locale/ko/LC_MESSAGES
config/includes.chroot/usr/share/gnome-shell/extensions/clipboard-indicator@tudmotu.com/locale/ko/LC_MESSAGES/clipboard-indicator.mo
config/includes.chroot/usr/share/gnome-shell/extensions/clipboard-indicator@tudmotu.com/locale/zh_CN
config/includes.chroot/usr/share/gnome-shell/extensions/clipboard-indicator@tudmotu.com/locale/zh_CN/LC_MESSAGES
config/includes.chroot/usr/share/gnome-shell/extensions/clipboard-indicator@tudmotu.com/locale/zh_CN/LC_MESSAGES/clipboard-indicator.mo
config/includes.chroot/usr/share/gnome-shell/extensions/clipboard-indicator@tudmotu.com/locale/uk
config/includes.chroot/usr/share/gnome-shell/extensions/clipboard-indicator@tudmotu.com/locale/uk/LC_MESSAGES
config/includes.chroot/usr/share/gnome-shell/extensions/clipboard-indicator@tudmotu.com/locale/uk/LC_MESSAGES/clipboard-indicator.mo
config/includes.chroot/usr/share/gnome-shell/extensions/clipboard-indicator@tudmotu.com/locale/ru
config/includes.chroot/usr/share/gnome-shell/extensions/clipboard-indicator@tudmotu.com/locale/ru/LC_MESSAGES
config/includes.chroot/usr/share/gnome-shell/extensions/clipboard-indicator@tudmotu.com/locale/ru/LC_MESSAGES/clipboard-indicator.mo
config/includes.chroot/usr/share/gnome-shell/extensions/clipboard-indicator@tudmotu.com/locale/de
config/includes.chroot/usr/share/gnome-shell/extensions/clipboard-indicator@tudmotu.com/locale/de/LC_MESSAGES
config/includes.chroot/usr/share/gnome-shell/extensions/clipboard-indicator@tudmotu.com/locale/de/LC_MESSAGES/clipboard-indicator.mo
config/includes.chroot/usr/share/gnome-shell/extensions/clipboard-indicator@tudmotu.com/locale/eu
config/includes.chroot/usr/share/gnome-shell/extensions/clipboard-indicator@tudmotu.com/locale/eu/LC_MESSAGES
config/includes.chroot/usr/share/gnome-shell/extensions/clipboard-indicator@tudmotu.com/locale/eu/LC_MESSAGES/clipboard-indicator.mo
config/includes.chroot/usr/share/gnome-shell/extensions/clipboard-indicator@tudmotu.com/locale/pt_BR
config/includes.chroot/usr/share/gnome-shell/extensions/clipboard-indicator@tudmotu.com/locale/pt_BR/LC_MESSAGES
config/includes.chroot/usr/share/gnome-shell/extensions/clipboard-indicator@tudmotu.com/locale/pt_BR/LC_MESSAGES/clipboard-indicator.mo
config/includes.chroot/usr/share/gnome-shell/extensions/clipboard-indicator@tudmotu.com/locale/it
config/includes.chroot/usr/share/gnome-shell/extensions/clipboard-indicator@tudmotu.com/locale/it/LC_MESSAGES
config/includes.chroot/usr/share/gnome-shell/extensions/clipboard-indicator@tudmotu.com/locale/it/LC_MESSAGES/clipboard-indicator.mo
config/includes.chroot/usr/share/gnome-shell/extensions/clipboard-indicator@tudmotu.com/keyboard.js
config/includes.chroot/usr/share/gnome-shell/extensions/clipboard-indicator@tudmotu.com/LICENSE.rst
config/includes.chroot/usr/share/gnome-shell/extensions/appindicatorsupport@rgcjonas.gmail.com
config/includes.chroot/usr/share/gnome-shell/extensions/appindicatorsupport@rgcjonas.gmail.com/metadata.json
config/includes.chroot/usr/share/gnome-shell/extensions/appindicatorsupport@rgcjonas.gmail.com/dbusUtils.js
config/includes.chroot/usr/share/gnome-shell/extensions/appindicatorsupport@rgcjonas.gmail.com/logger.js
config/includes.chroot/usr/share/gnome-shell/extensions/appindicatorsupport@rgcjonas.gmail.com/prefs.js
config/includes.chroot/usr/share/gnome-shell/extensions/appindicatorsupport@rgcjonas.gmail.com/schemas
config/includes.chroot/usr/share/gnome-shell/extensions/appindicatorsupport@rgcjonas.gmail.com/schemas/org.gnome.shell.extensions.appindicator.gschema.xml
config/includes.chroot/usr/share/gnome-shell/extensions/appindicatorsupport@rgcjonas.gmail.com/schemas/gschemas.compiled
config/includes.chroot/usr/share/gnome-shell/extensions/appindicatorsupport@rgcjonas.gmail.com/dbusProxy.js
config/includes.chroot/usr/share/gnome-shell/extensions/appindicatorsupport@rgcjonas.gmail.com/statusNotifierWatcher.js
config/includes.chroot/usr/share/gnome-shell/extensions/appindicatorsupport@rgcjonas.gmail.com/icons
config/includes.chroot/usr/share/gnome-shell/extensions/appindicatorsupport@rgcjonas.gmail.com/icons/hicolor
config/includes.chroot/usr/share/gnome-shell/extensions/appindicatorsupport@rgcjonas.gmail.com/icons/hicolor/scalable
config/includes.chroot/usr/share/gnome-shell/extensions/appindicatorsupport@rgcjonas.gmail.com/icons/hicolor/scalable/actions
config/includes.chroot/usr/share/gnome-shell/extensions/appindicatorsupport@rgcjonas.gmail.com/icons/hicolor/scalable/actions/general-preferences-symbolic.svg
config/includes.chroot/usr/share/gnome-shell/extensions/appindicatorsupport@rgcjonas.gmail.com/icons/hicolor/scalable/actions/custom-icons-symbolic.svg
config/includes.chroot/usr/share/gnome-shell/extensions/appindicatorsupport@rgcjonas.gmail.com/dbusMenu.js
config/includes.chroot/usr/share/gnome-shell/extensions/appindicatorsupport@rgcjonas.gmail.com/trayIconsManager.js
config/includes.chroot/usr/share/gnome-shell/extensions/appindicatorsupport@rgcjonas.gmail.com/extension.js
config/includes.chroot/usr/share/gnome-shell/extensions/appindicatorsupport@rgcjonas.gmail.com/settingsManager.js
config/includes.chroot/usr/share/gnome-shell/extensions/appindicatorsupport@rgcjonas.gmail.com/interfaces-xml
config/includes.chroot/usr/share/gnome-shell/extensions/appindicatorsupport@rgcjonas.gmail.com/interfaces-xml/DBusMenu.xml
config/includes.chroot/usr/share/gnome-shell/extensions/appindicatorsupport@rgcjonas.gmail.com/interfaces-xml/StatusNotifierItem.xml
config/includes.chroot/usr/share/gnome-shell/extensions/appindicatorsupport@rgcjonas.gmail.com/interfaces-xml/StatusNotifierWatcher.xml
config/includes.chroot/usr/share/gnome-shell/extensions/appindicatorsupport@rgcjonas.gmail.com/iconCache.js
config/includes.chroot/usr/share/gnome-shell/extensions/appindicatorsupport@rgcjonas.gmail.com/appIndicator.js
config/includes.chroot/usr/share/gnome-shell/extensions/appindicatorsupport@rgcjonas.gmail.com/tools
config/includes.chroot/usr/share/gnome-shell/extensions/appindicatorsupport@rgcjonas.gmail.com/tools/busAnalyzer.js
config/includes.chroot/usr/share/gnome-shell/extensions/appindicatorsupport@rgcjonas.gmail.com/pixmapsUtils.js
config/includes.chroot/usr/share/gnome-shell/extensions/appindicatorsupport@rgcjonas.gmail.com/locale
config/includes.chroot/usr/share/gnome-shell/extensions/appindicatorsupport@rgcjonas.gmail.com/locale/cs
config/includes.chroot/usr/share/gnome-shell/extensions/appindicatorsupport@rgcjonas.gmail.com/locale/cs/LC_MESSAGES
config/includes.chroot/usr/share/gnome-shell/extensions/appindicatorsupport@rgcjonas.gmail.com/locale/cs/LC_MESSAGES/AppIndicatorExtension.mo
config/includes.chroot/usr/share/gnome-shell/extensions/appindicatorsupport@rgcjonas.gmail.com/locale/ta
config/includes.chroot/usr/share/gnome-shell/extensions/appindicatorsupport@rgcjonas.gmail.com/locale/ta/LC_MESSAGES
config/includes.chroot/usr/share/gnome-shell/extensions/appindicatorsupport@rgcjonas.gmail.com/locale/ta/LC_MESSAGES/AppIndicatorExtension.mo
config/includes.chroot/usr/share/gnome-shell/extensions/appindicatorsupport@rgcjonas.gmail.com/locale/pl
config/includes.chroot/usr/share/gnome-shell/extensions/appindicatorsupport@rgcjonas.gmail.com/locale/pl/LC_MESSAGES
config/includes.chroot/usr/share/gnome-shell/extensions/appindicatorsupport@rgcjonas.gmail.com/locale/pl/LC_MESSAGES/AppIndicatorExtension.mo
config/includes.chroot/usr/share/gnome-shell/extensions/appindicatorsupport@rgcjonas.gmail.com/locale/sk
config/includes.chroot/usr/share/gnome-shell/extensions/appindicatorsupport@rgcjonas.gmail.com/locale/sk/LC_MESSAGES
config/includes.chroot/usr/share/gnome-shell/extensions/appindicatorsupport@rgcjonas.gmail.com/locale/sk/LC_MESSAGES/AppIndicatorExtension.mo
config/includes.chroot/usr/share/gnome-shell/extensions/appindicatorsupport@rgcjonas.gmail.com/locale/tr
config/includes.chroot/usr/share/gnome-shell/extensions/appindicatorsupport@rgcjonas.gmail.com/locale/tr/LC_MESSAGES
config/includes.chroot/usr/share/gnome-shell/extensions/appindicatorsupport@rgcjonas.gmail.com/locale/tr/LC_MESSAGES/AppIndicatorExtension.mo
config/includes.chroot/usr/share/gnome-shell/extensions/appindicatorsupport@rgcjonas.gmail.com/locale/fr
config/includes.chroot/usr/share/gnome-shell/extensions/appindicatorsupport@rgcjonas.gmail.com/locale/fr/LC_MESSAGES
config/includes.chroot/usr/share/gnome-shell/extensions/appindicatorsupport@rgcjonas.gmail.com/locale/fr/LC_MESSAGES/AppIndicatorExtension.mo
config/includes.chroot/usr/share/gnome-shell/extensions/appindicatorsupport@rgcjonas.gmail.com/locale/nl
config/includes.chroot/usr/share/gnome-shell/extensions/appindicatorsupport@rgcjonas.gmail.com/locale/nl/LC_MESSAGES
config/includes.chroot/usr/share/gnome-shell/extensions/appindicatorsupport@rgcjonas.gmail.com/locale/nl/LC_MESSAGES/AppIndicatorExtension.mo
config/includes.chroot/usr/share/gnome-shell/extensions/appindicatorsupport@rgcjonas.gmail.com/locale/oc
config/includes.chroot/usr/share/gnome-shell/extensions/appindicatorsupport@rgcjonas.gmail.com/locale/oc/LC_MESSAGES
config/includes.chroot/usr/share/gnome-shell/extensions/appindicatorsupport@rgcjonas.gmail.com/locale/oc/LC_MESSAGES/AppIndicatorExtension.mo
config/includes.chroot/usr/share/gnome-shell/extensions/appindicatorsupport@rgcjonas.gmail.com/locale/zh_TW
config/includes.chroot/usr/share/gnome-shell/extensions/appindicatorsupport@rgcjonas.gmail.com/locale/zh_TW/LC_MESSAGES
config/includes.chroot/usr/share/gnome-shell/extensions/appindicatorsupport@rgcjonas.gmail.com/locale/zh_TW/LC_MESSAGES/AppIndicatorExtension.mo
config/includes.chroot/usr/share/gnome-shell/extensions/appindicatorsupport@rgcjonas.gmail.com/locale/bg
config/includes.chroot/usr/share/gnome-shell/extensions/appindicatorsupport@rgcjonas.gmail.com/locale/bg/LC_MESSAGES
config/includes.chroot/usr/share/gnome-shell/extensions/appindicatorsupport@rgcjonas.gmail.com/locale/bg/LC_MESSAGES/AppIndicatorExtension.mo
config/includes.chroot/usr/share/gnome-shell/extensions/appindicatorsupport@rgcjonas.gmail.com/locale/ja
config/includes.chroot/usr/share/gnome-shell/extensions/appindicatorsupport@rgcjonas.gmail.com/locale/ja/LC_MESSAGES
config/includes.chroot/usr/share/gnome-shell/extensions/appindicatorsupport@rgcjonas.gmail.com/locale/ja/LC_MESSAGES/AppIndicatorExtension.mo
config/includes.chroot/usr/share/gnome-shell/extensions/appindicatorsupport@rgcjonas.gmail.com/locale/ar
config/includes.chroot/usr/share/gnome-shell/extensions/appindicatorsupport@rgcjonas.gmail.com/locale/ar/LC_MESSAGES
config/includes.chroot/usr/share/gnome-shell/extensions/appindicatorsupport@rgcjonas.gmail.com/locale/ar/LC_MESSAGES/AppIndicatorExtension.mo
config/includes.chroot/usr/share/gnome-shell/extensions/appindicatorsupport@rgcjonas.gmail.com/locale/hu
config/includes.chroot/usr/share/gnome-shell/extensions/appindicatorsupport@rgcjonas.gmail.com/locale/hu/LC_MESSAGES
config/includes.chroot/usr/share/gnome-shell/extensions/appindicatorsupport@rgcjonas.gmail.com/locale/hu/LC_MESSAGES/AppIndicatorExtension.mo
config/includes.chroot/usr/share/gnome-shell/extensions/appindicatorsupport@rgcjonas.gmail.com/locale/ko
config/includes.chroot/usr/share/gnome-shell/extensions/appindicatorsupport@rgcjonas.gmail.com/locale/ko/LC_MESSAGES
config/includes.chroot/usr/share/gnome-shell/extensions/appindicatorsupport@rgcjonas.gmail.com/locale/ko/LC_MESSAGES/AppIndicatorExtension.mo
config/includes.chroot/usr/share/gnome-shell/extensions/appindicatorsupport@rgcjonas.gmail.com/locale/sr
config/includes.chroot/usr/share/gnome-shell/extensions/appindicatorsupport@rgcjonas.gmail.com/locale/sr/LC_MESSAGES
config/includes.chroot/usr/share/gnome-shell/extensions/appindicatorsupport@rgcjonas.gmail.com/locale/sr/LC_MESSAGES/AppIndicatorExtension.mo
config/includes.chroot/usr/share/gnome-shell/extensions/appindicatorsupport@rgcjonas.gmail.com/locale/zh_CN
config/includes.chroot/usr/share/gnome-shell/extensions/appindicatorsupport@rgcjonas.gmail.com/locale/zh_CN/LC_MESSAGES
config/includes.chroot/usr/share/gnome-shell/extensions/appindicatorsupport@rgcjonas.gmail.com/locale/zh_CN/LC_MESSAGES/AppIndicatorExtension.mo
config/includes.chroot/usr/share/gnome-shell/extensions/appindicatorsupport@rgcjonas.gmail.com/locale/uk
config/includes.chroot/usr/share/gnome-shell/extensions/appindicatorsupport@rgcjonas.gmail.com/locale/uk/LC_MESSAGES
config/includes.chroot/usr/share/gnome-shell/extensions/appindicatorsupport@rgcjonas.gmail.com/locale/uk/LC_MESSAGES/AppIndicatorExtension.mo
config/includes.chroot/usr/share/gnome-shell/extensions/appindicatorsupport@rgcjonas.gmail.com/locale/ru
config/includes.chroot/usr/share/gnome-shell/extensions/appindicatorsupport@rgcjonas.gmail.com/locale/ru/LC_MESSAGES
config/includes.chroot/usr/share/gnome-shell/extensions/appindicatorsupport@rgcjonas.gmail.com/locale/ru/LC_MESSAGES/AppIndicatorExtension.mo
config/includes.chroot/usr/share/gnome-shell/extensions/appindicatorsupport@rgcjonas.gmail.com/locale/ka
config/includes.chroot/usr/share/gnome-shell/extensions/appindicatorsupport@rgcjonas.gmail.com/locale/ka/LC_MESSAGES
config/includes.chroot/usr/share/gnome-shell/extensions/appindicatorsupport@rgcjonas.gmail.com/locale/ka/LC_MESSAGES/AppIndicatorExtension.mo
config/includes.chroot/usr/share/gnome-shell/extensions/appindicatorsupport@rgcjonas.gmail.com/locale/de
config/includes.chroot/usr/share/gnome-shell/extensions/appindicatorsupport@rgcjonas.gmail.com/locale/de/LC_MESSAGES
config/includes.chroot/usr/share/gnome-shell/extensions/appindicatorsupport@rgcjonas.gmail.com/locale/de/LC_MESSAGES/AppIndicatorExtension.mo
config/includes.chroot/usr/share/gnome-shell/extensions/appindicatorsupport@rgcjonas.gmail.com/locale/pt_BR
config/includes.chroot/usr/share/gnome-shell/extensions/appindicatorsupport@rgcjonas.gmail.com/locale/pt_BR/LC_MESSAGES
config/includes.chroot/usr/share/gnome-shell/extensions/appindicatorsupport@rgcjonas.gmail.com/locale/pt_BR/LC_MESSAGES/AppIndicatorExtension.mo
config/includes.chroot/usr/share/gnome-shell/extensions/appindicatorsupport@rgcjonas.gmail.com/locale/sr@latin
config/includes.chroot/usr/share/gnome-shell/extensions/appindicatorsupport@rgcjonas.gmail.com/locale/sr@latin/LC_MESSAGES
config/includes.chroot/usr/share/gnome-shell/extensions/appindicatorsupport@rgcjonas.gmail.com/locale/sr@latin/LC_MESSAGES/AppIndicatorExtension.mo
config/includes.chroot/usr/share/gnome-shell/extensions/appindicatorsupport@rgcjonas.gmail.com/locale/it
config/includes.chroot/usr/share/gnome-shell/extensions/appindicatorsupport@rgcjonas.gmail.com/locale/it/LC_MESSAGES
config/includes.chroot/usr/share/gnome-shell/extensions/appindicatorsupport@rgcjonas.gmail.com/locale/it/LC_MESSAGES/AppIndicatorExtension.mo
config/includes.chroot/usr/share/gnome-shell/extensions/appindicatorsupport@rgcjonas.gmail.com/promiseUtils.js
config/includes.chroot/usr/share/gnome-shell/extensions/appindicatorsupport@rgcjonas.gmail.com/preferences
config/includes.chroot/usr/share/gnome-shell/extensions/appindicatorsupport@rgcjonas.gmail.com/preferences/generalPage.js
config/includes.chroot/usr/share/gnome-shell/extensions/appindicatorsupport@rgcjonas.gmail.com/preferences/customIconPage.js
config/includes.chroot/usr/share/gnome-shell/extensions/appindicatorsupport@rgcjonas.gmail.com/interfaces.js
config/includes.chroot/usr/share/gnome-shell/extensions/appindicatorsupport@rgcjonas.gmail.com/iconTheme.js
config/includes.chroot/usr/share/gnome-shell/extensions/appindicatorsupport@rgcjonas.gmail.com/util.js
config/includes.chroot/usr/share/gnome-shell/extensions/appindicatorsupport@rgcjonas.gmail.com/indicatorStatusIcon.js
config/includes.chroot/usr/share/calamares
config/includes.chroot/usr/share/calamares/branding
config/includes.chroot/usr/share/calamares/branding/aureon
config/includes.chroot/usr/share/calamares/branding/aureon/finished.png
config/includes.chroot/usr/share/calamares/branding/aureon/welcome.png
config/includes.chroot/usr/share/calamares/branding/aureon/branding.desc
config/includes.chroot/usr/share/calamares/branding/aureon/show.qml
config/includes.chroot/usr/share/calamares/branding/aureon/logo.png
config/includes.chroot/usr/share/calamares/branding/aureon/languages.png
config/includes.chroot/usr/share/calamares/branding/aureon/partition.png
config/includes.chroot/usr/share/calamares/branding/default
config/includes.chroot/usr/share/calamares/branding/default/branding.desc
config/includes.chroot/usr/share/calamares/branding/default/banner.png.license
config/includes.chroot/usr/share/calamares/branding/default/lang
config/includes.chroot/usr/share/calamares/branding/default/lang/calamares-default_fr.qm
config/includes.chroot/usr/share/calamares/branding/default/lang/calamares-default_en.qm
config/includes.chroot/usr/share/calamares/branding/default/lang/calamares-default_ar.qm
config/includes.chroot/usr/share/calamares/branding/default/lang/calamares-default_eo.qm
config/includes.chroot/usr/share/calamares/branding/default/lang/calamares-default_nl.qm
config/includes.chroot/usr/share/calamares/branding/default/show.qml
config/includes.chroot/usr/share/calamares/branding/default/squid.png.license
config/includes.chroot/usr/share/calamares/branding/default/languages.png.license
config/includes.chroot/usr/share/calamares/branding/default/languages.png
config/includes.chroot/usr/share/calamares/branding/default/banner.png
config/includes.chroot/usr/share/calamares/branding/default/squid.png
config/includes.chroot/usr/share/calamares/branding/default/stylesheet.qss
config/includes.chroot/usr/share/calamares/helpers
config/includes.chroot/usr/share/calamares/helpers/calamares-sources-media
config/includes.chroot/usr/share/calamares/helpers/calamares-sources-final
config/includes.chroot/usr/share/calamares/helpers/calamares-bootloader-config
config/includes.chroot/usr/share/calamares/helpers/calamares-dpkg-unsafe-io
config/includes.chroot/usr/share/calamares/qml
config/includes.chroot/usr/share/calamares/qml/calamares
config/includes.chroot/usr/share/calamares/qml/calamares/slideshow
config/includes.chroot/usr/share/calamares/qml/calamares/slideshow/qmldir.license
config/includes.chroot/usr/share/calamares/qml/calamares/slideshow/qmldir
config/includes.chroot/usr/share/calamares/qml/calamares/slideshow/Slide.qml
config/includes.chroot/usr/share/calamares/qml/calamares/slideshow/ForwardButton.qml
config/includes.chroot/usr/share/calamares/qml/calamares/slideshow/NavButton.qml
config/includes.chroot/usr/share/calamares/qml/calamares/slideshow/Presentation.qml
config/includes.chroot/usr/share/calamares/qml/calamares/slideshow/BackButton.qml
config/includes.chroot/usr/share/calamares/qml/calamares/slideshow/SlideCounter.qml
config/includes.chroot/usr/share/backgrounds
config/includes.chroot/usr/share/backgrounds/aureon
config/includes.chroot/usr/share/backgrounds/aureon/dark.png
config/includes.chroot/usr/share/backgrounds/aureon/light.png
config/includes.chroot/usr/share/applications
config/includes.chroot/usr/share/applications/install-aureon.desktop
config/includes.chroot/usr/local
config/includes.chroot/usr/local/bin
config/includes.chroot/usr/local/bin/install-extensions.sh
config/includes.chroot/usr/local/bin/aureon-cleanup.sh
config/includes.chroot/usr/local/bin/aureon-tor
config/includes.chroot/usr/local/share
config/includes.chroot/usr/local/share/aureon
config/includes.chroot/usr/local/share/aureon/packages
config/includes.chroot/usr/local/share/aureon/packages/aureon-security-center_1.0.0_all.deb
config/common
config/packages
config/apt
config/source
config/packages.chroot
config/debian-installer
config/archives
config/archives/aureon.list.chroot
config/chroot
config/package-lists
config/package-lists/live.list.chroot
config/package-lists/aureon.list.chroot
config/includes.chroot_after_packages
config/includes.bootstrap
config/bootloaders
config/bootstrap
config/binary

===== Proxy Environment =====

===== Network Test =====
PING deb.debian.org.localdomain (151.101.130.132) 56(84) bytes of data.
64 bytes from 151.101.130.132: icmp_seq=1 ttl=128 time=13.7 ms
64 bytes from 151.101.130.132: icmp_seq=2 ttl=128 time=13.9 ms
64 bytes from 151.101.130.132: icmp_seq=3 ttl=128 time=13.5 ms
64 bytes from 151.101.130.132: icmp_seq=4 ttl=128 time=12.4 ms

--- deb.debian.org.localdomain ping statistics ---
4 packets transmitted, 4 received, 0% packet loss, time 7059ms
rtt min/avg/max/mdev = 12.423/13.398/13.946/0.581 ms

===== APT Update =====

WARNING: apt does not have a stable CLI interface. Use with caution in scripts.

Hit:1 http://security.debian.org trixie-security InRelease
Hit:2 https://packages.microsoft.com/repos/code stable InRelease
Hit:3 http://deb.debian.org/debian trixie InRelease
Hit:4 http://deb.debian.org/debian trixie-updates InRelease
Reading package lists...
Building dependency tree...
Reading state information...
All packages are up to date.

===== apt download nano =====

WARNING: apt does not have a stable CLI interface. Use with caution in scripts.

Get:1 http://deb.debian.org/debian trixie/main amd64 nano amd64 8.4-1+deb13u1 [645 kB]
Fetched 645 kB in 5s (120 kB/s)
Warning: Download is performed unsandboxed as root as file '/home/siam/AureonOS/nano_8.4-1+deb13u1_amd64.deb' couldn't be accessed by user '_apt'. - pkgAcquire::Run (13: Permission denied)

===== wget Test =====
--2026-07-24 23:51:56--  http://deb.debian.org/debian/pool/main/n/newt/whiptail_0.52.25-1_amd64.deb
Resolving deb.debian.org (deb.debian.org)... failed: Temporary failure in name resolution.
wget: unable to resolve host address ‘deb.debian.org’

===== live-build Config Dump =====
[2026-07-24 23:52:26] lb config --dump
This is live-build version 20250505+deb13u1
Installed version reported by dpkg is 1:20250505+deb13u1
config/common: # config/common - common options for live-build(7)
config/common: 
config/common: # Version of live-build used to build config (config format version)
config/common: LB_CONFIGURATION_VERSION="20250505+deb13u1"
config/common: 
config/common: # Set package manager
config/common: LB_APT="apt"
config/common: 
config/common: # Set proxy for HTTP connections
config/common: LB_APT_HTTP_PROXY=""
config/common: 
config/common: # Set apt/aptitude pipeline depth
config/common: LB_APT_PIPELINE=""
config/common: 
config/common: # Set apt/aptitude recommends
config/common: LB_APT_RECOMMENDS="true"
config/common: 
config/common: # Set apt/aptitude security
config/common: LB_APT_SECURE="true"
config/common: 
config/common: # Set apt/aptitude source entries in sources.list
config/common: LB_APT_SOURCE_ARCHIVES="true"
config/common: 
config/common: # Control cache
config/common: LB_CACHE="true"
config/common: 
config/common: # Control if downloaded package indices should be cached
config/common: LB_CACHE_INDICES="false"
config/common: 
config/common: # Control if downloaded packages files should be cached
config/common: LB_CACHE_PACKAGES="true"
config/common: 
config/common: # Control if completed stages should be cached
config/common: LB_CACHE_STAGES="bootstrap"
config/common: 
config/common: # Set debconf(1) frontend to use
config/common: LB_DEBCONF_FRONTEND="noninteractive"
config/common: 
config/common: # Set debconf(1) priority to use
config/common: LB_DEBCONF_PRIORITY="critical"
config/common: 
config/common: # Set initramfs hook
config/common: LB_INITRAMFS="live-boot"
config/common: 
config/common: # Set initramfs compression
config/common: LB_INITRAMFS_COMPRESSION="gzip"
config/common: 
config/common: # Set init system
config/common: LB_INITSYSTEM="systemd"
config/common: 
config/common: # Set distribution mode
config/common: LB_MODE="debian"
config/common: 
config/common: # Set system type
config/common: LB_SYSTEM="live"
config/common: 
config/common: # Set base name of the image
config/common: LB_IMAGE_NAME="live-image"
config/common: 
config/common: # Set options to use with apt
config/common: APT_OPTIONS="--yes -o Acquire::Retries=5"
config/common: 
config/common: # Set options to use with aptitude
config/common: APTITUDE_OPTIONS="--assume-yes -o Acquire::Retries=5"
config/common: 
config/common: # Set options to use with debootstrap
config/common: DEBOOTSTRAP_OPTIONS=""
config/common: 
config/common: # Set script to use with debootstrap
config/common: DEBOOTSTRAP_SCRIPT=""
config/common: 
config/common: # Set options to use with gzip
config/common: GZIP_OPTIONS="-6 --rsyncable"
config/common: 
config/common: # Enable UTC timestamps
config/common: LB_UTC_TIME="false"
config/common: 
config/common: # live-build options
config/common: 
config/common: # Enable breakpoints
config/common: # If set here, overrides the command line option
config/common: #_BREAKPOINTS="false"
config/common: 
config/common: # Enable debug
config/common: # If set here, overrides the command line option
config/common: #_DEBUG="false"
config/common: 
config/common: # Enable color
config/common: # If set here, overrides the command line option
config/common: #_COLOR="auto"
config/common: 
config/common: # Enable force
config/common: # If set here, overrides the command line option
config/common: #_FORCE="false"
config/common: 
config/common: # Enable quiet
config/common: # If set here, overrides the command line option
config/common: #_QUIET="false"
config/common: 
config/common: # Enable verbose
config/common: # If set here, overrides the command line option
config/common: #_VERBOSE="false"
config/bootstrap: # config/bootstrap - options for live-build(7), bootstrap stage
config/bootstrap: 
config/bootstrap: # Select architecture to use
config/bootstrap: LB_ARCHITECTURE="amd64"
config/bootstrap: 
config/bootstrap: # Select distribution to use
config/bootstrap: LB_DISTRIBUTION="trixie"
config/bootstrap: 
config/bootstrap: # Select parent distribution to use
config/bootstrap: LB_PARENT_DISTRIBUTION=""
config/bootstrap: 
config/bootstrap: # Select distribution to use in the chroot
config/bootstrap: LB_DISTRIBUTION_CHROOT="trixie"
config/bootstrap: 
config/bootstrap: # Select parent distribution to use in the chroot
config/bootstrap: LB_PARENT_DISTRIBUTION_CHROOT="trixie"
config/bootstrap: 
config/bootstrap: # Select distribution to use in the final image
config/bootstrap: LB_DISTRIBUTION_BINARY="trixie"
config/bootstrap: 
config/bootstrap: # Select parent distribution to use in the final image
config/bootstrap: LB_PARENT_DISTRIBUTION_BINARY="trixie"
config/bootstrap: 
config/bootstrap: # Select parent distribution for debian-installer to use
config/bootstrap: LB_PARENT_DEBIAN_INSTALLER_DISTRIBUTION="trixie"
config/bootstrap: 
config/bootstrap: # Select archive areas to use
config/bootstrap: LB_ARCHIVE_AREAS="main contrib non-free non-free-firmware"
config/bootstrap: 
config/bootstrap: # Select parent archive areas to use
config/bootstrap: LB_PARENT_ARCHIVE_AREAS="main"
config/bootstrap: 
config/bootstrap: # Set parent mirror to bootstrap from
config/bootstrap: LB_PARENT_MIRROR_BOOTSTRAP="http://deb.debian.org/debian/"
config/bootstrap: 
config/bootstrap: # Set parent mirror to fetch packages from
config/bootstrap: LB_PARENT_MIRROR_CHROOT="http://deb.debian.org/debian/"
config/bootstrap: 
config/bootstrap: # Set security parent mirror to fetch packages from
config/bootstrap: LB_PARENT_MIRROR_CHROOT_SECURITY="http://security.debian.org/"
config/bootstrap: 
config/bootstrap: # Set parent mirror which ends up in the image
config/bootstrap: LB_PARENT_MIRROR_BINARY="http://deb.debian.org/debian/"
config/bootstrap: 
config/bootstrap: # Set security parent mirror which ends up in the image
config/bootstrap: LB_PARENT_MIRROR_BINARY_SECURITY="http://security.debian.org/"
config/bootstrap: 
config/bootstrap: # Set debian-installer parent mirror
config/bootstrap: LB_PARENT_MIRROR_DEBIAN_INSTALLER="http://deb.debian.org/debian/"
config/bootstrap: 
config/bootstrap: # Set mirror to bootstrap from
config/bootstrap: LB_MIRROR_BOOTSTRAP="https://deb.debian.org/debian"
config/bootstrap: 
config/bootstrap: # Set mirror to fetch packages from
config/bootstrap: LB_MIRROR_CHROOT="https://deb.debian.org/debian"
config/bootstrap: 
config/bootstrap: # Set security mirror to fetch packages from
config/bootstrap: LB_MIRROR_CHROOT_SECURITY="https://security.debian.org/debian-security"
config/bootstrap: 
config/bootstrap: # Set mirror which ends up in the image
config/bootstrap: LB_MIRROR_BINARY="https://deb.debian.org/debian"
config/bootstrap: 
config/bootstrap: # Set security mirror which ends up in the image
config/bootstrap: LB_MIRROR_BINARY_SECURITY="https://security.debian.org/debian-security"
config/bootstrap: 
config/bootstrap: # Set debian-installer mirror
config/bootstrap: LB_MIRROR_DEBIAN_INSTALLER="http://deb.debian.org/debian/"
config/bootstrap: 
config/bootstrap: # Set architectures to use foreign bootstrap
config/bootstrap: LB_BOOTSTRAP_QEMU_ARCHITECTURE=""
config/bootstrap: 
config/bootstrap: # Set packages to exclude during foreign bootstrap
config/bootstrap: LB_BOOTSTRAP_QEMU_EXCLUDE=""
config/bootstrap: 
config/bootstrap: # Set static qemu binary for foreign bootstrap
config/bootstrap: LB_BOOTSTRAP_QEMU_STATIC=""
config/chroot: # config/chroot - options for live-build(7), chroot stage
config/chroot: 
config/chroot: # Set chroot filesystem
config/chroot: LB_CHROOT_FILESYSTEM="squashfs"
config/chroot: 
config/chroot: # Set chroot squashfs compression level
config/chroot: LB_CHROOT_SQUASHFS_COMPRESSION_LEVEL=""
config/chroot: 
config/chroot: # Set chroot squashfs compression type
config/chroot: LB_CHROOT_SQUASHFS_COMPRESSION_TYPE=""
config/chroot: 
config/chroot: # Set union filesystem
config/chroot: LB_UNION_FILESYSTEM="overlay"
config/chroot: 
config/chroot: # Set interactive build
config/chroot: LB_INTERACTIVE="false"
config/chroot: 
config/chroot: # Set keyring packages
config/chroot: LB_KEYRING_PACKAGES="debian-archive-keyring"
config/chroot: 
config/chroot: # Set kernel flavour to use (with arch)
config/chroot: LB_LINUX_FLAVOURS_WITH_ARCH="amd64"
config/chroot: 
config/chroot: # Set kernel packages to use
config/chroot: LB_LINUX_PACKAGES="linux-image"
config/chroot: 
config/chroot: # Enable security updates
config/chroot: LB_SECURITY="true"
config/chroot: 
config/chroot: # Enable updates updates
config/chroot: LB_UPDATES="true"
config/chroot: 
config/chroot: # Enable backports updates
config/chroot: LB_BACKPORTS="false"
config/chroot: 
config/chroot: # Enable proposed updates
config/chroot: LB_PROPOSED_UPDATES="false"
config/binary: # config/binary - options for live-build(7), binary stage
config/binary: 
config/binary: # Set image type
config/binary: LB_IMAGE_TYPE="iso-hybrid"
config/binary: 
config/binary: # Set image filesystem
config/binary: LB_BINARY_FILESYSTEM="fat32"
config/binary: 
config/binary: # Set apt/aptitude generic indices
config/binary: LB_APT_INDICES="true"
config/binary: 
config/binary: # Set boot parameters
config/binary: LB_BOOTAPPEND_LIVE="boot=live components quiet splash"
config/binary: 
config/binary: # Set boot parameters
config/binary: LB_BOOTAPPEND_INSTALL=""
config/binary: 
config/binary: # Set boot parameters
config/binary: LB_BOOTAPPEND_LIVE_FAILSAFE="boot=live components memtest noapic noapm nodma nomce nosmp nosplash vga=788"
config/binary: 
config/binary: # Set BIOS bootloader
config/binary: LB_BOOTLOADER_BIOS="syslinux"
config/binary: 
config/binary: # Set EFI bootloader
config/binary: LB_BOOTLOADER_EFI="grub-efi"
config/binary: 
config/binary: # Set bootloaders
config/binary: LB_BOOTLOADERS=""
config/binary: 
config/binary: # Set checksums
config/binary: LB_CHECKSUMS="sha256 md5"
config/binary: 
config/binary: # Set compression
config/binary: LB_COMPRESSION="none"
config/binary: 
config/binary: # Support dm-verity on rootfs
config/binary: LB_DM_VERITY=""
config/binary: 
config/binary: # Support FEC on dm-verity rootfs
config/binary: LB_DM_VERITY_FEC_ROOTS=""
config/binary: 
config/binary: # Set sign script for roothash for dm-verity rootfs
config/binary: LB_DM_VERITY_SIGN=""
config/binary: 
config/binary: # Set zsync
config/binary: LB_ZSYNC="false"
config/binary: 
config/binary: # Control if we build binary images chrooted
config/binary: # NEVER, *EVER*, *E*V*E*R* SET THIS OPTION to false.
config/binary: LB_BUILD_WITH_CHROOT="true"
config/binary: 
config/binary: # Set debian-installer
config/binary: LB_DEBIAN_INSTALLER="live"
config/binary: 
config/binary: # Set debian-installer suite
config/binary: LB_DEBIAN_INSTALLER_DISTRIBUTION="testing"
config/binary: 
config/binary: # Set debian-installer preseed filename/url
config/binary: LB_DEBIAN_INSTALLER_PRESEEDFILE=""
config/binary: 
config/binary: # Toggle use of GUI debian-installer
config/binary: LB_DEBIAN_INSTALLER_GUI="true"
config/binary: 
config/binary: # Set hdd label
config/binary: LB_HDD_LABEL="AUREON_OS"
config/binary: 
config/binary: # Set hdd filesystem size
config/binary: LB_HDD_SIZE="auto"
config/binary: 
config/binary: # Set start of partition for the hdd target for BIOSes that expect a specific boot partition start (e.g. "63s"). If empty, use optimal layout.
config/binary: LB_HDD_PARTITION_START=""
config/binary: 
config/binary: # Set iso author
config/binary: LB_ISO_APPLICATION="AUREON OS"
config/binary: 
config/binary: # Set iso preparer
config/binary: LB_ISO_PREPARER="live-build @LB_VERSION@; https://salsa.debian.org/live-team/live-build"
config/binary: 
config/binary: # Set iso publisher
config/binary: LB_ISO_PUBLISHER="AUREON Project"
config/binary: 
config/binary: # Set iso volume (max 32 chars)
config/binary: LB_ISO_VOLUME="AUREON_1.0"
config/binary: 
config/binary: # Set jffs2 eraseblock size
config/binary: LB_JFFS2_ERASEBLOCK=""
config/binary: 
config/binary: # Set memtest
config/binary: LB_MEMTEST="none"
config/binary: 
config/binary: # Set loadlin
config/binary: LB_LOADLIN="false"
config/binary: 
config/binary: # Set win32-loader
config/binary: LB_WIN32_LOADER="false"
config/binary: 
config/binary: # Set net tarball
config/binary: LB_NET_TARBALL="true"
config/binary: 
config/binary: # Set onie
config/binary: LB_ONIE="false"
config/binary: 
config/binary: # Set onie additional kernel cmdline options
config/binary: LB_ONIE_KERNEL_CMDLINE=""
config/binary: 
config/binary: # Set inclusion of firmware packages in debian-installer
config/binary: LB_FIRMWARE_BINARY="true"
config/binary: 
config/binary: # Set inclusion of firmware packages in the live image
config/binary: LB_FIRMWARE_CHROOT="true"
config/binary: 
config/binary: # Set swap file path
config/binary: LB_SWAP_FILE_PATH=""
config/binary: 
config/binary: # Set swap file size
config/binary: LB_SWAP_FILE_SIZE="512"
config/binary: 
config/binary: # Enable/disable UEFI secure boot support
config/binary: LB_UEFI_SECURE_BOOT="auto"
config/source: # config/source - options for live-build(7), source stage
config/source: 
config/source: # Set source option
config/source: LB_SOURCE="false"
config/source: 
config/source: # Set image type
config/source: LB_SOURCE_IMAGES="tar"
config/package-lists/aureon.list.chroot: ########################################################################
config/package-lists/aureon.list.chroot: # AUREON OS - Minimal GNOME Package List
config/package-lists/aureon.list.chroot: ########################################################################
config/package-lists/aureon.list.chroot: 
config/package-lists/aureon.list.chroot: ############################
config/package-lists/aureon.list.chroot: # Base Desktop
config/package-lists/aureon.list.chroot: ############################
config/package-lists/aureon.list.chroot: gnome-core
config/package-lists/aureon.list.chroot: gnome-shell
config/package-lists/aureon.list.chroot: gnome-session
config/package-lists/aureon.list.chroot: gnome-control-center
config/package-lists/aureon.list.chroot: gnome-settings-daemon
config/package-lists/aureon.list.chroot: gnome-terminal
config/package-lists/aureon.list.chroot: gnome-console
config/package-lists/aureon.list.chroot: nautilus
config/package-lists/aureon.list.chroot: nautilus-extension-gnome-terminal
config/package-lists/aureon.list.chroot: gnome-text-editor
config/package-lists/aureon.list.chroot: eog
config/package-lists/aureon.list.chroot: evince
config/package-lists/aureon.list.chroot: xorg
config/package-lists/aureon.list.chroot: xserver-xorg
config/package-lists/aureon.list.chroot: 
config/package-lists/aureon.list.chroot: ############################
config/package-lists/aureon.list.chroot: # Display Manager
config/package-lists/aureon.list.chroot: ############################
config/package-lists/aureon.list.chroot: gdm3
config/package-lists/aureon.list.chroot: 
config/package-lists/aureon.list.chroot: ############################
config/package-lists/aureon.list.chroot: # Networking
config/package-lists/aureon.list.chroot: ############################
config/package-lists/aureon.list.chroot: network-manager
config/package-lists/aureon.list.chroot: network-manager-gnome
config/package-lists/aureon.list.chroot: 
config/package-lists/aureon.list.chroot: ############################
config/package-lists/aureon.list.chroot: # Audio
config/package-lists/aureon.list.chroot: ############################
config/package-lists/aureon.list.chroot: pipewire
config/package-lists/aureon.list.chroot: pipewire-audio
config/package-lists/aureon.list.chroot: wireplumber
config/package-lists/aureon.list.chroot: pavucontrol
config/package-lists/aureon.list.chroot: 
config/package-lists/aureon.list.chroot: ############################
config/package-lists/aureon.list.chroot: # File Management
config/package-lists/aureon.list.chroot: ############################
config/package-lists/aureon.list.chroot: gvfs
config/package-lists/aureon.list.chroot: gvfs-backends
config/package-lists/aureon.list.chroot: udisks2
config/package-lists/aureon.list.chroot: 
config/package-lists/aureon.list.chroot: ############################
config/package-lists/aureon.list.chroot: # Themes & Icons
config/package-lists/aureon.list.chroot: ############################
config/package-lists/aureon.list.chroot: adwaita-icon-theme
config/package-lists/aureon.list.chroot: gnome-themes-extra
config/package-lists/aureon.list.chroot: 
config/package-lists/aureon.list.chroot: ############################
config/package-lists/aureon.list.chroot: # Fonts
config/package-lists/aureon.list.chroot: ############################
config/package-lists/aureon.list.chroot: fonts-dejavu
config/package-lists/aureon.list.chroot: fonts-noto
config/package-lists/aureon.list.chroot: fonts-noto-color-emoji
config/package-lists/aureon.list.chroot: # Essential Fonts
config/package-lists/aureon.list.chroot: fonts-dejavu-core
config/package-lists/aureon.list.chroot: fonts-dejavu-extra
config/package-lists/aureon.list.chroot: 
config/package-lists/aureon.list.chroot: # Noto Fonts (recommended)
config/package-lists/aureon.list.chroot: fonts-noto-core
config/package-lists/aureon.list.chroot: fonts-noto-extra
config/package-lists/aureon.list.chroot: fonts-noto-cjk
config/package-lists/aureon.list.chroot: fonts-noto-color-emoji
config/package-lists/aureon.list.chroot: 
config/package-lists/aureon.list.chroot: # Bangla
config/package-lists/aureon.list.chroot: fonts-noto-core
config/package-lists/aureon.list.chroot: fonts-lohit-beng-bengali
config/package-lists/aureon.list.chroot: 
config/package-lists/aureon.list.chroot: # Arabic
config/package-lists/aureon.list.chroot: fonts-noto-core
config/package-lists/aureon.list.chroot: fonts-hosny-amiri
config/package-lists/aureon.list.chroot: 
config/package-lists/aureon.list.chroot: # Japanese
config/package-lists/aureon.list.chroot: fonts-noto-cjk
config/package-lists/aureon.list.chroot: 
config/package-lists/aureon.list.chroot: # Chinese
config/package-lists/aureon.list.chroot: fonts-noto-cjk
config/package-lists/aureon.list.chroot: 
config/package-lists/aureon.list.chroot: # Korean
config/package-lists/aureon.list.chroot: fonts-noto-cjk
config/package-lists/aureon.list.chroot: 
config/package-lists/aureon.list.chroot: # Thai
config/package-lists/aureon.list.chroot: fonts-thai-tlwg
config/package-lists/aureon.list.chroot: 
config/package-lists/aureon.list.chroot: # Indic Languages
config/package-lists/aureon.list.chroot: fonts-indic
config/package-lists/aureon.list.chroot: ############################
config/package-lists/aureon.list.chroot: # Customization
config/package-lists/aureon.list.chroot: ############################
config/package-lists/aureon.list.chroot: gnome-tweaks
config/package-lists/aureon.list.chroot: dconf-cli
config/package-lists/aureon.list.chroot: dconf-editor
config/package-lists/aureon.list.chroot: 
config/package-lists/aureon.list.chroot: ############################
config/package-lists/aureon.list.chroot: # Archive Support
config/package-lists/aureon.list.chroot: ############################
config/package-lists/aureon.list.chroot: file-roller
config/package-lists/aureon.list.chroot: zip
config/package-lists/aureon.list.chroot: unzip
config/package-lists/aureon.list.chroot: p7zip-full
config/package-lists/aureon.list.chroot: 
config/package-lists/aureon.list.chroot: ############################
config/package-lists/aureon.list.chroot: # System Utilities
config/package-lists/aureon.list.chroot: ############################
config/package-lists/aureon.list.chroot: sudo
config/package-lists/aureon.list.chroot: bash
config/package-lists/aureon.list.chroot: zsh
config/package-lists/aureon.list.chroot: curl
config/package-lists/aureon.list.chroot: wget
config/package-lists/aureon.list.chroot: git
config/package-lists/aureon.list.chroot: nano
config/package-lists/aureon.list.chroot: vim
config/package-lists/aureon.list.chroot: less
config/package-lists/aureon.list.chroot: tree
config/package-lists/aureon.list.chroot: htop
config/package-lists/aureon.list.chroot: fastfetch
config/package-lists/aureon.list.chroot: pciutils
config/package-lists/aureon.list.chroot: usbutils
config/package-lists/aureon.list.chroot: lsof
config/package-lists/aureon.list.chroot: rsync
config/package-lists/aureon.list.chroot: plymouth
config/package-lists/aureon.list.chroot: usbguard
config/package-lists/aureon.list.chroot: plymouth-themes
config/package-lists/aureon.list.chroot: zsh
config/package-lists/aureon.list.chroot: zsh-syntax-highlighting
config/package-lists/aureon.list.chroot: zsh-autosuggestions
config/package-lists/aureon.list.chroot: dconf-cli
config/package-lists/aureon.list.chroot: dconf-editor
config/package-lists/aureon.list.chroot: libgnome-menu-3-0
config/package-lists/aureon.list.chroot: gir1.2-gmenu-3.0
config/package-lists/aureon.list.chroot: gnome-menus
config/package-lists/aureon.list.chroot: ############################
config/package-lists/aureon.list.chroot: # Printing
config/package-lists/aureon.list.chroot: ############################
config/package-lists/aureon.list.chroot: cups
config/package-lists/aureon.list.chroot: 
config/package-lists/aureon.list.chroot: ############################
config/package-lists/aureon.list.chroot: # Bluetooth
config/package-lists/aureon.list.chroot: ############################
config/package-lists/aureon.list.chroot: bluez
config/package-lists/aureon.list.chroot: blueman
config/package-lists/aureon.list.chroot: 
config/package-lists/aureon.list.chroot: ############################
config/package-lists/aureon.list.chroot: # installer
config/package-lists/aureon.list.chroot: ############################
config/package-lists/aureon.list.chroot: calamares
config/package-lists/aureon.list.chroot: calamares-settings-debian
config/package-lists/aureon.list.chroot: ############################
config/package-lists/aureon.list.chroot: # Build Dependencies
config/package-lists/aureon.list.chroot: ############################
config/package-lists/aureon.list.chroot: polkitd
config/package-lists/aureon.list.chroot: dbus-user-session
config/package-lists/aureon.list.chroot: xdg-user-dirs
config/package-lists/aureon.list.chroot: xdg-utils
config/package-lists/aureon.list.chroot: desktop-file-utils
config/package-lists/aureon.list.chroot: 
config/package-lists/aureon.list.chroot: 
config/package-lists/aureon.list.chroot: ############################
config/package-lists/aureon.list.chroot: # Flatpak
config/package-lists/aureon.list.chroot: ############################
config/package-lists/aureon.list.chroot: flatpak
config/package-lists/aureon.list.chroot: gnome-software-plugin-flatpak
config/package-lists/aureon.list.chroot: libfuse2t64
config/package-lists/aureon.list.chroot: 
config/package-lists/aureon.list.chroot: 
config/package-lists/aureon.list.chroot: # ==========================================
config/package-lists/aureon.list.chroot: # Virtualization Support
config/package-lists/aureon.list.chroot: # VMware • VirtualBox • QEMU/KVM • GNOME Boxes • SPICE
config/package-lists/aureon.list.chroot: # ==========================================
config/package-lists/aureon.list.chroot: 
config/package-lists/aureon.list.chroot: # Guest Integration
config/package-lists/aureon.list.chroot: open-vm-tools
config/package-lists/aureon.list.chroot: qemu-guest-agent
config/package-lists/aureon.list.chroot: spice-vdagent
config/package-lists/aureon.list.chroot: 
config/chroot_local-includes: config/chroot_local-includes:
config/chroot_local-includes: total 4
config/chroot_local-includes: drwxrwxr-x 3 siam siam 4096 জুলাই     16 22:27 usr
config/chroot_local-includes: 
config/chroot_local-includes: config/chroot_local-includes/usr:
config/chroot_local-includes: total 4
config/chroot_local-includes: drwxrwxr-x 3 siam siam 4096 জুলাই     16 22:27 local
config/chroot_local-includes: 
config/chroot_local-includes: config/chroot_local-includes/usr/local:
config/chroot_local-includes: total 4
config/chroot_local-includes: drwxrwxr-x 2 siam siam 4096 জুলাই     22 18:06 bin
config/chroot_local-includes: 
config/chroot_local-includes: config/chroot_local-includes/usr/local/bin:
config/chroot_local-includes: total 4
config/chroot_local-includes: -rwxrwxr-x 1 siam siam 1227 জুলাই     22 18:06 install-extensions.sh
config/includes.binary: config/includes.binary:
config/includes.binary: total 4
config/includes.binary: drwxrwxr-x 3 siam siam 4096 জুলাই     16 22:27 boot
config/includes.binary: 
config/includes.binary: config/includes.binary/boot:
config/includes.binary: total 4
config/includes.binary: drwxrwxr-x 2 siam siam 4096 জুলাই     22 18:06 grub
config/includes.binary: 
config/includes.binary: config/includes.binary/boot/grub:
config/includes.binary: total 4
config/includes.binary: -rw-rw-r-- 1 siam siam 188 জুলাই     22 18:06 grub.cfg
config/hooks: config/hooks:
config/hooks: total 8
config/hooks: drwxrwxr-x 2 siam siam 4096 জুলাই     22 18:06 live
config/hooks: drwxrwxr-x 2 siam siam 4096 জুলাই     24 13:58 normal
config/hooks: 
config/hooks: config/hooks/live:
config/hooks: total 88
config/hooks: -rwxrwxr-x 1 siam siam  237 জুলাই     22 18:06 0010-disable-kexec-tools.hook.chroot
config/hooks: -rwxrwxr-x 1 siam siam  166 জুলাই     22 18:06 0010-install-extensions.hook.chroot
config/hooks: -rwxrwxr-x 1 siam siam  135 জুলাই     22 18:06 0050-disable-sysvinit-tmpfs.hook.chroot
config/hooks: -rwxrwxr-x 1 siam siam  269 জুলাই     22 18:06 01-set-hostname.hook.chroot
config/hooks: -rwxrwxr-x 1 siam siam  398 জুলাই     22 18:06 9500-enable-extensions.hook.chroot
config/hooks: -rwxrwxr-x 1 siam siam  475 জুলাই     22 18:06 9600-aureon-lockscreen-branding.hook.chroot
config/hooks: -rwxrwxr-x 1 siam siam  545 জুলাই     22 18:06 9700-install-custom-packages.hook.chroot
config/hooks: -rwxrwxr-x 1 siam siam 1192 জুলাই     22 18:06 9800-aureon-theme.hook.chroot
config/hooks: -rwxrwxr-x 1 siam siam  175 জুলাই     22 18:06 98-lightweight-startup.hook.chroot
config/hooks: -rwxrwxr-x 1 siam siam  921 জুলাই     24 13:12 98-set-zsh-default.hook.chroot
config/hooks: -rwxrwxr-x 1 siam siam  249 জুলাই     22 18:06 98-strip-services.hook.chroot
config/hooks: -rwxrwxr-x 1 siam siam  357 জুলাই     24 13:51 99-arcmenu-branding.hook.chroot
config/hooks: -rwxrwxr-x 1 siam siam   50 জুলাই     22 18:06 99-enable-cleanup-timer.hook.chroot
config/hooks: -rwxrwxr-x 1 siam siam   50 জুলাই     22 18:06 99-enable-clear-memory.hook.chroot
config/hooks: -rwxrwxr-x 1 siam siam  170 জুলাই     22 18:06 99-encryption-hardening.hook.chroot
config/hooks: -rwxrwxr-x 1 siam siam  429 জুলাই     22 18:06 99-fix-menus.hook.chroot
config/hooks: -rwxrwxr-x 1 siam siam  198 জুলাই     22 18:06 99-harden-fstab.hook.chroot
config/hooks: -rwxrwxr-x 1 siam siam  705 জুলাই     22 18:06 99-kernel-optimization.hook.chroot
config/hooks: -rwxrwxr-x 1 siam siam  444 জুলাই     22 18:06 99-load-extensions.hook.chroot
config/hooks: -rwxrwxr-x 1 siam siam  123 জুলাই     22 18:06 99-set-plymouth-theme.hook.chroot
config/hooks: -rwxrwxr-x 1 siam siam  113 জুলাই     22 18:06 99-update-gdm.hook.chroot
config/hooks: -rwxrwxr-x 1 siam siam  179 জুলাই     22 18:06 99-usbguard.hook.chroot
config/hooks: 
config/hooks: config/hooks/normal:
config/hooks: total 140
config/hooks: -rwxrwxr-x 1 siam siam 1044 জুলাই     22 18:06 01-install-extensions.hook.chroot
config/hooks: -rwxrwxr-x 1 siam siam  199 জুলাই     22 18:06 0200-gnome-window-buttons.chroot
config/hooks: -rwxrwxr-x 1 siam siam  260 জুলাই     24 13:58 0210-shell-theme-defaults.hook.chroot
config/hooks: -rwxrwxr-x 1 siam siam 1202 জুলাই     22 18:06 02-force-install-extensions.hook.chroot
config/hooks: -rwxrwxr-x 1 siam siam  238 জুলাই     22 18:06 0300-zsh.chroot
config/hooks: -rwxrwxr-x 1 siam siam  302 জুলাই     22 18:06 0400-default-user-sudo.chroot
config/hooks: -rwxrwxr-x 1 siam siam   77 জুলাই     22 18:06 0500-calamares-launcher.chroot
config/hooks: -rwxrwxr-x 1 siam siam  791 জুলাই     22 18:06 0 GEXT_INSTALLER_SCRIPT
config/hooks: -rwxrwxr-x 1 siam siam  163 জুলাই     22 18:06 1000-create-mtab-symlink.hook.chroot
config/hooks: -rwxrwxr-x 1 siam siam  613 জুলাই     22 18:06 1010-enable-cryptsetup.hook.chroot
config/hooks: -rwxrwxr-x 1 siam siam  133 জুলাই     22 18:06 1020-create-locales-files.hook.chroot
config/hooks: -rwxrwxr-x 1 siam siam  227 জুলাই     22 18:06 5000-update-apt-file-cache.hook.chroot
config/hooks: -rwxrwxr-x 1 siam siam  383 জুলাই     22 18:06 5010-update-apt-xapian-index.hook.chroot
config/hooks: -rwxrwxr-x 1 siam siam  152 জুলাই     22 18:06 5020-update-glx-alternative.hook.chroot
config/hooks: -rwxrwxr-x 1 siam siam  449 জুলাই     22 18:06 5030-update-plocate-database.hook.chroot
config/hooks: -rwxrwxr-x 1 siam siam  201 জুলাই     22 18:06 5040-update-nvidia-alternative.hook.chroot
config/hooks: -rwxrwxr-x 1 siam siam 1912 জুলাই     22 18:06 5050-dracut.hook.chroot
config/hooks: -rwxrwxr-x 1 siam siam   89 জুলাই     22 18:06 8000-remove-adjtime-configuration.hook.chroot
config/hooks: -rwxrwxr-x 1 siam siam  306 জুলাই     22 18:06 8010-remove-backup-files.hook.chroot
config/hooks: -rwxrwxr-x 1 siam siam  152 জুলাই     22 18:06 8020-remove-dbus-machine-id.hook.chroot
config/hooks: -rwxrwxr-x 1 siam siam  127 জুলাই     22 18:06 8030-truncate-log-files.hook.chroot
config/hooks: -rwxrwxr-x 1 siam siam   73 জুলাই     22 18:06 8040-remove-mdadm-configuration.hook.chroot
config/hooks: -rwxrwxr-x 1 siam siam  204 জুলাই     22 18:06 8050-remove-openssh-server-host-keys.hook.chroot
config/hooks: -rwxrwxr-x 1 siam siam  266 জুলাই     22 18:06 8060-remove-systemd-machine-id.hook.chroot
config/hooks: -rwxrwxr-x 1 siam siam  464 জুলাই     22 18:06 8070-remove-temporary-files.hook.chroot
config/hooks: -rwxrwxr-x 1 siam siam  261 জুলাই     22 18:06 8080-reproducible-glibc.hook.chroot
config/hooks: -rwxrwxr-x 1 siam siam  285 জুলাই     22 18:06 8090-remove-ssl-cert-snakeoil.hook.chroot
config/hooks: -rwxrwxr-x 1 siam siam  284 জুলাই     22 18:06 8100-remove-udev-persistent-cd-rules.hook.chroot
config/hooks: -rwxrwxr-x 1 siam siam  270 জুলাই     22 18:06 8110-remove-udev-persistent-net-rules.hook.chroot
config/hooks: -rwxrwxr-x 1 siam siam  116 জুলাই     22 18:06 9000-remove-gnome-icon-cache.hook.chroot
config/hooks: -rwxrwxr-x 1 siam siam  165 জুলাই     22 18:06 9010-remove-python-pyc.hook.chroot
config/hooks: -rwxrwxr-x 1 siam siam   62 জুলাই     22 18:06 9020-remove-man-cache.hook.chroot
config/hooks: -rw-rw-r-- 1 siam siam  255 জুলাই     22 18:06 9998-set-display-manager.hook.chroot
config/hooks: -rwxrwxr-x 1 siam siam  397 জুলাই     22 18:06 9999-import-dconf.hook.chroot
config/hooks: -rwxrwxr-x 1 siam siam  255 জুলাই     22 18:06 99-set-plymouth-theme.hook.chroot
config/includes.installer: config/includes.installer:
config/includes.installer: total 4
config/includes.installer: -rwxrwxr-x 1 siam siam 208 জুলাই     22 18:06 aureon-branding.sh
config/includes.chroot: config/includes.chroot:
config/includes.chroot: total 8
config/includes.chroot: drwxrwxr-x 10 siam siam 4096 জুলাই     22 18:06 etc
config/includes.chroot: drwxrwxr-x  4 siam siam 4096 জুলাই     16 22:27 usr
config/includes.chroot: 
config/includes.chroot: config/includes.chroot/etc:
config/includes.chroot: total 48
config/includes.chroot: drwxrwxr-x 4 siam siam 4096 জুলাই     22 18:06 calamares
config/includes.chroot: drwxrwxr-x 4 siam siam 4096 জুলাই     17 18:55 dconf
config/includes.chroot: drwxrwxr-x 3 siam siam 4096 জুলাই     16 22:27 default
config/includes.chroot: -rw-rw-r-- 1 siam siam   51 জুলাই     22 18:06 issue
config/includes.chroot: -rw-rw-r-- 1 siam siam   51 জুলাই     22 18:06 issue.net
config/includes.chroot: drwxrwxr-x 2 siam siam 4096 জুলাই     22 18:06 modprobe.d
config/includes.chroot: -rw-rw-r-- 1 siam siam  368 জুলাই     22 18:06 nftables.conf
config/includes.chroot: -rw-rw-r-- 1 siam siam  119 জুলাই     22 18:06 os-release
config/includes.chroot: drwxrwxr-x 3 siam siam 4096 জুলাই     22 18:06 skel
config/includes.chroot: drwxrwxr-x 2 siam siam 4096 জুলাই     22 18:06 sysctl.d
config/includes.chroot: drwxrwxr-x 3 siam siam 4096 জুলাই     16 22:27 systemd
config/includes.chroot: drwxrwxr-x 3 siam siam 4096 জুলাই     16 22:27 udev
config/includes.chroot: 
config/includes.chroot: config/includes.chroot/etc/calamares:
config/includes.chroot: total 12
config/includes.chroot: drwxrwxr-x 4 siam siam 4096 জুলাই     22 18:02 branding
config/includes.chroot: drwxrwxr-x 2 siam siam 4096 জুলাই     24 13:15 modules
config/includes.chroot: -rw-rw-r-- 1 siam siam 3895 জুলাই     22 18:06 settings.conf
config/includes.chroot: 
config/includes.chroot: config/includes.chroot/etc/calamares/branding:
config/includes.chroot: total 8
config/includes.chroot: drwxrwxr-x 2 siam siam 4096 জুলাই     22 18:06 aureon
config/includes.chroot: drwxrwxr-x 2 siam siam 4096 জুলাই     22 18:06 debian
config/includes.chroot: 
config/includes.chroot: config/includes.chroot/etc/calamares/branding/aureon:
config/includes.chroot: total 5104
config/includes.chroot: -rw-rw-r-- 1 siam siam 1323327 জুলাই     22 18:06 applications.png
config/includes.chroot: -rw-rw-r-- 1 siam siam     894 জুলাই     22 18:06 branding.desc
config/includes.chroot: -rw-rw-r-- 1 siam siam 2099714 জুলাই     22 18:06 desktop.png
config/includes.chroot: -rw-rw-r-- 1 siam siam  137137 জুলাই     22 18:06 logo.png
config/includes.chroot: -rw-rw-r-- 1 siam siam    2742 জুলাই     22 18:06 show.qml
config/includes.chroot: -rw-rw-r-- 1 siam siam    1682 জুলাই     22 18:06 stylesheet.qss
config/includes.chroot: -rw-rw-r-- 1 siam siam 1643513 জুলাই     22 18:06 welcome.png
config/includes.chroot: 
config/includes.chroot: config/includes.chroot/etc/calamares/branding/debian:
config/includes.chroot: total 120
config/includes.chroot: -rw-rw-r-- 1 siam siam  1047 জুলাই     22 18:06 branding.desc
config/includes.chroot: -rw-rw-r-- 1 siam siam 29455 জুলাই     22 18:06 debian-logo.png
config/includes.chroot: -rw-rw-r-- 1 siam siam  1641 জুলাই     22 18:06 show.qml
config/includes.chroot: -rw-rw-r-- 1 siam siam 45258 জুলাই     22 18:06 slide1.png
config/includes.chroot: -rw-rw-r-- 1 siam siam 31352 জুলাই     22 18:06 welcome.png
config/includes.chroot: 
config/includes.chroot: config/includes.chroot/etc/calamares/modules:
config/includes.chroot: total 44
config/includes.chroot: -rw-rw-r-- 1 siam siam 2226 জুলাই     22 18:06 bootloader.conf
config/includes.chroot: -rw-rw-r-- 1 siam siam 1049 জুলাই     22 18:06 displaymanager.conf
config/includes.chroot: -rw-rw-r-- 1 siam siam   93 জুলাই     22 18:06 finished.conf
config/includes.chroot: -rw-rw-r-- 1 siam siam  249 জুলাই     22 18:06 fstab.conf
config/includes.chroot: -rw-rw-r-- 1 siam siam  176 জুলাই     22 18:06 luksopenswaphookcfg.conf
config/includes.chroot: -rw-rw-r-- 1 siam siam  489 জুলাই     22 18:06 machineid.conf
config/includes.chroot: -rw-rw-r-- 1 siam siam 1402 জুলাই     22 18:06 mount.conf
config/includes.chroot: -rw-rw-r-- 1 siam siam  312 জুলাই     22 18:06 packages.conf
config/includes.chroot: -rw-rw-r-- 1 siam siam  125 জুলাই     22 18:06 unpackfs.conf
config/includes.chroot: -rw-rw-r-- 1 siam siam  498 জুলাই     24 13:15 users.conf
config/includes.chroot: -rw-rw-r-- 1 siam siam  296 জুলাই     22 18:06 welcome.conf
config/includes.chroot: 
config/includes.chroot: config/includes.chroot/etc/dconf:
config/includes.chroot: total 8
config/includes.chroot: drwxrwxr-x 4 siam siam 4096 জুলাই     16 22:27 db
config/includes.chroot: drwxrwxr-x 2 siam siam 4096 জুলাই     22 18:06 profile
config/includes.chroot: 
config/includes.chroot: config/includes.chroot/etc/dconf/db:
config/includes.chroot: total 8
config/includes.chroot: drwxrwxr-x 2 siam siam 4096 জুলাই     22 18:06 gdm.d
config/includes.chroot: drwxrwxr-x 2 siam siam 4096 জুলাই     22 18:21 local.d
config/includes.chroot: 
config/includes.chroot: config/includes.chroot/etc/dconf/db/gdm.d:
config/includes.chroot: total 4
config/includes.chroot: -rw-rw-r-- 1 siam siam 295 জুলাই     22 18:06 01-login-background
config/includes.chroot: 
config/includes.chroot: config/includes.chroot/etc/dconf/db/local.d:
config/includes.chroot: total 16
config/includes.chroot: -rw-rw-r-- 1 siam siam 216 জুলাই     22 18:06 00-aureon-extensions
config/includes.chroot: -rw-rw-r-- 1 siam siam  76 জুলাই     22 18:06 01-window-buttons
config/includes.chroot: -rwxrwxr-x 1 siam siam 216 জুলাই     22 18:06 02-dynamic-wallpaper
config/includes.chroot: -rw-rw-r-- 1 siam siam 126 জুলাই     22 18:21 10-arcmenu-branding
config/includes.chroot: 
config/includes.chroot: config/includes.chroot/etc/dconf/profile:
config/includes.chroot: total 4
config/includes.chroot: -rw-rw-r-- 1 siam siam 29 জুলাই     22 18:06 user
config/includes.chroot: 
config/includes.chroot: config/includes.chroot/etc/default:
config/includes.chroot: total 4
config/includes.chroot: drwxrwxr-x 2 siam siam 4096 জুলাই     22 18:06 grub.d
config/includes.chroot: 
config/includes.chroot: config/includes.chroot/etc/default/grub.d:
config/includes.chroot: total 4
config/includes.chroot: -rw-rw-r-- 1 siam siam 244 জুলাই     22 18:06 50-security.cfg
config/includes.chroot: 
config/includes.chroot: config/includes.chroot/etc/modprobe.d:
config/includes.chroot: total 4
config/includes.chroot: -rw-rw-r-- 1 siam siam 92 জুলাই     22 18:06 hardening.conf
config/includes.chroot: 
config/includes.chroot: config/includes.chroot/etc/skel:
config/includes.chroot: total 0
config/includes.chroot: 
config/includes.chroot: config/includes.chroot/etc/sysctl.d:
config/includes.chroot: total 4
config/includes.chroot: -rw-rw-r-- 1 siam siam 319 জুলাই     22 18:06 99-hardening.conf
config/includes.chroot: 
config/includes.chroot: config/includes.chroot/etc/systemd:
config/includes.chroot: total 4
config/includes.chroot: drwxrwxr-x 2 siam siam 4096 জুলাই     22 18:06 system
config/includes.chroot: 
config/includes.chroot: config/includes.chroot/etc/systemd/system:
config/includes.chroot: total 12
config/includes.chroot: -rw-rw-r-- 1 siam siam 116 জুলাই     22 18:06 aureon-cleanup.service
config/includes.chroot: -rw-rw-r-- 1 siam siam  93 জুলাই     22 18:06 aureon-cleanup.timer
config/includes.chroot: -rw-rw-r-- 1 siam siam 188 জুলাই     22 18:06 clear-memory.service
config/includes.chroot: 
config/includes.chroot: config/includes.chroot/etc/udev:
config/includes.chroot: total 4
config/includes.chroot: drwxrwxr-x 2 siam siam 4096 জুলাই     22 18:06 rules.d
config/includes.chroot: 
config/includes.chroot: config/includes.chroot/etc/udev/rules.d:
config/includes.chroot: total 4
config/includes.chroot: -rw-rw-r-- 1 siam siam 43 জুলাই     22 18:06 99-disable-hibernation.rules
config/includes.chroot: 
config/includes.chroot: config/includes.chroot/usr:
config/includes.chroot: total 8
config/includes.chroot: drwxrwxr-x 4 siam siam 4096 জুলাই     16 22:27 local
config/includes.chroot: drwxrwxr-x 9 siam siam 4096 জুলাই     17 12:40 share
config/includes.chroot: 
config/includes.chroot: config/includes.chroot/usr/local:
config/includes.chroot: total 8
config/includes.chroot: drwxrwxr-x 2 siam siam 4096 জুলাই     22 18:06 bin
config/includes.chroot: drwxrwxr-x 3 siam siam 4096 জুলাই     16 22:27 share
config/includes.chroot: 
config/includes.chroot: config/includes.chroot/usr/local/bin:
config/includes.chroot: total 12
config/includes.chroot: -rwxrwxr-x 1 siam siam  155 জুলাই     22 18:06 aureon-cleanup.sh
config/includes.chroot: -rwxrwxr-x 1 siam siam  512 জুলাই     22 18:06 aureon-tor
config/includes.chroot: -rwxrwxr-x 1 siam siam 1268 জুলাই     22 18:06 install-extensions.sh
config/includes.chroot: 
config/includes.chroot: config/includes.chroot/usr/local/share:
config/includes.chroot: total 4
config/includes.chroot: drwxrwxr-x 3 siam siam 4096 জুলাই     16 22:27 aureon
config/includes.chroot: 
config/includes.chroot: config/includes.chroot/usr/local/share/aureon:
config/includes.chroot: total 4
config/includes.chroot: drwxrwxr-x 2 siam siam 4096 জুলাই     22 18:06 packages
config/includes.chroot: 
config/includes.chroot: config/includes.chroot/usr/local/share/aureon/packages:
config/includes.chroot: total 36
config/includes.chroot: -rw-rw-r-- 1 siam siam 33156 জুলাই     22 18:06 aureon-security-center_1.0.0_all.deb
config/includes.chroot: 
config/includes.chroot: config/includes.chroot/usr/share:
config/includes.chroot: total 28
config/includes.chroot: drwx------ 2 siam siam 4096 জুলাই     22 18:06 applications
config/includes.chroot: drwxrwxr-x 2 siam siam 4096 জুলাই     22 18:06 aureon
config/includes.chroot: drwxrwxr-x 3 siam siam 4096 জুলাই     16 22:27 aureonos
config/includes.chroot: drwxrwxr-x 3 siam siam 4096 জুলাই     16 22:27 backgrounds
config/includes.chroot: drwxrwxr-x 5 siam siam 4096 জুলাই     16 22:27 calamares
config/includes.chroot: drwxrwxr-x 3 siam siam 4096 জুলাই     16 22:27 gnome-shell
config/includes.chroot: drwxrwxr-x 3 siam siam 4096 জুলাই     16 22:27 plymouth
config/includes.chroot: 
config/includes.chroot: config/includes.chroot/usr/share/applications:
config/includes.chroot: total 4
config/includes.chroot: -rwxrwxr-x 1 siam siam 203 জুলাই     22 18:06 install-aureon.desktop
config/includes.chroot: 
config/includes.chroot: config/includes.chroot/usr/share/aureon:
config/includes.chroot: total 16
config/includes.chroot: -rw-rw-r-- 1 siam siam 12975 জুলাই     22 18:06 dconf-settings.ini
config/includes.chroot: 
config/includes.chroot: config/includes.chroot/usr/share/aureonos:
config/includes.chroot: total 4
config/includes.chroot: drwxrwxr-x 2 siam siam 4096 জুলাই     22 18:06 assets
config/includes.chroot: 
config/includes.chroot: config/includes.chroot/usr/share/aureonos/assets:
config/includes.chroot: total 196
config/includes.chroot: -rw-rw-r-- 1 siam siam 137137 জুলাই     22 18:06 logo.png
config/includes.chroot: -rw-rw-r-- 1 siam siam  59242 জুলাই     22 18:06 text-logo.png
config/includes.chroot: 
config/includes.chroot: config/includes.chroot/usr/share/backgrounds:
config/includes.chroot: total 4
config/includes.chroot: drwxrwxr-x 2 siam siam 4096 জুলাই     22 18:06 aureon
config/includes.chroot: 
config/includes.chroot: config/includes.chroot/usr/share/backgrounds/aureon:
config/includes.chroot: total 3592
config/includes.chroot: -rw-rw-r-- 1 siam siam 1837456 জুলাই     22 18:06 dark.png
config/includes.chroot: -rw-rw-r-- 1 siam siam 1838726 জুলাই     22 18:06 light.png
config/includes.chroot: 
config/includes.chroot: config/includes.chroot/usr/share/calamares:
config/includes.chroot: total 12
config/includes.chroot: drwxrwxr-x 4 siam siam 4096 জুলাই     16 22:27 branding
config/includes.chroot: drwxrwxr-x 2 siam siam 4096 জুলাই     22 18:06 helpers
config/includes.chroot: drwxrwxr-x 3 siam siam 4096 জুলাই     16 22:27 qml
config/includes.chroot: 
config/includes.chroot: config/includes.chroot/usr/share/calamares/branding:
config/includes.chroot: total 8
config/includes.chroot: drwxrwxr-x 2 siam siam 4096 জুলাই     22 18:06 aureon
config/includes.chroot: drwxrwxr-x 3 siam siam 4096 জুলাই     22 18:06 default
config/includes.chroot: 
config/includes.chroot: config/includes.chroot/usr/share/calamares/branding/aureon:
config/includes.chroot: total 3204
config/includes.chroot: -rw-rw-r-- 1 siam siam     687 জুলাই     22 18:06 branding.desc
config/includes.chroot: -rw-rw-r-- 1 siam siam       0 জুলাই     22 18:06 finished.png
config/includes.chroot: -rw-rw-r-- 1 siam siam 1484277 জুলাই     22 18:06 languages.png
config/includes.chroot: -rw-rw-r-- 1 siam siam  137137 জুলাই     22 18:06 logo.png
config/includes.chroot: -rw-rw-r-- 1 siam siam       0 জুলাই     22 18:06 partition.png
config/includes.chroot: -rw-rw-r-- 1 siam siam      29 জুলাই     22 18:06 show.qml
config/includes.chroot: -rw-rw-r-- 1 siam siam 1643513 জুলাই     22 18:06 welcome.png
config/includes.chroot: 
config/includes.chroot: config/includes.chroot/usr/share/calamares/branding/default:
config/includes.chroot: total 140
config/includes.chroot: -rw-rw-r-- 1 siam siam  5937 জুলাই     22 18:06 banner.png
config/includes.chroot: -rw-rw-r-- 1 siam siam   104 জুলাই     22 18:06 banner.png.license
config/includes.chroot: -rw-rw-r-- 1 siam siam 10491 জুলাই     22 18:06 branding.desc
config/includes.chroot: drwxrwxr-x 2 siam siam  4096 জুলাই     22 18:06 lang
config/includes.chroot: -rw-rw-r-- 1 siam siam 86002 জুলাই     22 18:06 languages.png
config/includes.chroot: -rw-rw-r-- 1 siam siam    98 জুলাই     22 18:06 languages.png.license
config/includes.chroot: -rw-rw-r-- 1 siam siam  2314 জুলাই     22 18:06 show.qml
config/includes.chroot: -rw-rw-r-- 1 siam siam  8313 জুলাই     22 18:06 squid.png
config/includes.chroot: -rw-rw-r-- 1 siam siam    98 জুলাই     22 18:06 squid.png.license
config/includes.chroot: -rw-rw-r-- 1 siam siam  2435 জুলাই     22 18:06 stylesheet.qss
config/includes.chroot: 
config/includes.chroot: config/includes.chroot/usr/share/calamares/branding/default/lang:
config/includes.chroot: total 20
config/includes.chroot: -rw-rw-r-- 1 siam siam 220 জুলাই     22 18:06 calamares-default_ar.qm
config/includes.chroot: -rw-rw-r-- 1 siam siam  30 জুলাই     22 18:06 calamares-default_en.qm
config/includes.chroot: -rw-rw-r-- 1 siam siam 281 জুলাই     22 18:06 calamares-default_eo.qm
config/includes.chroot: -rw-rw-r-- 1 siam siam 293 জুলাই     22 18:06 calamares-default_fr.qm
config/includes.chroot: -rw-rw-r-- 1 siam siam 285 জুলাই     22 18:06 calamares-default_nl.qm
config/includes.chroot: 
config/includes.chroot: config/includes.chroot/usr/share/calamares/helpers:
config/includes.chroot: total 16
config/includes.chroot: -rwxrwxr-x 1 siam siam 1162 জুলাই     22 18:06 calamares-bootloader-config
config/includes.chroot: -rwxrwxr-x 1 siam siam  295 জুলাই     22 18:06 calamares-dpkg-unsafe-io
config/includes.chroot: -rwxrwxr-x 1 siam siam  989 জুলাই     22 18:06 calamares-sources-final
config/includes.chroot: -rwxrwxr-x 1 siam siam 1023 জুলাই     22 18:06 calamares-sources-media
config/includes.chroot: 
config/includes.chroot: config/includes.chroot/usr/share/calamares/qml:
config/includes.chroot: total 4
config/includes.chroot: drwxrwxr-x 3 siam siam 4096 জুলাই     16 22:27 calamares
config/includes.chroot: 
config/includes.chroot: config/includes.chroot/usr/share/calamares/qml/calamares:
config/includes.chroot: total 4
config/includes.chroot: drwxrwxr-x 2 siam siam 4096 জুলাই     22 18:06 slideshow
config/includes.chroot: 
config/includes.chroot: config/includes.chroot/usr/share/calamares/qml/calamares/slideshow:
config/includes.chroot: total 44
config/includes.chroot: -rw-rw-r-- 1 siam siam  383 জুলাই     22 18:06 BackButton.qml
config/includes.chroot: -rw-rw-r-- 1 siam siam  391 জুলাই     22 18:06 ForwardButton.qml
config/includes.chroot: -rw-rw-r-- 1 siam siam 1474 জুলাই     22 18:06 NavButton.qml
config/includes.chroot: -rw-rw-r-- 1 siam siam 8774 জুলাই     22 18:06 Presentation.qml
config/includes.chroot: -rw-rw-r-- 1 siam siam  212 জুলাই     22 18:06 qmldir
config/includes.chroot: -rw-rw-r-- 1 siam siam   60 জুলাই     22 18:06 qmldir.license
config/includes.chroot: -rw-rw-r-- 1 siam siam  759 জুলাই     22 18:06 SlideCounter.qml
config/includes.chroot: -rw-rw-r-- 1 siam siam 6866 জুলাই     22 18:06 Slide.qml
config/includes.chroot: 
config/includes.chroot: config/includes.chroot/usr/share/gnome-shell:
config/includes.chroot: total 4
config/includes.chroot: drwxrwxr-x 14 siam siam 4096 জুলাই     22 18:25 extensions
config/includes.chroot: 
config/includes.chroot: config/includes.chroot/usr/share/gnome-shell/extensions:
config/includes.chroot: total 48
config/includes.chroot: drwxrwxr-x  8 siam siam 4096 জুলাই     22 18:06 appindicatorsupport@rgcjonas.gmail.com
config/includes.chroot: drwxrwxr-x  8 siam siam 4096 জুলাই     22 18:06 arcmenu@arcmenu.com
config/includes.chroot: drwxrwxr-x 11 siam siam 4096 জুলাই     22 18:06 blur-my-shell@aunetx
config/includes.chroot: drwxrwxr-x  6 siam siam 4096 জুলাই     22 18:06 burn-my-windows@schneegans.github.com
config/includes.chroot: drwxrwxr-x  6 siam siam 4096 জুলাই     22 18:06 caffeine@patapon.info
config/includes.chroot: drwxrwxr-x  4 siam siam 4096 জুলাই     22 18:06 clipboard-indicator@tudmotu.com
config/includes.chroot: drwxrwxr-x  6 siam siam 4096 জুলাই     22 18:06 dash-to-panel@jderose9.github.com
config/includes.chroot: drwxrwxr-x  6 siam siam 4096 জুলাই     22 18:06 date-menu-formatter@marcinjakubowski.github.com
config/includes.chroot: drwxrwxr-x  8 siam siam 4096 জুলাই     18 17:27 gsconnect@andyholmes.github.io
config/includes.chroot: drwxrwxr-x  7 siam siam 4096 জুলাই     18 17:27 gtk4-ding@smedius.gitlab.com
config/includes.chroot: drwxrwxr-x  5 siam siam 4096 জুলাই     22 18:06 just-perfection-desktop@just-perfection
config/includes.chroot: drwxrwxr-x  3 siam siam 4096 জুলাই     22 18:06 window-switcher@tbepdb
config/includes.chroot: 
config/includes.chroot: config/includes.chroot/usr/share/gnome-shell/extensions/appindicatorsupport@rgcjonas.gmail.com:
config/includes.chroot: total 228
config/includes.chroot: -rw-rw-r--  1 siam siam 56073 জুলাই     22 18:06 appIndicator.js
config/includes.chroot: -rw-rw-r--  1 siam siam 33881 জুলাই     22 18:06 dbusMenu.js
config/includes.chroot: -rw-rw-r--  1 siam siam  3363 জুলাই     22 18:06 dbusProxy.js
config/includes.chroot: -rw-rw-r--  1 siam siam  4631 জুলাই     22 18:06 dbusUtils.js
config/includes.chroot: -rw-rw-r--  1 siam siam  3645 জুলাই     22 18:06 extension.js
config/includes.chroot: -rw-rw-r--  1 siam siam  5748 জুলাই     22 18:06 iconCache.js
config/includes.chroot: drwxrwxr-x  3 siam siam  4096 জুলাই     16 22:27 icons
config/includes.chroot: -rw-rw-r--  1 siam siam   246 জুলাই     22 18:06 iconTheme.js
config/includes.chroot: -rw-rw-r--  1 siam siam 21382 জুলাই     22 18:06 indicatorStatusIcon.js
config/includes.chroot: -rw-rw-r--  1 siam siam  2319 জুলাই     22 18:06 interfaces.js
config/includes.chroot: drwxrwxr-x  2 siam siam  4096 জুলাই     22 18:06 interfaces-xml
config/includes.chroot: drwxrwxr-x 25 siam siam  4096 জুলাই     16 22:27 locale
config/includes.chroot: -rw-rw-r--  1 siam siam  3421 জুলাই     22 18:06 logger.js
config/includes.chroot: -rw-rw-r--  1 siam siam   554 জুলাই     22 18:06 metadata.json
config/includes.chroot: -rw-rw-r--  1 siam siam  2654 জুলাই     22 18:06 pixmapsUtils.js
config/includes.chroot: drwxrwxr-x  2 siam siam  4096 জুলাই     22 18:06 preferences
config/includes.chroot: -rw-rw-r--  1 siam siam  1532 জুলাই     22 18:06 prefs.js
config/includes.chroot: -rw-rw-r--  1 siam siam  9509 জুলাই     22 18:06 promiseUtils.js
config/includes.chroot: drwxrwxr-x  2 siam siam  4096 জুলাই     22 18:06 schemas
config/includes.chroot: -rw-rw-r--  1 siam siam  1652 জুলাই     22 18:06 settingsManager.js
config/includes.chroot: -rw-rw-r--  1 siam siam 12162 জুলাই     22 18:06 statusNotifierWatcher.js
config/includes.chroot: drwxrwxr-x  2 siam siam  4096 জুলাই     22 18:06 tools
config/includes.chroot: -rw-rw-r--  1 siam siam  3319 জুলাই     22 18:06 trayIconsManager.js
config/includes.chroot: -rw-rw-r--  1 siam siam  8017 জুলাই     22 18:06 util.js
config/includes.chroot: 
config/includes.chroot: config/includes.chroot/usr/share/gnome-shell/extensions/appindicatorsupport@rgcjonas.gmail.com/icons:
config/includes.chroot: total 4
config/includes.chroot: drwxrwxr-x 3 siam siam 4096 জুলাই     16 22:27 hicolor
config/includes.chroot: 
config/includes.chroot: config/includes.chroot/usr/share/gnome-shell/extensions/appindicatorsupport@rgcjonas.gmail.com/icons/hicolor:
config/includes.chroot: total 4
config/includes.chroot: drwxrwxr-x 3 siam siam 4096 জুলাই     16 22:27 scalable
config/includes.chroot: 
config/includes.chroot: config/includes.chroot/usr/share/gnome-shell/extensions/appindicatorsupport@rgcjonas.gmail.com/icons/hicolor/scalable:
config/includes.chroot: total 4
config/includes.chroot: drwxrwxr-x 2 siam siam 4096 জুলাই     22 18:06 actions
config/includes.chroot: 
config/includes.chroot: config/includes.chroot/usr/share/gnome-shell/extensions/appindicatorsupport@rgcjonas.gmail.com/icons/hicolor/scalable/actions:
config/includes.chroot: total 8
config/includes.chroot: -rw-rw-r-- 1 siam siam 1886 জুলাই     22 18:06 custom-icons-symbolic.svg
config/includes.chroot: -rw-rw-r-- 1 siam siam  600 জুলাই     22 18:06 general-preferences-symbolic.svg
config/includes.chroot: 
config/includes.chroot: config/includes.chroot/usr/share/gnome-shell/extensions/appindicatorsupport@rgcjonas.gmail.com/interfaces-xml:
config/includes.chroot: total 16
config/includes.chroot: -rw-rw-r-- 1 siam siam 2463 জুলাই     22 18:06 DBusMenu.xml
config/includes.chroot: -rw-rw-r-- 1 siam siam 4199 জুলাই     22 18:06 StatusNotifierItem.xml
config/includes.chroot: -rw-rw-r-- 1 siam siam  991 জুলাই     22 18:06 StatusNotifierWatcher.xml
config/includes.chroot: 
config/includes.chroot: config/includes.chroot/usr/share/gnome-shell/extensions/appindicatorsupport@rgcjonas.gmail.com/locale:
config/includes.chroot: total 92
config/includes.chroot: drwxrwxr-x 3 siam siam 4096 জুলাই     16 22:27 ar
config/includes.chroot: drwxrwxr-x 3 siam siam 4096 জুলাই     16 22:27 bg
config/includes.chroot: drwxrwxr-x 3 siam siam 4096 জুলাই     16 22:27 cs
config/includes.chroot: drwxrwxr-x 3 siam siam 4096 জুলাই     16 22:27 de
config/includes.chroot: drwxrwxr-x 3 siam siam 4096 জুলাই     16 22:27 fr
config/includes.chroot: drwxrwxr-x 3 siam siam 4096 জুলাই     16 22:27 hu
config/includes.chroot: drwxrwxr-x 3 siam siam 4096 জুলাই     16 22:27 it
config/includes.chroot: drwxrwxr-x 3 siam siam 4096 জুলাই     16 22:27 ja
config/includes.chroot: drwxrwxr-x 3 siam siam 4096 জুলাই     16 22:27 ka
config/includes.chroot: drwxrwxr-x 3 siam siam 4096 জুলাই     16 22:27 ko
config/includes.chroot: drwxrwxr-x 3 siam siam 4096 জুলাই     16 22:27 nl
config/includes.chroot: drwxrwxr-x 3 siam siam 4096 জুলাই     16 22:27 oc
config/includes.chroot: drwxrwxr-x 3 siam siam 4096 জুলাই     16 22:27 pl
config/includes.chroot: drwxrwxr-x 3 siam siam 4096 জুলাই     16 22:27 pt_BR
config/includes.chroot: drwxrwxr-x 3 siam siam 4096 জুলাই     16 22:27 ru
config/includes.chroot: drwxrwxr-x 3 siam siam 4096 জুলাই     16 22:27 sk
config/includes.chroot: drwxrwxr-x 3 siam siam 4096 জুলাই     16 22:27 sr
config/includes.chroot: drwxrwxr-x 3 siam siam 4096 জুলাই     16 22:27 sr@latin
config/includes.chroot: drwxrwxr-x 3 siam siam 4096 জুলাই     16 22:27 ta
config/includes.chroot: drwxrwxr-x 3 siam siam 4096 জুলাই     16 22:27 tr
config/includes.chroot: drwxrwxr-x 3 siam siam 4096 জুলাই     16 22:27 uk
config/includes.chroot: drwxrwxr-x 3 siam siam 4096 জুলাই     16 22:27 zh_CN
config/includes.chroot: drwxrwxr-x 3 siam siam 4096 জুলাই     16 22:27 zh_TW
config/includes.chroot: 
config/includes.chroot: config/includes.chroot/usr/share/gnome-shell/extensions/appindicatorsupport@rgcjonas.gmail.com/locale/ar:
config/includes.chroot: total 4
config/includes.chroot: drwxrwxr-x 2 siam siam 4096 জুলাই     22 18:06 LC_MESSAGES
config/includes.chroot: 
config/includes.chroot: config/includes.chroot/usr/share/gnome-shell/extensions/appindicatorsupport@rgcjonas.gmail.com/locale/ar/LC_MESSAGES:
config/includes.chroot: total 4
config/includes.chroot: -rw-rw-r-- 1 siam siam 2722 জুলাই     22 18:06 AppIndicatorExtension.mo
config/includes.chroot: 
config/includes.chroot: config/includes.chroot/usr/share/gnome-shell/extensions/appindicatorsupport@rgcjonas.gmail.com/locale/bg:
config/includes.chroot: total 4
config/includes.chroot: drwxrwxr-x 2 siam siam 4096 জুলাই     22 18:06 LC_MESSAGES
config/includes.chroot: 
config/includes.chroot: config/includes.chroot/usr/share/gnome-shell/extensions/appindicatorsupport@rgcjonas.gmail.com/locale/bg/LC_MESSAGES:
config/includes.chroot: total 4
config/includes.chroot: -rw-rw-r-- 1 siam siam 2557 জুলাই     22 18:06 AppIndicatorExtension.mo
config/includes.chroot: 
config/includes.chroot: config/includes.chroot/usr/share/gnome-shell/extensions/appindicatorsupport@rgcjonas.gmail.com/locale/cs:
config/includes.chroot: total 4
config/includes.chroot: drwxrwxr-x 2 siam siam 4096 জুলাই     22 18:06 LC_MESSAGES
config/includes.chroot: 
config/includes.chroot: config/includes.chroot/usr/share/gnome-shell/extensions/appindicatorsupport@rgcjonas.gmail.com/locale/cs/LC_MESSAGES:
config/includes.chroot: total 4
config/includes.chroot: -rw-rw-r-- 1 siam siam 2221 জুলাই     22 18:06 AppIndicatorExtension.mo
config/includes.chroot: 
config/includes.chroot: config/includes.chroot/usr/share/gnome-shell/extensions/appindicatorsupport@rgcjonas.gmail.com/locale/de:
config/includes.chroot: total 4
config/includes.chroot: drwxrwxr-x 2 siam siam 4096 জুলাই     22 18:06 LC_MESSAGES
config/includes.chroot: 
config/includes.chroot: config/includes.chroot/usr/share/gnome-shell/extensions/appindicatorsupport@rgcjonas.gmail.com/locale/de/LC_MESSAGES:
config/includes.chroot: total 4
config/includes.chroot: -rw-rw-r-- 1 siam siam 949 জুলাই     22 18:06 AppIndicatorExtension.mo
config/includes.chroot: 
config/includes.chroot: config/includes.chroot/usr/share/gnome-shell/extensions/appindicatorsupport@rgcjonas.gmail.com/locale/fr:
config/includes.chroot: total 4
config/includes.chroot: drwxrwxr-x 2 siam siam 4096 জুলাই     22 18:06 LC_MESSAGES
config/includes.chroot: 
config/includes.chroot: config/includes.chroot/usr/share/gnome-shell/extensions/appindicatorsupport@rgcjonas.gmail.com/locale/fr/LC_MESSAGES:
config/includes.chroot: total 4
config/includes.chroot: -rw-rw-r-- 1 siam siam 2377 জুলাই     22 18:06 AppIndicatorExtension.mo
config/includes.chroot: 
config/includes.chroot: config/includes.chroot/usr/share/gnome-shell/extensions/appindicatorsupport@rgcjonas.gmail.com/locale/hu:
config/includes.chroot: total 4
config/includes.chroot: drwxrwxr-x 2 siam siam 4096 জুলাই     22 18:06 LC_MESSAGES
config/includes.chroot: 
config/includes.chroot: config/includes.chroot/usr/share/gnome-shell/extensions/appindicatorsupport@rgcjonas.gmail.com/locale/hu/LC_MESSAGES:
config/includes.chroot: total 4
config/includes.chroot: -rw-rw-r-- 1 siam siam 2646 জুলাই     22 18:06 AppIndicatorExtension.mo
config/includes.chroot: 
config/includes.chroot: config/includes.chroot/usr/share/gnome-shell/extensions/appindicatorsupport@rgcjonas.gmail.com/locale/it:
config/includes.chroot: total 4
config/includes.chroot: drwxrwxr-x 2 siam siam 4096 জুলাই     22 18:06 LC_MESSAGES
config/includes.chroot: 
config/includes.chroot: config/includes.chroot/usr/share/gnome-shell/extensions/appindicatorsupport@rgcjonas.gmail.com/locale/it/LC_MESSAGES:
config/includes.chroot: total 4
config/includes.chroot: -rw-rw-r-- 1 siam siam 1205 জুলাই     22 18:06 AppIndicatorExtension.mo
config/includes.chroot: 
config/includes.chroot: config/includes.chroot/usr/share/gnome-shell/extensions/appindicatorsupport@rgcjonas.gmail.com/locale/ja:
config/includes.chroot: total 4
config/includes.chroot: drwxrwxr-x 2 siam siam 4096 জুলাই     22 18:06 LC_MESSAGES
config/includes.chroot: 
config/includes.chroot: config/includes.chroot/usr/share/gnome-shell/extensions/appindicatorsupport@rgcjonas.gmail.com/locale/ja/LC_MESSAGES:
config/includes.chroot: total 4
config/includes.chroot: -rw-rw-r-- 1 siam siam 972 জুলাই     22 18:06 AppIndicatorExtension.mo
config/includes.chroot: 
config/includes.chroot: config/includes.chroot/usr/share/gnome-shell/extensions/appindicatorsupport@rgcjonas.gmail.com/locale/ka:
config/includes.chroot: total 4
config/includes.chroot: drwxrwxr-x 2 siam siam 4096 জুলাই     22 18:06 LC_MESSAGES
config/includes.chroot: 
config/includes.chroot: config/includes.chroot/usr/share/gnome-shell/extensions/appindicatorsupport@rgcjonas.gmail.com/locale/ka/LC_MESSAGES:
config/includes.chroot: total 4
config/includes.chroot: -rw-rw-r-- 1 siam siam 3640 জুলাই     22 18:06 AppIndicatorExtension.mo
config/includes.chroot: 
config/includes.chroot: config/includes.chroot/usr/share/gnome-shell/extensions/appindicatorsupport@rgcjonas.gmail.com/locale/ko:
config/includes.chroot: total 4
config/includes.chroot: drwxrwxr-x 2 siam siam 4096 জুলাই     22 18:06 LC_MESSAGES
config/includes.chroot: 
config/includes.chroot: config/includes.chroot/usr/share/gnome-shell/extensions/appindicatorsupport@rgcjonas.gmail.com/locale/ko/LC_MESSAGES:
config/includes.chroot: total 4
config/includes.chroot: -rw-rw-r-- 1 siam siam 2373 জুলাই     22 18:06 AppIndicatorExtension.mo
config/includes.chroot: 
config/includes.chroot: config/includes.chroot/usr/share/gnome-shell/extensions/appindicatorsupport@rgcjonas.gmail.com/locale/nl:
config/includes.chroot: total 4
config/includes.chroot: drwxrwxr-x 2 siam siam 4096 জুলাই     22 18:06 LC_MESSAGES
config/includes.chroot: 
config/includes.chroot: config/includes.chroot/usr/share/gnome-shell/extensions/appindicatorsupport@rgcjonas.gmail.com/locale/nl/LC_MESSAGES:
config/includes.chroot: total 4
config/includes.chroot: -rw-rw-r-- 1 siam siam 1024 জুলাই     22 18:06 AppIndicatorExtension.mo
config/includes.chroot: 
config/includes.chroot: config/includes.chroot/usr/share/gnome-shell/extensions/appindicatorsupport@rgcjonas.gmail.com/locale/oc:
config/includes.chroot: total 4
config/includes.chroot: drwxrwxr-x 2 siam siam 4096 জুলাই     22 18:06 LC_MESSAGES
config/includes.chroot: 
config/includes.chroot: config/includes.chroot/usr/share/gnome-shell/extensions/appindicatorsupport@rgcjonas.gmail.com/locale/oc/LC_MESSAGES:
config/includes.chroot: total 4
config/includes.chroot: -rw-rw-r-- 1 siam siam 2334 জুলাই     22 18:06 AppIndicatorExtension.mo
config/includes.chroot: 
config/includes.chroot: config/includes.chroot/usr/share/gnome-shell/extensions/appindicatorsupport@rgcjonas.gmail.com/locale/pl:
config/includes.chroot: total 4
config/includes.chroot: drwxrwxr-x 2 siam siam 4096 জুলাই     22 18:06 LC_MESSAGES
config/includes.chroot: 
config/includes.chroot: config/includes.chroot/usr/share/gnome-shell/extensions/appindicatorsupport@rgcjonas.gmail.com/locale/pl/LC_MESSAGES:
config/includes.chroot: total 4
config/includes.chroot: -rw-rw-r-- 1 siam siam 2451 জুলাই     22 18:06 AppIndicatorExtension.mo
config/includes.chroot: 
config/includes.chroot: config/includes.chroot/usr/share/gnome-shell/extensions/appindicatorsupport@rgcjonas.gmail.com/locale/pt_BR:
config/includes.chroot: total 4
config/includes.chroot: drwxrwxr-x 2 siam siam 4096 জুলাই     22 18:06 LC_MESSAGES
config/includes.chroot: 
config/includes.chroot: config/includes.chroot/usr/share/gnome-shell/extensions/appindicatorsupport@rgcjonas.gmail.com/locale/pt_BR/LC_MESSAGES:
config/includes.chroot: total 4
config/includes.chroot: -rw-rw-r-- 1 siam siam 1067 জুলাই     22 18:06 AppIndicatorExtension.mo
config/includes.chroot: 
config/includes.chroot: config/includes.chroot/usr/share/gnome-shell/extensions/appindicatorsupport@rgcjonas.gmail.com/locale/ru:
config/includes.chroot: total 4
config/includes.chroot: drwxrwxr-x 2 siam siam 4096 জুলাই     22 18:06 LC_MESSAGES
config/includes.chroot: 
config/includes.chroot: config/includes.chroot/usr/share/gnome-shell/extensions/appindicatorsupport@rgcjonas.gmail.com/locale/ru/LC_MESSAGES:
config/includes.chroot: total 4
config/includes.chroot: -rw-rw-r-- 1 siam siam 2727 জুলাই     22 18:06 AppIndicatorExtension.mo
config/includes.chroot: 
config/includes.chroot: config/includes.chroot/usr/share/gnome-shell/extensions/appindicatorsupport@rgcjonas.gmail.com/locale/sk:
config/includes.chroot: total 4
config/includes.chroot: drwxrwxr-x 2 siam siam 4096 জুলাই     22 18:06 LC_MESSAGES
config/includes.chroot: 
config/includes.chroot: config/includes.chroot/usr/share/gnome-shell/extensions/appindicatorsupport@rgcjonas.gmail.com/locale/sk/LC_MESSAGES:
config/includes.chroot: total 4
config/includes.chroot: -rw-rw-r-- 1 siam siam 2239 জুলাই     22 18:06 AppIndicatorExtension.mo
config/includes.chroot: 
config/includes.chroot: config/includes.chroot/usr/share/gnome-shell/extensions/appindicatorsupport@rgcjonas.gmail.com/locale/sr:
config/includes.chroot: total 4
config/includes.chroot: drwxrwxr-x 2 siam siam 4096 জুলাই     22 18:06 LC_MESSAGES
config/includes.chroot: 
config/includes.chroot: config/includes.chroot/usr/share/gnome-shell/extensions/appindicatorsupport@rgcjonas.gmail.com/locale/sr/LC_MESSAGES:
config/includes.chroot: total 4
config/includes.chroot: -rw-rw-r-- 1 siam siam 1132 জুলাই     22 18:06 AppIndicatorExtension.mo
config/includes.chroot: 
config/includes.chroot: config/includes.chroot/usr/share/gnome-shell/extensions/appindicatorsupport@rgcjonas.gmail.com/locale/sr@latin:
config/includes.chroot: total 4
config/includes.chroot: drwxrwxr-x 2 siam siam 4096 জুলাই     22 18:06 LC_MESSAGES
config/includes.chroot: 
config/includes.chroot: config/includes.chroot/usr/share/gnome-shell/extensions/appindicatorsupport@rgcjonas.gmail.com/locale/sr@latin/LC_MESSAGES:
config/includes.chroot: total 4
config/includes.chroot: -rw-rw-r-- 1 siam siam 1020 জুলাই     22 18:06 AppIndicatorExtension.mo
config/includes.chroot: 
config/includes.chroot: config/includes.chroot/usr/share/gnome-shell/extensions/appindicatorsupport@rgcjonas.gmail.com/locale/ta:
config/includes.chroot: total 4
config/includes.chroot: drwxrwxr-x 2 siam siam 4096 জুলাই     22 18:06 LC_MESSAGES
config/includes.chroot: 
config/includes.chroot: config/includes.chroot/usr/share/gnome-shell/extensions/appindicatorsupport@rgcjonas.gmail.com/locale/ta/LC_MESSAGES:
config/includes.chroot: total 4
config/includes.chroot: -rw-rw-r-- 1 siam siam 3523 জুলাই     22 18:06 AppIndicatorExtension.mo
config/includes.chroot: 
config/includes.chroot: config/includes.chroot/usr/share/gnome-shell/extensions/appindicatorsupport@rgcjonas.gmail.com/locale/tr:
config/includes.chroot: total 4
config/includes.chroot: drwxrwxr-x 2 siam siam 4096 জুলাই     22 18:06 LC_MESSAGES
config/includes.chroot: 
config/includes.chroot: config/includes.chroot/usr/share/gnome-shell/extensions/appindicatorsupport@rgcjonas.gmail.com/locale/tr/LC_MESSAGES:
config/includes.chroot: total 4
config/includes.chroot: -rw-rw-r-- 1 siam siam 2497 জুলাই     22 18:06 AppIndicatorExtension.mo
config/includes.chroot: 
config/includes.chroot: config/includes.chroot/usr/share/gnome-shell/extensions/appindicatorsupport@rgcjonas.gmail.com/locale/uk:
config/includes.chroot: total 4
config/includes.chroot: drwxrwxr-x 2 siam siam 4096 জুলাই     22 18:06 LC_MESSAGES
config/includes.chroot: 
config/includes.chroot: config/includes.chroot/usr/share/gnome-shell/extensions/appindicatorsupport@rgcjonas.gmail.com/locale/uk/LC_MESSAGES:
config/includes.chroot: total 4
config/includes.chroot: -rw-rw-r-- 1 siam siam 3061 জুলাই     22 18:06 AppIndicatorExtension.mo
config/includes.chroot: 
config/includes.chroot: config/includes.chroot/usr/share/gnome-shell/extensions/appindicatorsupport@rgcjonas.gmail.com/locale/zh_CN:
config/includes.chroot: total 4
config/includes.chroot: drwxrwxr-x 2 siam siam 4096 জুলাই     22 18:06 LC_MESSAGES
config/includes.chroot: 
config/includes.chroot: config/includes.chroot/usr/share/gnome-shell/extensions/appindicatorsupport@rgcjonas.gmail.com/locale/zh_CN/LC_MESSAGES:
config/includes.chroot: total 4
config/includes.chroot: -rw-rw-r-- 1 siam siam 2338 জুলাই     22 18:06 AppIndicatorExtension.mo
config/includes.chroot: 
config/includes.chroot: config/includes.chroot/usr/share/gnome-shell/extensions/appindicatorsupport@rgcjonas.gmail.com/locale/zh_TW:
config/includes.chroot: total 4
config/includes.chroot: drwxrwxr-x 2 siam siam 4096 জুলাই     22 18:06 LC_MESSAGES
config/includes.chroot: 
config/includes.chroot: config/includes.chroot/usr/share/gnome-shell/extensions/appindicatorsupport@rgcjonas.gmail.com/locale/zh_TW/LC_MESSAGES:
config/includes.chroot: total 4
config/includes.chroot: -rw-rw-r-- 1 siam siam 2449 জুলাই     22 18:06 AppIndicatorExtension.mo
config/includes.chroot: 
config/includes.chroot: config/includes.chroot/usr/share/gnome-shell/extensions/appindicatorsupport@rgcjonas.gmail.com/preferences:
config/includes.chroot: total 16
config/includes.chroot: -rw-rw-r-- 1 siam siam 7305 জুলাই     22 18:06 customIconPage.js
config/includes.chroot: -rw-rw-r-- 1 siam siam 4891 জুলাই     22 18:06 generalPage.js
config/includes.chroot: 
config/includes.chroot: config/includes.chroot/usr/share/gnome-shell/extensions/appindicatorsupport@rgcjonas.gmail.com/schemas:
config/includes.chroot: total 8
config/includes.chroot: -rw-rw-r-- 1 siam siam  820 জুলাই     22 18:06 gschemas.compiled
config/includes.chroot: -rw-rw-r-- 1 siam siam 1760 জুলাই     22 18:06 org.gnome.shell.extensions.appindicator.gschema.xml
config/includes.chroot: 
config/includes.chroot: config/includes.chroot/usr/share/gnome-shell/extensions/appindicatorsupport@rgcjonas.gmail.com/tools:
config/includes.chroot: total 4
config/includes.chroot: -rw-rw-r-- 1 siam siam 1474 জুলাই     22 18:06 busAnalyzer.js
config/includes.chroot: 
config/includes.chroot: config/includes.chroot/usr/share/gnome-shell/extensions/arcmenu@arcmenu.com:
config/includes.chroot: total 456
config/includes.chroot: -rw-rw-r--  1 siam siam  13713 জুলাই     22 18:06 appMenu.js
config/includes.chroot: -rw-rw-r--  1 siam siam    632 জুলাই     22 18:06 arcmenuManager.js
config/includes.chroot: -rw-rw-r--  1 siam siam  10059 জুলাই     22 18:06 constants.js
config/includes.chroot: drwxrwxr-x  2 siam siam   4096 জুলাই     22 18:06 data
config/includes.chroot: -rw-rw-r--  1 siam siam   9364 জুলাই     22 18:06 extension.js
config/includes.chroot: -rw-rw-r--  1 siam siam  19078 জুলাই     22 18:06 iconGrid.js
config/includes.chroot: -rw-rw-r--  1 siam siam   8791 জুলাই     22 18:06 keybinder.js
config/includes.chroot: -rw-rw-r--  1 siam siam  17994 জুলাই     22 18:06 LICENSE
config/includes.chroot: drwxrwxr-x 38 siam siam   4096 জুলাই     16 22:27 locale
config/includes.chroot: -rw-rw-r--  1 siam siam  31824 জুলাই     22 18:06 menuButton.js
config/includes.chroot: -rw-rw-r--  1 siam siam  18100 জুলাই     22 18:06 menuController.js
config/includes.chroot: drwxrwxr-x  2 siam siam   4096 জুলাই     22 18:06 menulayouts
config/includes.chroot: -rw-rw-r--  1 siam siam 121927 জুলাই     22 18:06 menuWidgets.js
config/includes.chroot: -rw-rw-r--  1 siam siam    509 জুলাই     22 18:06 metadata.json
config/includes.chroot: -rw-rw-r--  1 siam siam  16772 জুলাই     22 18:06 placeDisplay.js
config/includes.chroot: -rw-rw-r--  1 siam siam   9674 জুলাই     22 18:06 prefs.js
config/includes.chroot: -rw-rw-r--  1 siam siam  14108 জুলাই     22 18:06 prefsWidgets.js
config/includes.chroot: -rw-rw-r--  1 siam siam  11432 জুলাই     22 18:06 README.md
config/includes.chroot: -rw-rw-r--  1 siam siam   3138 জুলাই     22 18:06 recentFilesManager.js
config/includes.chroot: -rw-rw-r--  1 siam siam   1282 জুলাই     22 18:06 RELEASENOTES.md
config/includes.chroot: drwxrwxr-x  2 siam siam   4096 জুলাই     22 18:06 schemas
config/includes.chroot: -rw-rw-r--  1 siam siam  29394 জুলাই     22 18:06 search.js
config/includes.chroot: drwxrwxr-x  2 siam siam   4096 জুলাই     22 18:06 searchProviders
config/includes.chroot: drwxrwxr-x  3 siam siam   4096 জুলাই     22 18:06 settings
config/includes.chroot: -rw-rw-r--  1 siam siam   4722 জুলাই     22 18:06 standaloneRunner.js
config/includes.chroot: -rw-rw-r--  1 siam siam   2203 জুলাই     22 18:06 stylesheet.css
config/includes.chroot: -rw-rw-r--  1 siam siam  12322 জুলাই     22 18:06 theming.js
config/includes.chroot: -rw-rw-r--  1 siam siam   4177 জুলাই     22 18:06 updateNotifier.js
config/includes.chroot: -rw-rw-r--  1 siam siam  23044 জুলাই     22 18:06 utils.js
config/includes.chroot: 
config/includes.chroot: config/includes.chroot/usr/share/gnome-shell/extensions/arcmenu@arcmenu.com/data:
config/includes.chroot: total 184
config/includes.chroot: -rw-rw-r-- 1 siam siam 185004 জুলাই     22 18:06 resources.gresource
config/includes.chroot: 
config/includes.chroot: config/includes.chroot/usr/share/gnome-shell/extensions/arcmenu@arcmenu.com/locale:
config/includes.chroot: total 144
config/includes.chroot: drwxrwxr-x 3 siam siam 4096 জুলাই     16 22:27 ar
config/includes.chroot: drwxrwxr-x 3 siam siam 4096 জুলাই     16 22:27 be
config/includes.chroot: drwxrwxr-x 3 siam siam 4096 জুলাই     16 22:27 bg
config/includes.chroot: drwxrwxr-x 3 siam siam 4096 জুলাই     16 22:27 ca
config/includes.chroot: drwxrwxr-x 3 siam siam 4096 জুলাই     16 22:27 cs
config/includes.chroot: drwxrwxr-x 3 siam siam 4096 জুলাই     16 22:27 da
config/includes.chroot: drwxrwxr-x 3 siam siam 4096 জুলাই     16 22:27 de
config/includes.chroot: drwxrwxr-x 3 siam siam 4096 জুলাই     16 22:27 el
config/includes.chroot: drwxrwxr-x 3 siam siam 4096 জুলাই     16 22:27 es
config/includes.chroot: drwxrwxr-x 3 siam siam 4096 জুলাই     16 22:27 et
config/includes.chroot: drwxrwxr-x 3 siam siam 4096 জুলাই     16 22:27 fi
config/includes.chroot: drwxrwxr-x 3 siam siam 4096 জুলাই     16 22:27 fr
config/includes.chroot: drwxrwxr-x 3 siam siam 4096 জুলাই     16 22:27 he
config/includes.chroot: drwxrwxr-x 3 siam siam 4096 জুলাই     16 22:27 hi_IN
config/includes.chroot: drwxrwxr-x 3 siam siam 4096 জুলাই     16 22:27 hu
config/includes.chroot: drwxrwxr-x 3 siam siam 4096 জুলাই     16 22:27 id
config/includes.chroot: drwxrwxr-x 3 siam siam 4096 জুলাই     16 22:27 it
config/includes.chroot: drwxrwxr-x 3 siam siam 4096 জুলাই     16 22:27 ja
config/includes.chroot: drwxrwxr-x 3 siam siam 4096 জুলাই     16 22:27 ka
config/includes.chroot: drwxrwxr-x 3 siam siam 4096 জুলাই     16 22:27 ko
config/includes.chroot: drwxrwxr-x 3 siam siam 4096 জুলাই     16 22:27 nb_NO
config/includes.chroot: drwxrwxr-x 3 siam siam 4096 জুলাই     16 22:27 nl
config/includes.chroot: drwxrwxr-x 3 siam siam 4096 জুলাই     16 22:27 oc
config/includes.chroot: drwxrwxr-x 3 siam siam 4096 জুলাই     16 22:27 pl
config/includes.chroot: drwxrwxr-x 3 siam siam 4096 জুলাই     16 22:27 pt_BR
config/includes.chroot: drwxrwxr-x 3 siam siam 4096 জুলাই     16 22:27 ru
config/includes.chroot: drwxrwxr-x 3 siam siam 4096 জুলাই     16 22:27 si
config/includes.chroot: drwxrwxr-x 3 siam siam 4096 জুলাই     16 22:27 sk
config/includes.chroot: drwxrwxr-x 3 siam siam 4096 জুলাই     16 22:27 sr
config/includes.chroot: drwxrwxr-x 3 siam siam 4096 জুলাই     16 22:27 sr@latin
config/includes.chroot: drwxrwxr-x 3 siam siam 4096 জুলাই     16 22:27 sv
config/includes.chroot: drwxrwxr-x 3 siam siam 4096 জুলাই     16 22:27 szl
config/includes.chroot: drwxrwxr-x 3 siam siam 4096 জুলাই     16 22:27 tr
config/includes.chroot: drwxrwxr-x 3 siam siam 4096 জুলাই     16 22:27 uk
config/includes.chroot: drwxrwxr-x 3 siam siam 4096 জুলাই     16 22:27 zh_CN
config/includes.chroot: drwxrwxr-x 3 siam siam 4096 জুলাই     16 22:27 zh_TW
config/includes.chroot: 
config/includes.chroot: config/includes.chroot/usr/share/gnome-shell/extensions/arcmenu@arcmenu.com/locale/ar:
config/includes.chroot: total 4
config/includes.chroot: drwxrwxr-x 2 siam siam 4096 জুলাই     22 18:06 LC_MESSAGES
config/includes.chroot: 
config/includes.chroot: config/includes.chroot/usr/share/gnome-shell/extensions/arcmenu@arcmenu.com/locale/ar/LC_MESSAGES:
config/includes.chroot: total 4
config/includes.chroot: -rw-rw-r-- 1 siam siam 1215 জুলাই     22 18:06 arcmenu.mo
config/includes.chroot: 
config/includes.chroot: config/includes.chroot/usr/share/gnome-shell/extensions/arcmenu@arcmenu.com/locale/be:
config/includes.chroot: total 4
config/includes.chroot: drwxrwxr-x 2 siam siam 4096 জুলাই     22 18:06 LC_MESSAGES
config/includes.chroot: 
config/includes.chroot: config/includes.chroot/usr/share/gnome-shell/extensions/arcmenu@arcmenu.com/locale/be/LC_MESSAGES:
config/includes.chroot: total 12
config/includes.chroot: -rw-rw-r-- 1 siam siam 8570 জুলাই     22 18:06 arcmenu.mo
config/includes.chroot: 
config/includes.chroot: config/includes.chroot/usr/share/gnome-shell/extensions/arcmenu@arcmenu.com/locale/bg:
config/includes.chroot: total 4
config/includes.chroot: drwxrwxr-x 2 siam siam 4096 জুলাই     22 18:06 LC_MESSAGES
config/includes.chroot: 
config/includes.chroot: config/includes.chroot/usr/share/gnome-shell/extensions/arcmenu@arcmenu.com/locale/bg/LC_MESSAGES:
config/includes.chroot: total 4
config/includes.chroot: -rw-rw-r-- 1 siam siam 1273 জুলাই     22 18:06 arcmenu.mo
config/includes.chroot: 
config/includes.chroot: config/includes.chroot/usr/share/gnome-shell/extensions/arcmenu@arcmenu.com/locale/ca:
config/includes.chroot: total 4
config/includes.chroot: drwxrwxr-x 2 siam siam 4096 জুলাই     22 18:06 LC_MESSAGES
config/includes.chroot: 
config/includes.chroot: config/includes.chroot/usr/share/gnome-shell/extensions/arcmenu@arcmenu.com/locale/ca/LC_MESSAGES:
config/includes.chroot: total 4
config/includes.chroot: -rw-rw-r-- 1 siam siam 3516 জুলাই     22 18:06 arcmenu.mo
config/includes.chroot: 
config/includes.chroot: config/includes.chroot/usr/share/gnome-shell/extensions/arcmenu@arcmenu.com/locale/cs:
config/includes.chroot: total 4
config/includes.chroot: drwxrwxr-x 2 siam siam 4096 জুলাই     22 18:06 LC_MESSAGES
config/includes.chroot: 
config/includes.chroot: config/includes.chroot/usr/share/gnome-shell/extensions/arcmenu@arcmenu.com/locale/cs/LC_MESSAGES:
config/includes.chroot: total 20
config/includes.chroot: -rw-rw-r-- 1 siam siam 20000 জুলাই     22 18:06 arcmenu.mo
config/includes.chroot: 
config/includes.chroot: config/includes.chroot/usr/share/gnome-shell/extensions/arcmenu@arcmenu.com/locale/da:
config/includes.chroot: total 4
config/includes.chroot: drwxrwxr-x 2 siam siam 4096 জুলাই     22 18:06 LC_MESSAGES
config/includes.chroot: 
config/includes.chroot: config/includes.chroot/usr/share/gnome-shell/extensions/arcmenu@arcmenu.com/locale/da/LC_MESSAGES:
config/includes.chroot: total 20
config/includes.chroot: -rw-rw-r-- 1 siam siam 17206 জুলাই     22 18:06 arcmenu.mo
config/includes.chroot: 
config/includes.chroot: config/includes.chroot/usr/share/gnome-shell/extensions/arcmenu@arcmenu.com/locale/de:
config/includes.chroot: total 4
config/includes.chroot: drwxrwxr-x 2 siam siam 4096 জুলাই     22 18:06 LC_MESSAGES
config/includes.chroot: 
config/includes.chroot: config/includes.chroot/usr/share/gnome-shell/extensions/arcmenu@arcmenu.com/locale/de/LC_MESSAGES:
config/includes.chroot: total 28
config/includes.chroot: -rw-rw-r-- 1 siam siam 25018 জুলাই     22 18:06 arcmenu.mo
config/includes.chroot: 
config/includes.chroot: config/includes.chroot/usr/share/gnome-shell/extensions/arcmenu@arcmenu.com/locale/el:
config/includes.chroot: total 4
config/includes.chroot: drwxrwxr-x 2 siam siam 4096 জুলাই     22 18:06 LC_MESSAGES
config/includes.chroot: 
config/includes.chroot: config/includes.chroot/usr/share/gnome-shell/extensions/arcmenu@arcmenu.com/locale/el/LC_MESSAGES:
config/includes.chroot: total 4
config/includes.chroot: -rw-rw-r-- 1 siam siam 1350 জুলাই     22 18:06 arcmenu.mo
config/includes.chroot: 
config/includes.chroot: config/includes.chroot/usr/share/gnome-shell/extensions/arcmenu@arcmenu.com/locale/es:
config/includes.chroot: total 4
config/includes.chroot: drwxrwxr-x 2 siam siam 4096 জুলাই     22 18:06 LC_MESSAGES
config/includes.chroot: 
config/includes.chroot: config/includes.chroot/usr/share/gnome-shell/extensions/arcmenu@arcmenu.com/locale/es/LC_MESSAGES:
config/includes.chroot: total 20
config/includes.chroot: -rw-rw-r-- 1 siam siam 19546 জুলাই     22 18:06 arcmenu.mo
config/includes.chroot: 
config/includes.chroot: config/includes.chroot/usr/share/gnome-shell/extensions/arcmenu@arcmenu.com/locale/et:
config/includes.chroot: total 4
config/includes.chroot: drwxrwxr-x 2 siam siam 4096 জুলাই     22 18:06 LC_MESSAGES
config/includes.chroot: 
config/includes.chroot: config/includes.chroot/usr/share/gnome-shell/extensions/arcmenu@arcmenu.com/locale/et/LC_MESSAGES:
config/includes.chroot: total 4
config/includes.chroot: -rw-rw-r-- 1 siam siam 3064 জুলাই     22 18:06 arcmenu.mo
config/includes.chroot: 
config/includes.chroot: config/includes.chroot/usr/share/gnome-shell/extensions/arcmenu@arcmenu.com/locale/fi:
config/includes.chroot: total 4
config/includes.chroot: drwxrwxr-x 2 siam siam 4096 জুলাই     22 18:06 LC_MESSAGES
config/includes.chroot: 
config/includes.chroot: config/includes.chroot/usr/share/gnome-shell/extensions/arcmenu@arcmenu.com/locale/fi/LC_MESSAGES:
config/includes.chroot: total 8
config/includes.chroot: -rw-rw-r-- 1 siam siam 4699 জুলাই     22 18:06 arcmenu.mo
config/includes.chroot: 
config/includes.chroot: config/includes.chroot/usr/share/gnome-shell/extensions/arcmenu@arcmenu.com/locale/fr:
config/includes.chroot: total 4
config/includes.chroot: drwxrwxr-x 2 siam siam 4096 জুলাই     22 18:06 LC_MESSAGES
config/includes.chroot: 
config/includes.chroot: config/includes.chroot/usr/share/gnome-shell/extensions/arcmenu@arcmenu.com/locale/fr/LC_MESSAGES:
config/includes.chroot: total 28
config/includes.chroot: -rw-rw-r-- 1 siam siam 26565 জুলাই     22 18:06 arcmenu.mo
config/includes.chroot: 
config/includes.chroot: config/includes.chroot/usr/share/gnome-shell/extensions/arcmenu@arcmenu.com/locale/he:
config/includes.chroot: total 4
config/includes.chroot: drwxrwxr-x 2 siam siam 4096 জুলাই     22 18:06 LC_MESSAGES
config/includes.chroot: 
config/includes.chroot: config/includes.chroot/usr/share/gnome-shell/extensions/arcmenu@arcmenu.com/locale/he/LC_MESSAGES:
config/includes.chroot: total 12
config/includes.chroot: -rw-rw-r-- 1 siam siam 9046 জুলাই     22 18:06 arcmenu.mo
config/includes.chroot: 
config/includes.chroot: config/includes.chroot/usr/share/gnome-shell/extensions/arcmenu@arcmenu.com/locale/hi_IN:
config/includes.chroot: total 4
config/includes.chroot: drwxrwxr-x 2 siam siam 4096 জুলাই     22 18:06 LC_MESSAGES
config/includes.chroot: 
config/includes.chroot: config/includes.chroot/usr/share/gnome-shell/extensions/arcmenu@arcmenu.com/locale/hi_IN/LC_MESSAGES:
config/includes.chroot: total 4
config/includes.chroot: -rw-rw-r-- 1 siam siam 1339 জুলাই     22 18:06 arcmenu.mo
config/includes.chroot: 
config/includes.chroot: config/includes.chroot/usr/share/gnome-shell/extensions/arcmenu@arcmenu.com/locale/hu:
config/includes.chroot: total 4
config/includes.chroot: drwxrwxr-x 2 siam siam 4096 জুলাই     22 18:06 LC_MESSAGES
config/includes.chroot: 
config/includes.chroot: config/includes.chroot/usr/share/gnome-shell/extensions/arcmenu@arcmenu.com/locale/hu/LC_MESSAGES:
config/includes.chroot: total 20
config/includes.chroot: -rw-rw-r-- 1 siam siam 19691 জুলাই     22 18:06 arcmenu.mo
config/includes.chroot: 
config/includes.chroot: config/includes.chroot/usr/share/gnome-shell/extensions/arcmenu@arcmenu.com/locale/id:
config/includes.chroot: total 4
config/includes.chroot: drwxrwxr-x 2 siam siam 4096 জুলাই     22 18:06 LC_MESSAGES
config/includes.chroot: 
config/includes.chroot: config/includes.chroot/usr/share/gnome-shell/extensions/arcmenu@arcmenu.com/locale/id/LC_MESSAGES:
config/includes.chroot: total 4
config/includes.chroot: -rw-rw-r-- 1 siam siam 1106 জুলাই     22 18:06 arcmenu.mo
config/includes.chroot: 
config/includes.chroot: config/includes.chroot/usr/share/gnome-shell/extensions/arcmenu@arcmenu.com/locale/it:
config/includes.chroot: total 4
config/includes.chroot: drwxrwxr-x 2 siam siam 4096 জুলাই     22 18:06 LC_MESSAGES
config/includes.chroot: 
config/includes.chroot: config/includes.chroot/usr/share/gnome-shell/extensions/arcmenu@arcmenu.com/locale/it/LC_MESSAGES:
config/includes.chroot: total 28
config/includes.chroot: -rw-rw-r-- 1 siam siam 25393 জুলাই     22 18:06 arcmenu.mo
config/includes.chroot: 
config/includes.chroot: config/includes.chroot/usr/share/gnome-shell/extensions/arcmenu@arcmenu.com/locale/ja:
config/includes.chroot: total 4
config/includes.chroot: drwxrwxr-x 2 siam siam 4096 জুলাই     22 18:06 LC_MESSAGES
config/includes.chroot: 
config/includes.chroot: config/includes.chroot/usr/share/gnome-shell/extensions/arcmenu@arcmenu.com/locale/ja/LC_MESSAGES:
config/includes.chroot: total 28
config/includes.chroot: -rw-rw-r-- 1 siam siam 25611 জুলাই     22 18:06 arcmenu.mo
config/includes.chroot: 
config/includes.chroot: config/includes.chroot/usr/share/gnome-shell/extensions/arcmenu@arcmenu.com/locale/ka:
config/includes.chroot: total 4
config/includes.chroot: drwxrwxr-x 2 siam siam 4096 জুলাই     22 18:06 LC_MESSAGES
config/includes.chroot: 
config/includes.chroot: config/includes.chroot/usr/share/gnome-shell/extensions/arcmenu@arcmenu.com/locale/ka/LC_MESSAGES:
config/includes.chroot: total 40
config/includes.chroot: -rw-rw-r-- 1 siam siam 40695 জুলাই     22 18:06 arcmenu.mo
config/includes.chroot: 
config/includes.chroot: config/includes.chroot/usr/share/gnome-shell/extensions/arcmenu@arcmenu.com/locale/ko:
config/includes.chroot: total 4
config/includes.chroot: drwxrwxr-x 2 siam siam 4096 জুলাই     22 18:06 LC_MESSAGES
config/includes.chroot: 
config/includes.chroot: config/includes.chroot/usr/share/gnome-shell/extensions/arcmenu@arcmenu.com/locale/ko/LC_MESSAGES:
config/includes.chroot: total 20
config/includes.chroot: -rw-rw-r-- 1 siam siam 20414 জুলাই     22 18:06 arcmenu.mo
config/includes.chroot: 
config/includes.chroot: config/includes.chroot/usr/share/gnome-shell/extensions/arcmenu@arcmenu.com/locale/nb_NO:
config/includes.chroot: total 4
config/includes.chroot: drwxrwxr-x 2 siam siam 4096 জুলাই     22 18:06 LC_MESSAGES
config/includes.chroot: 
config/includes.chroot: config/includes.chroot/usr/share/gnome-shell/extensions/arcmenu@arcmenu.com/locale/nb_NO/LC_MESSAGES:
config/includes.chroot: total 8
config/includes.chroot: -rw-rw-r-- 1 siam siam 7760 জুলাই     22 18:06 arcmenu.mo
config/includes.chroot: 
config/includes.chroot: config/includes.chroot/usr/share/gnome-shell/extensions/arcmenu@arcmenu.com/locale/nl:
config/includes.chroot: total 4
config/includes.chroot: drwxrwxr-x 2 siam siam 4096 জুলাই     22 18:06 LC_MESSAGES
config/includes.chroot: 
config/includes.chroot: config/includes.chroot/usr/share/gnome-shell/extensions/arcmenu@arcmenu.com/locale/nl/LC_MESSAGES:
config/includes.chroot: total 12
config/includes.chroot: -rw-rw-r-- 1 siam siam 10319 জুলাই     22 18:06 arcmenu.mo
config/includes.chroot: 
config/includes.chroot: config/includes.chroot/usr/share/gnome-shell/extensions/arcmenu@arcmenu.com/locale/oc:
config/includes.chroot: total 4
config/includes.chroot: drwxrwxr-x 2 siam siam 4096 জুলাই     22 18:06 LC_MESSAGES
config/includes.chroot: 
config/includes.chroot: config/includes.chroot/usr/share/gnome-shell/extensions/arcmenu@arcmenu.com/locale/oc/LC_MESSAGES:
config/includes.chroot: total 8
config/includes.chroot: -rw-rw-r-- 1 siam siam 7973 জুলাই     22 18:06 arcmenu.mo
config/includes.chroot: 
config/includes.chroot: config/includes.chroot/usr/share/gnome-shell/extensions/arcmenu@arcmenu.com/locale/pl:
config/includes.chroot: total 4
config/includes.chroot: drwxrwxr-x 2 siam siam 4096 জুলাই     22 18:06 LC_MESSAGES
config/includes.chroot: 
config/includes.chroot: config/includes.chroot/usr/share/gnome-shell/extensions/arcmenu@arcmenu.com/locale/pl/LC_MESSAGES:
config/includes.chroot: total 28
config/includes.chroot: -rw-rw-r-- 1 siam siam 27128 জুলাই     22 18:06 arcmenu.mo
config/includes.chroot: 
config/includes.chroot: config/includes.chroot/usr/share/gnome-shell/extensions/arcmenu@arcmenu.com/locale/pt_BR:
config/includes.chroot: total 4
config/includes.chroot: drwxrwxr-x 2 siam siam 4096 জুলাই     22 18:06 LC_MESSAGES
config/includes.chroot: 
config/includes.chroot: config/includes.chroot/usr/share/gnome-shell/extensions/arcmenu@arcmenu.com/locale/pt_BR/LC_MESSAGES:
config/includes.chroot: total 20
config/includes.chroot: -rw-rw-r-- 1 siam siam 18590 জুলাই     22 18:06 arcmenu.mo
config/includes.chroot: 
config/includes.chroot: config/includes.chroot/usr/share/gnome-shell/extensions/arcmenu@arcmenu.com/locale/ru:
config/includes.chroot: total 4
config/includes.chroot: drwxrwxr-x 2 siam siam 4096 জুলাই     22 18:06 LC_MESSAGES
config/includes.chroot: 
config/includes.chroot: config/includes.chroot/usr/share/gnome-shell/extensions/arcmenu@arcmenu.com/locale/ru/LC_MESSAGES:
config/includes.chroot: total 36
config/includes.chroot: -rw-rw-r-- 1 siam siam 34820 জুলাই     22 18:06 arcmenu.mo
config/includes.chroot: 
config/includes.chroot: config/includes.chroot/usr/share/gnome-shell/extensions/arcmenu@arcmenu.com/locale/si:
config/includes.chroot: total 4
config/includes.chroot: drwxrwxr-x 2 siam siam 4096 জুলাই     22 18:06 LC_MESSAGES
config/includes.chroot: 
config/includes.chroot: config/includes.chroot/usr/share/gnome-shell/extensions/arcmenu@arcmenu.com/locale/si/LC_MESSAGES:
config/includes.chroot: total 20
config/includes.chroot: -rw-rw-r-- 1 siam siam 17583 জুলাই     22 18:06 arcmenu.mo
config/includes.chroot: 
config/includes.chroot: config/includes.chroot/usr/share/gnome-shell/extensions/arcmenu@arcmenu.com/locale/sk:
config/includes.chroot: total 4
config/includes.chroot: drwxrwxr-x 2 siam siam 4096 জুলাই     22 18:06 LC_MESSAGES
config/includes.chroot: 
config/includes.chroot: config/includes.chroot/usr/share/gnome-shell/extensions/arcmenu@arcmenu.com/locale/sk/LC_MESSAGES:
config/includes.chroot: total 8
config/includes.chroot: -rw-rw-r-- 1 siam siam 6359 জুলাই     22 18:06 arcmenu.mo
config/includes.chroot: 
config/includes.chroot: config/includes.chroot/usr/share/gnome-shell/extensions/arcmenu@arcmenu.com/locale/sr:
config/includes.chroot: total 4
config/includes.chroot: drwxrwxr-x 2 siam siam 4096 জুলাই     22 18:06 LC_MESSAGES
config/includes.chroot: 
config/includes.chroot: config/includes.chroot/usr/share/gnome-shell/extensions/arcmenu@arcmenu.com/locale/sr/LC_MESSAGES:
config/includes.chroot: total 4
config/includes.chroot: -rw-rw-r-- 1 siam siam 1385 জুলাই     22 18:06 arcmenu.mo
config/includes.chroot: 
config/includes.chroot: config/includes.chroot/usr/share/gnome-shell/extensions/arcmenu@arcmenu.com/locale/sr@latin:
config/includes.chroot: total 4
config/includes.chroot: drwxrwxr-x 2 siam siam 4096 জুলাই     22 18:06 LC_MESSAGES
config/includes.chroot: 
config/includes.chroot: config/includes.chroot/usr/share/gnome-shell/extensions/arcmenu@arcmenu.com/locale/sr@latin/LC_MESSAGES:
config/includes.chroot: total 4
config/includes.chroot: -rw-rw-r-- 1 siam siam 1239 জুলাই     22 18:06 arcmenu.mo
config/includes.chroot: 
config/includes.chroot: config/includes.chroot/usr/share/gnome-shell/extensions/arcmenu@arcmenu.com/locale/sv:
config/includes.chroot: total 4
config/includes.chroot: drwxrwxr-x 2 siam siam 4096 জুলাই     22 18:06 LC_MESSAGES
config/includes.chroot: 
config/includes.chroot: config/includes.chroot/usr/share/gnome-shell/extensions/arcmenu@arcmenu.com/locale/sv/LC_MESSAGES:
config/includes.chroot: total 12
config/includes.chroot: -rw-rw-r-- 1 siam siam 9907 জুলাই     22 18:06 arcmenu.mo
config/includes.chroot: 
config/includes.chroot: config/includes.chroot/usr/share/gnome-shell/extensions/arcmenu@arcmenu.com/locale/szl:
config/includes.chroot: total 4
config/includes.chroot: drwxrwxr-x 2 siam siam 4096 জুলাই     22 18:06 LC_MESSAGES
config/includes.chroot: 
config/includes.chroot: config/includes.chroot/usr/share/gnome-shell/extensions/arcmenu@arcmenu.com/locale/szl/LC_MESSAGES:
config/includes.chroot: total 4
config/includes.chroot: -rw-rw-r-- 1 siam siam 2834 জুলাই     22 18:06 arcmenu.mo
config/includes.chroot: 
config/includes.chroot: config/includes.chroot/usr/share/gnome-shell/extensions/arcmenu@arcmenu.com/locale/tr:
config/includes.chroot: total 4
config/includes.chroot: drwxrwxr-x 2 siam siam 4096 জুলাই     22 18:06 LC_MESSAGES
config/includes.chroot: 
config/includes.chroot: config/includes.chroot/usr/share/gnome-shell/extensions/arcmenu@arcmenu.com/locale/tr/LC_MESSAGES:
config/includes.chroot: total 24
config/includes.chroot: -rw-rw-r-- 1 siam siam 23751 জুলাই     22 18:06 arcmenu.mo
config/includes.chroot: 
config/includes.chroot: config/includes.chroot/usr/share/gnome-shell/extensions/arcmenu@arcmenu.com/locale/uk:
config/includes.chroot: total 4
config/includes.chroot: drwxrwxr-x 2 siam siam 4096 জুলাই     22 18:06 LC_MESSAGES
config/includes.chroot: 
config/includes.chroot: config/includes.chroot/usr/share/gnome-shell/extensions/arcmenu@arcmenu.com/locale/uk/LC_MESSAGES:
config/includes.chroot: total 24
config/includes.chroot: -rw-rw-r-- 1 siam siam 23358 জুলাই     22 18:06 arcmenu.mo
config/includes.chroot: 
config/includes.chroot: config/includes.chroot/usr/share/gnome-shell/extensions/arcmenu@arcmenu.com/locale/zh_CN:
config/includes.chroot: total 4
config/includes.chroot: drwxrwxr-x 2 siam siam 4096 জুলাই     22 18:06 LC_MESSAGES
config/includes.chroot: 
config/includes.chroot: config/includes.chroot/usr/share/gnome-shell/extensions/arcmenu@arcmenu.com/locale/zh_CN/LC_MESSAGES:
config/includes.chroot: total 20
config/includes.chroot: -rw-rw-r-- 1 siam siam 18694 জুলাই     22 18:06 arcmenu.mo
config/includes.chroot: 
config/includes.chroot: config/includes.chroot/usr/share/gnome-shell/extensions/arcmenu@arcmenu.com/locale/zh_TW:
config/includes.chroot: total 4
config/includes.chroot: drwxrwxr-x 2 siam siam 4096 জুলাই     22 18:06 LC_MESSAGES
config/includes.chroot: 
config/includes.chroot: config/includes.chroot/usr/share/gnome-shell/extensions/arcmenu@arcmenu.com/locale/zh_TW/LC_MESSAGES:
config/includes.chroot: total 8
config/includes.chroot: -rw-rw-r-- 1 siam siam 5622 জুলাই     22 18:06 arcmenu.mo
config/includes.chroot: 
config/includes.chroot: config/includes.chroot/usr/share/gnome-shell/extensions/arcmenu@arcmenu.com/menulayouts:
config/includes.chroot: total 352
config/includes.chroot: -rw-rw-r-- 1 siam siam 18289 জুলাই     22 18:06 arcmenu.js
config/includes.chroot: -rw-rw-r-- 1 siam siam 12594 জুলাই     22 18:06 az.js
config/includes.chroot: -rw-rw-r-- 1 siam siam 52289 জুলাই     22 18:06 baseMenuLayout.js
config/includes.chroot: -rw-rw-r-- 1 siam siam  7765 জুলাই     22 18:06 brisk.js
config/includes.chroot: -rw-rw-r-- 1 siam siam  6214 জুলাই     22 18:06 budgie.js
config/includes.chroot: -rw-rw-r-- 1 siam siam  2692 জুলাই     22 18:06 chromebook.js
config/includes.chroot: -rw-rw-r-- 1 siam siam  2698 জুলাই     22 18:06 elementary.js
config/includes.chroot: -rw-rw-r-- 1 siam siam 12649 জুলাই     22 18:06 eleven.js
config/includes.chroot: -rw-rw-r-- 1 siam siam  8158 জুলাই     22 18:06 enterprise.js
config/includes.chroot: -rw-rw-r-- 1 siam siam  6035 জুলাই     22 18:06 gnomemenu.js
config/includes.chroot: -rw-rw-r-- 1 siam siam 11078 জুলাই     22 18:06 insider.js
config/includes.chroot: -rw-rw-r-- 1 siam siam  2680 জুলাই     22 18:06 layoutHandler.js
config/includes.chroot: -rw-rw-r-- 1 siam siam  7864 জুলাই     22 18:06 mint.js
config/includes.chroot: -rw-rw-r-- 1 siam siam 22020 জুলাই     22 18:06 plasma.js
config/includes.chroot: -rw-rw-r-- 1 siam siam 39037 জুলাই     22 18:06 pop.js
config/includes.chroot: -rw-rw-r-- 1 siam siam 14056 জুলাই     22 18:06 raven.js
config/includes.chroot: -rw-rw-r-- 1 siam siam 11275 জুলাই     22 18:06 redmond.js
config/includes.chroot: -rw-rw-r-- 1 siam siam 11625 জুলাই     22 18:06 runner.js
config/includes.chroot: -rw-rw-r-- 1 siam siam 11008 জুলাই     22 18:06 sleek.js
config/includes.chroot: -rw-rw-r-- 1 siam siam  9850 জুলাই     22 18:06 tognee.js
config/includes.chroot: -rw-rw-r-- 1 siam siam 16310 জুলাই     22 18:06 unity.js
config/includes.chroot: -rw-rw-r-- 1 siam siam  6661 জুলাই     22 18:06 whisker.js
config/includes.chroot: -rw-rw-r-- 1 siam siam 16813 জুলাই     22 18:06 windows.js
config/includes.chroot: -rw-rw-r-- 1 siam siam 10700 জুলাই     22 18:06 zest.js
config/includes.chroot: 
config/includes.chroot: config/includes.chroot/usr/share/gnome-shell/extensions/arcmenu@arcmenu.com/schemas:
config/includes.chroot: total 60
config/includes.chroot: -rw-rw-r-- 1 siam siam 17664 জুলাই     22 18:06 gschemas.compiled
config/includes.chroot: -rw-rw-r-- 1 siam siam 37935 জুলাই     22 18:06 org.gnome.shell.extensions.arcmenu.gschema.xml
config/includes.chroot: 
config/includes.chroot: config/includes.chroot/usr/share/gnome-shell/extensions/arcmenu@arcmenu.com/searchProviders:
config/includes.chroot: total 12
config/includes.chroot: -rw-rw-r-- 1 siam siam 4066 জুলাই     22 18:06 openWindows.js
config/includes.chroot: -rw-rw-r-- 1 siam siam 3945 জুলাই     22 18:06 recentFiles.js
config/includes.chroot: -rw-rw-r-- 1 siam siam 1696 জুলাই     22 18:06 searchProviderEmitter.js
config/includes.chroot: 
config/includes.chroot: config/includes.chroot/usr/share/gnome-shell/extensions/arcmenu@arcmenu.com/settings:
config/includes.chroot: total 112
config/includes.chroot: -rw-rw-r-- 1 siam siam 17160 জুলাই     22 18:06 aboutPage.js
config/includes.chroot: -rw-rw-r-- 1 siam siam  2934 জুলাই     22 18:06 donatePage.js
config/includes.chroot: -rw-rw-r-- 1 siam siam 26117 জুলাই     22 18:06 generalPage.js
config/includes.chroot: -rw-rw-r-- 1 siam siam  9137 জুলাই     22 18:06 iconChooserDialog.js
config/includes.chroot: -rw-rw-r-- 1 siam siam 17194 জুলাই     22 18:06 menuButtonPage.js
config/includes.chroot: -rw-rw-r-- 1 siam siam  8920 জুলাই     22 18:06 menuPage.js
config/includes.chroot: drwxrwxr-x 2 siam siam  4096 জুলাই     22 18:06 menuSettings
config/includes.chroot: -rw-rw-r-- 1 siam siam  8270 জুলাই     22 18:06 settingsUtils.js
config/includes.chroot: 
config/includes.chroot: config/includes.chroot/usr/share/gnome-shell/extensions/arcmenu@arcmenu.com/settings/menuSettings:
config/includes.chroot: total 168
config/includes.chroot: -rw-rw-r-- 1 siam siam  6403 জুলাই     22 18:06 fineTunePage.js
config/includes.chroot: -rw-rw-r-- 1 siam siam  8375 জুলাই     22 18:06 layoutsPage.js
config/includes.chroot: -rw-rw-r-- 1 siam siam 41250 জুলাই     22 18:06 layoutTweaksPage.js
config/includes.chroot: -rw-rw-r-- 1 siam siam  4716 জুলাই     22 18:06 listOtherPage.js
config/includes.chroot: -rw-rw-r-- 1 siam siam 29255 জুলাই     22 18:06 listPinnedPage.js
config/includes.chroot: -rw-rw-r-- 1 siam siam  8360 জুলাই     22 18:06 searchOptionsPage.js
config/includes.chroot: -rw-rw-r-- 1 siam siam  3190 জুলাই     22 18:06 subPage.js
config/includes.chroot: -rw-rw-r-- 1 siam siam 13414 জুলাই     22 18:06 themePage.js
config/includes.chroot: -rw-rw-r-- 1 siam siam 15573 জুলাই     22 18:06 themingDialog.js
config/includes.chroot: -rw-rw-r-- 1 siam siam 15867 জুলাই     22 18:06 visualSettings.js
config/includes.chroot: 
config/includes.chroot: config/includes.chroot/usr/share/gnome-shell/extensions/blur-my-shell@aunetx:
config/includes.chroot: total 128
config/includes.chroot: drwxrwxr-x  2 siam siam  4096 জুলাই     22 18:06 components
config/includes.chroot: drwxrwxr-x  2 siam siam  4096 জুলাই     22 18:06 conveniences
config/includes.chroot: drwxrwxr-x  2 siam siam  4096 জুলাই     22 18:06 dbus
config/includes.chroot: drwxrwxr-x  2 siam siam  4096 জুলাই     22 18:06 effects
config/includes.chroot: -rw-rw-r--  1 siam siam 24031 জুলাই     22 18:06 extension.js
config/includes.chroot: drwxrwxr-x  3 siam siam  4096 জুলাই     16 22:27 icons
config/includes.chroot: -rw-rw-r--  1 siam siam 35149 জুলাই     22 18:06 LICENSE
config/includes.chroot: drwxrwxr-x 47 siam siam  4096 জুলাই     16 22:27 locale
config/includes.chroot: -rw-rw-r--  1 siam siam  1148 জুলাই     22 18:06 metadata.json
config/includes.chroot: drwxrwxr-x  4 siam siam  4096 জুলাই     22 18:06 preferences
config/includes.chroot: -rw-rw-r--  1 siam siam  2614 জুলাই     22 18:06 prefs.js
config/includes.chroot: drwxrwxr-x  2 siam siam  4096 জুলাই     22 18:06 schemas
config/includes.chroot: -rw-rw-r--  1 siam siam 21922 জুলাই     22 18:06 stylesheet.css
config/includes.chroot: drwxrwxr-x  2 siam siam  4096 জুলাই     22 18:06 ui
config/includes.chroot: 
config/includes.chroot: config/includes.chroot/usr/share/gnome-shell/extensions/blur-my-shell@aunetx/components:
config/includes.chroot: total 112
config/includes.chroot: -rw-rw-r-- 1 siam siam  8000 জুলাই     22 18:06 appfolders.js
config/includes.chroot: -rw-rw-r-- 1 siam siam 25887 জুলাই     22 18:06 applications.js
config/includes.chroot: -rw-rw-r-- 1 siam siam  2698 জুলাই     22 18:06 coverflow_alt_tab.js
config/includes.chroot: -rw-rw-r-- 1 siam siam 14436 জুলাই     22 18:06 dash_to_dock.js
config/includes.chroot: -rw-rw-r-- 1 siam siam  2644 জুলাই     22 18:06 lockscreen.js
config/includes.chroot: -rw-rw-r-- 1 siam siam  8977 জুলাই     22 18:06 overview.js
config/includes.chroot: -rw-rw-r-- 1 siam siam 21699 জুলাই     22 18:06 panel.js
config/includes.chroot: -rw-rw-r-- 1 siam siam  4119 জুলাই     22 18:06 screenshot.js
config/includes.chroot: -rw-rw-r-- 1 siam siam  4624 জুলাই     22 18:06 window_list.js
config/includes.chroot: 
config/includes.chroot: config/includes.chroot/usr/share/gnome-shell/extensions/blur-my-shell@aunetx/conveniences:
config/includes.chroot: total 72
config/includes.chroot: -rw-rw-r-- 1 siam siam  3235 জুলাই     22 18:06 connections.js
config/includes.chroot: -rw-rw-r-- 1 siam siam  4019 জুলাই     22 18:06 dummy_pipeline.js
config/includes.chroot: -rw-rw-r-- 1 siam siam  3345 জুলাই     22 18:06 effects_manager.js
config/includes.chroot: -rw-rw-r-- 1 siam siam  6674 জুলাই     22 18:06 keys.js
config/includes.chroot: -rw-rw-r-- 1 siam siam  2722 জুলাই     22 18:06 paint_signals.js
config/includes.chroot: -rw-rw-r-- 1 siam siam  9322 জুলাই     22 18:06 pipeline.js
config/includes.chroot: -rw-rw-r-- 1 siam siam  7454 জুলাই     22 18:06 pipelines_manager.js
config/includes.chroot: -rw-rw-r-- 1 siam siam 18377 জুলাই     22 18:06 settings.js
config/includes.chroot: -rw-rw-r-- 1 siam siam  2022 জুলাই     22 18:06 settings_updater.js
config/includes.chroot: -rw-rw-r-- 1 siam siam  1563 জুলাই     22 18:06 utils.js
config/includes.chroot: 
config/includes.chroot: config/includes.chroot/usr/share/gnome-shell/extensions/blur-my-shell@aunetx/dbus:
config/includes.chroot: total 12
config/includes.chroot: -rw-rw-r-- 1 siam siam 1441 জুলাই     22 18:06 client.js
config/includes.chroot: -rw-rw-r-- 1 siam siam  411 জুলাই     22 18:06 iface.xml
config/includes.chroot: -rw-rw-r-- 1 siam siam 3142 জুলাই     22 18:06 services.js
config/includes.chroot: 
config/includes.chroot: config/includes.chroot/usr/share/gnome-shell/extensions/blur-my-shell@aunetx/effects:
config/includes.chroot: total 140
config/includes.chroot: -rw-rw-r-- 1 siam siam  4079 জুলাই     22 18:06 color.glsl
config/includes.chroot: -rw-rw-r-- 1 siam siam  4958 জুলাই     22 18:06 color.js
config/includes.chroot: -rw-rw-r-- 1 siam siam  2504 জুলাই     22 18:06 corner.glsl
config/includes.chroot: -rw-rw-r-- 1 siam siam  7352 জুলাই     22 18:06 corner.js
config/includes.chroot: -rw-rw-r-- 1 siam siam  2551 জুলাই     22 18:06 derivative.glsl
config/includes.chroot: -rw-rw-r-- 1 siam siam  3527 জুলাই     22 18:06 derivative.js
config/includes.chroot: -rw-rw-r-- 1 siam siam  2493 জুলাই     22 18:06 downscale.glsl
config/includes.chroot: -rw-rw-r-- 1 siam siam  4133 জুলাই     22 18:06 downscale.js
config/includes.chroot: -rw-rw-r-- 1 siam siam 15907 জুলাই     22 18:06 effects.js
config/includes.chroot: -rw-rw-r-- 1 siam siam  1934 জুলাই     22 18:06 gaussian_blur.glsl
config/includes.chroot: -rw-rw-r-- 1 siam siam  6617 জুলাই     22 18:06 gaussian_blur.js
config/includes.chroot: -rw-rw-r-- 1 siam siam   393 জুলাই     22 18:06 hsl_to_rgb.glsl
config/includes.chroot: -rw-rw-r-- 1 siam siam   953 জুলাই     22 18:06 hsl_to_rgb.js
config/includes.chroot: -rw-rw-r-- 1 siam siam  1167 জুলাই     22 18:06 luminosity.glsl
config/includes.chroot: -rw-rw-r-- 1 siam siam  4667 জুলাই     22 18:06 luminosity.js
config/includes.chroot: -rw-rw-r-- 1 siam siam  1362 জুলাই     22 18:06 monte_carlo_blur.glsl
config/includes.chroot: -rw-rw-r-- 1 siam siam  6368 জুলাই     22 18:06 monte_carlo_blur.js
config/includes.chroot: -rw-rw-r-- 1 siam siam  2198 জুলাই     22 18:06 native_dynamic_gaussian_blur.js
config/includes.chroot: -rw-rw-r-- 1 siam siam  1386 জুলাই     22 18:06 native_static_gaussian_blur.js
config/includes.chroot: -rw-rw-r-- 1 siam siam   500 জুলাই     22 18:06 noise.glsl
config/includes.chroot: -rw-rw-r-- 1 siam siam  2253 জুলাই     22 18:06 noise.js
config/includes.chroot: -rw-rw-r-- 1 siam siam  2679 জুলাই     22 18:06 pixelize.js
config/includes.chroot: -rw-rw-r-- 1 siam siam   555 জুলাই     22 18:06 rgb_to_hsl.glsl
config/includes.chroot: -rw-rw-r-- 1 siam siam   953 জুলাই     22 18:06 rgb_to_hsl.js
config/includes.chroot: -rw-rw-r-- 1 siam siam  1803 জুলাই     22 18:06 upscale.glsl
config/includes.chroot: -rw-rw-r-- 1 siam siam  3480 জুলাই     22 18:06 upscale.js
config/includes.chroot: 
config/includes.chroot: config/includes.chroot/usr/share/gnome-shell/extensions/blur-my-shell@aunetx/icons:
config/includes.chroot: total 4
config/includes.chroot: drwxrwxr-x 3 siam siam 4096 জুলাই     16 22:27 hicolor
config/includes.chroot: 
config/includes.chroot: config/includes.chroot/usr/share/gnome-shell/extensions/blur-my-shell@aunetx/icons/hicolor:
config/includes.chroot: total 4
config/includes.chroot: drwxrwxr-x 3 siam siam 4096 জুলাই     16 22:27 scalable
config/includes.chroot: 
config/includes.chroot: config/includes.chroot/usr/share/gnome-shell/extensions/blur-my-shell@aunetx/icons/hicolor/scalable:
config/includes.chroot: total 4
config/includes.chroot: drwxrwxr-x 2 siam siam 4096 জুলাই     22 18:06 actions
config/includes.chroot: 
config/includes.chroot: config/includes.chroot/usr/share/gnome-shell/extensions/blur-my-shell@aunetx/icons/hicolor/scalable/actions:
config/includes.chroot: total 76
config/includes.chroot: -rw-rw-r-- 1 siam siam  249 জুলাই     22 18:06 add-row-symbolic.svg
config/includes.chroot: -rw-rw-r-- 1 siam siam 1989 জুলাই     22 18:06 applications-symbolic.svg
config/includes.chroot: -rw-rw-r-- 1 siam siam 1499 জুলাই     22 18:06 bottom-panel-symbolic.svg
config/includes.chroot: -rw-rw-r-- 1 siam siam 1616 জুলাই     22 18:06 dash-symbolic.svg
config/includes.chroot: -rw-rw-r-- 1 siam siam  484 জুলাই     22 18:06 down-symbolic.svg
config/includes.chroot: -rw-rw-r-- 1 siam siam  646 জুলাই     22 18:06 duplicate-row-symbolic.svg
config/includes.chroot: -rw-rw-r-- 1 siam siam 4341 জুলাই     22 18:06 dynamic-mode-symbolic.svg
config/includes.chroot: -rw-rw-r-- 1 siam siam  959 জুলাই     22 18:06 edit-row-symbolic.svg
config/includes.chroot: -rw-rw-r-- 1 siam siam 1127 জুলাই     22 18:06 heart-symbolic.svg
config/includes.chroot: -rw-rw-r-- 1 siam siam  667 জুলাই     22 18:06 other-symbolic.svg
config/includes.chroot: -rw-rw-r-- 1 siam siam 2033 জুলাই     22 18:06 overview-symbolic.svg
config/includes.chroot: -rw-rw-r-- 1 siam siam 2512 জুলাই     22 18:06 pipelines-symbolic.svg
config/includes.chroot: -rw-rw-r-- 1 siam siam  740 জুলাই     22 18:06 remove-row-symbolic.svg
config/includes.chroot: -rw-rw-r-- 1 siam siam  406 জুলাই     22 18:06 reset-symbolic.svg
config/includes.chroot: -rw-rw-r-- 1 siam siam 2244 জুলাই     22 18:06 select-row-symbolic.svg
config/includes.chroot: -rw-rw-r-- 1 siam siam  346 জুলাই     22 18:06 select-window-symbolic.svg
config/includes.chroot: -rw-rw-r-- 1 siam siam 4326 জুলাই     22 18:06 static-mode-symbolic.svg
config/includes.chroot: 
config/includes.chroot: config/includes.chroot/usr/share/gnome-shell/extensions/blur-my-shell@aunetx/locale:
config/includes.chroot: total 180
config/includes.chroot: drwxrwxr-x 3 siam siam 4096 জুলাই     16 22:27 af
config/includes.chroot: drwxrwxr-x 3 siam siam 4096 জুলাই     16 22:27 ar
config/includes.chroot: drwxrwxr-x 3 siam siam 4096 জুলাই     16 22:27 az
config/includes.chroot: drwxrwxr-x 3 siam siam 4096 জুলাই     16 22:27 be
config/includes.chroot: drwxrwxr-x 3 siam siam 4096 জুলাই     16 22:27 bg
config/includes.chroot: drwxrwxr-x 3 siam siam 4096 জুলাই     16 22:27 ca
config/includes.chroot: drwxrwxr-x 3 siam siam 4096 জুলাই     16 22:27 cs
config/includes.chroot: drwxrwxr-x 3 siam siam 4096 জুলাই     16 22:27 da
config/includes.chroot: drwxrwxr-x 3 siam siam 4096 জুলাই     16 22:27 de
config/includes.chroot: drwxrwxr-x 3 siam siam 4096 জুলাই     16 22:27 el
config/includes.chroot: drwxrwxr-x 3 siam siam 4096 জুলাই     16 22:27 eo
config/includes.chroot: drwxrwxr-x 3 siam siam 4096 জুলাই     16 22:27 es
config/includes.chroot: drwxrwxr-x 3 siam siam 4096 জুলাই     16 22:27 et
config/includes.chroot: drwxrwxr-x 3 siam siam 4096 জুলাই     16 22:27 fi
config/includes.chroot: drwxrwxr-x 3 siam siam 4096 জুলাই     16 22:27 fr
config/includes.chroot: drwxrwxr-x 3 siam siam 4096 জুলাই     16 22:27 he
config/includes.chroot: drwxrwxr-x 3 siam siam 4096 জুলাই     16 22:27 hi
config/includes.chroot: drwxrwxr-x 3 siam siam 4096 জুলাই     16 22:27 hr
config/includes.chroot: drwxrwxr-x 3 siam siam 4096 জুলাই     16 22:27 hu
config/includes.chroot: drwxrwxr-x 3 siam siam 4096 জুলাই     16 22:27 id
config/includes.chroot: drwxrwxr-x 3 siam siam 4096 জুলাই     16 22:27 it
config/includes.chroot: drwxrwxr-x 3 siam siam 4096 জুলাই     16 22:27 ja
config/includes.chroot: drwxrwxr-x 3 siam siam 4096 জুলাই     16 22:27 ka
config/includes.chroot: drwxrwxr-x 3 siam siam 4096 জুলাই     16 22:27 ko
config/includes.chroot: drwxrwxr-x 3 siam siam 4096 জুলাই     16 22:27 ml
config/includes.chroot: drwxrwxr-x 3 siam siam 4096 জুলাই     16 22:27 mrh
config/includes.chroot: drwxrwxr-x 3 siam siam 4096 জুলাই     16 22:27 my
config/includes.chroot: drwxrwxr-x 3 siam siam 4096 জুলাই     16 22:27 nb_NO
config/includes.chroot: drwxrwxr-x 3 siam siam 4096 জুলাই     16 22:27 nl
config/includes.chroot: drwxrwxr-x 3 siam siam 4096 জুলাই     16 22:27 nn
config/includes.chroot: drwxrwxr-x 3 siam siam 4096 জুলাই     16 22:27 pl
config/includes.chroot: drwxrwxr-x 3 siam siam 4096 জুলাই     16 22:27 pt
config/includes.chroot: drwxrwxr-x 3 siam siam 4096 জুলাই     16 22:27 pt_BR
config/includes.chroot: drwxrwxr-x 3 siam siam 4096 জুলাই     16 22:27 ro
config/includes.chroot: drwxrwxr-x 3 siam siam 4096 জুলাই     16 22:27 ru
config/includes.chroot: drwxrwxr-x 3 siam siam 4096 জুলাই     16 22:27 sk
config/includes.chroot: drwxrwxr-x 3 siam siam 4096 জুলাই     16 22:27 sl
config/includes.chroot: drwxrwxr-x 3 siam siam 4096 জুলাই     16 22:27 sv
config/includes.chroot: drwxrwxr-x 3 siam siam 4096 জুলাই     16 22:27 ta
config/includes.chroot: drwxrwxr-x 3 siam siam 4096 জুলাই     16 22:27 th
config/includes.chroot: drwxrwxr-x 3 siam siam 4096 জুলাই     16 22:27 tr
config/includes.chroot: drwxrwxr-x 3 siam siam 4096 জুলাই     16 22:27 uk
config/includes.chroot: drwxrwxr-x 3 siam siam 4096 জুলাই     16 22:27 vi
config/includes.chroot: drwxrwxr-x 3 siam siam 4096 জুলাই     16 22:27 zh_CN
config/includes.chroot: drwxrwxr-x 3 siam siam 4096 জুলাই     16 22:27 zh_TW
config/includes.chroot: 
config/includes.chroot: config/includes.chroot/usr/share/gnome-shell/extensions/blur-my-shell@aunetx/locale/af:
config/includes.chroot: total 4
config/includes.chroot: drwxrwxr-x 2 siam siam 4096 জুলাই     22 18:06 LC_MESSAGES
config/includes.chroot: 
config/includes.chroot: config/includes.chroot/usr/share/gnome-shell/extensions/blur-my-shell@aunetx/locale/af/LC_MESSAGES:
config/includes.chroot: total 8
config/includes.chroot: -rw-rw-r-- 1 siam siam 7817 জুলাই     22 18:06 blur-my-shell@aunetx.mo
config/includes.chroot: 
config/includes.chroot: config/includes.chroot/usr/share/gnome-shell/extensions/blur-my-shell@aunetx/locale/ar:
config/includes.chroot: total 4
config/includes.chroot: drwxrwxr-x 2 siam siam 4096 জুলাই     22 18:06 LC_MESSAGES
config/includes.chroot: 
config/includes.chroot: config/includes.chroot/usr/share/gnome-shell/extensions/blur-my-shell@aunetx/locale/ar/LC_MESSAGES:
config/includes.chroot: total 20
config/includes.chroot: -rw-rw-r-- 1 siam siam 17338 জুলাই     22 18:06 blur-my-shell@aunetx.mo
config/includes.chroot: 
config/includes.chroot: config/includes.chroot/usr/share/gnome-shell/extensions/blur-my-shell@aunetx/locale/az:
config/includes.chroot: total 4
config/includes.chroot: drwxrwxr-x 2 siam siam 4096 জুলাই     22 18:06 LC_MESSAGES
config/includes.chroot: 
config/includes.chroot: config/includes.chroot/usr/share/gnome-shell/extensions/blur-my-shell@aunetx/locale/az/LC_MESSAGES:
config/includes.chroot: total 4
config/includes.chroot: -rw-rw-r-- 1 siam siam 1203 জুলাই     22 18:06 blur-my-shell@aunetx.mo
config/includes.chroot: 
config/includes.chroot: config/includes.chroot/usr/share/gnome-shell/extensions/blur-my-shell@aunetx/locale/be:
config/includes.chroot: total 4
config/includes.chroot: drwxrwxr-x 2 siam siam 4096 জুলাই     22 18:06 LC_MESSAGES
config/includes.chroot: 
config/includes.chroot: config/includes.chroot/usr/share/gnome-shell/extensions/blur-my-shell@aunetx/locale/be/LC_MESSAGES:
config/includes.chroot: total 4
config/includes.chroot: -rw-rw-r-- 1 siam siam 3499 জুলাই     22 18:06 blur-my-shell@aunetx.mo
config/includes.chroot: 
config/includes.chroot: config/includes.chroot/usr/share/gnome-shell/extensions/blur-my-shell@aunetx/locale/bg:
config/includes.chroot: total 4
config/includes.chroot: drwxrwxr-x 2 siam siam 4096 জুলাই     22 18:06 LC_MESSAGES
config/includes.chroot: 
config/includes.chroot: config/includes.chroot/usr/share/gnome-shell/extensions/blur-my-shell@aunetx/locale/bg/LC_MESSAGES:
config/includes.chroot: total 16
config/includes.chroot: -rw-rw-r-- 1 siam siam 15897 জুলাই     22 18:06 blur-my-shell@aunetx.mo
config/includes.chroot: 
config/includes.chroot: config/includes.chroot/usr/share/gnome-shell/extensions/blur-my-shell@aunetx/locale/ca:
config/includes.chroot: total 4
config/includes.chroot: drwxrwxr-x 2 siam siam 4096 জুলাই     22 18:06 LC_MESSAGES
config/includes.chroot: 
config/includes.chroot: config/includes.chroot/usr/share/gnome-shell/extensions/blur-my-shell@aunetx/locale/ca/LC_MESSAGES:
config/includes.chroot: total 20
config/includes.chroot: -rw-rw-r-- 1 siam siam 17426 জুলাই     22 18:06 blur-my-shell@aunetx.mo
config/includes.chroot: 
config/includes.chroot: config/includes.chroot/usr/share/gnome-shell/extensions/blur-my-shell@aunetx/locale/cs:
config/includes.chroot: total 4
config/includes.chroot: drwxrwxr-x 2 siam siam 4096 জুলাই     22 18:06 LC_MESSAGES
config/includes.chroot: 
config/includes.chroot: config/includes.chroot/usr/share/gnome-shell/extensions/blur-my-shell@aunetx/locale/cs/LC_MESSAGES:
config/includes.chroot: total 20
config/includes.chroot: -rw-rw-r-- 1 siam siam 16716 জুলাই     22 18:06 blur-my-shell@aunetx.mo
config/includes.chroot: 
config/includes.chroot: config/includes.chroot/usr/share/gnome-shell/extensions/blur-my-shell@aunetx/locale/da:
config/includes.chroot: total 4
config/includes.chroot: drwxrwxr-x 2 siam siam 4096 জুলাই     22 18:06 LC_MESSAGES
config/includes.chroot: 
config/includes.chroot: config/includes.chroot/usr/share/gnome-shell/extensions/blur-my-shell@aunetx/locale/da/LC_MESSAGES:
config/includes.chroot: total 4
config/includes.chroot: -rw-rw-r-- 1 siam siam 927 জুলাই     22 18:06 blur-my-shell@aunetx.mo
config/includes.chroot: 
config/includes.chroot: config/includes.chroot/usr/share/gnome-shell/extensions/blur-my-shell@aunetx/locale/de:
config/includes.chroot: total 4
config/includes.chroot: drwxrwxr-x 2 siam siam 4096 জুলাই     22 18:06 LC_MESSAGES
config/includes.chroot: 
config/includes.chroot: config/includes.chroot/usr/share/gnome-shell/extensions/blur-my-shell@aunetx/locale/de/LC_MESSAGES:
config/includes.chroot: total 20
config/includes.chroot: -rw-rw-r-- 1 siam siam 17602 জুলাই     22 18:06 blur-my-shell@aunetx.mo
config/includes.chroot: 
config/includes.chroot: config/includes.chroot/usr/share/gnome-shell/extensions/blur-my-shell@aunetx/locale/el:
config/includes.chroot: total 4
config/includes.chroot: drwxrwxr-x 2 siam siam 4096 জুলাই     22 18:06 LC_MESSAGES
config/includes.chroot: 
config/includes.chroot: config/includes.chroot/usr/share/gnome-shell/extensions/blur-my-shell@aunetx/locale/el/LC_MESSAGES:
config/includes.chroot: total 16
config/includes.chroot: -rw-rw-r-- 1 siam siam 15294 জুলাই     22 18:06 blur-my-shell@aunetx.mo
config/includes.chroot: 
config/includes.chroot: config/includes.chroot/usr/share/gnome-shell/extensions/blur-my-shell@aunetx/locale/eo:
config/includes.chroot: total 4
config/includes.chroot: drwxrwxr-x 2 siam siam 4096 জুলাই     22 18:06 LC_MESSAGES
config/includes.chroot: 
config/includes.chroot: config/includes.chroot/usr/share/gnome-shell/extensions/blur-my-shell@aunetx/locale/eo/LC_MESSAGES:
config/includes.chroot: total 4
config/includes.chroot: -rw-rw-r-- 1 siam siam 367 জুলাই     22 18:06 blur-my-shell@aunetx.mo
config/includes.chroot: 
config/includes.chroot: config/includes.chroot/usr/share/gnome-shell/extensions/blur-my-shell@aunetx/locale/es:
config/includes.chroot: total 4
config/includes.chroot: drwxrwxr-x 2 siam siam 4096 জুলাই     22 18:06 LC_MESSAGES
config/includes.chroot: 
config/includes.chroot: config/includes.chroot/usr/share/gnome-shell/extensions/blur-my-shell@aunetx/locale/es/LC_MESSAGES:
config/includes.chroot: total 20
config/includes.chroot: -rw-rw-r-- 1 siam siam 17198 জুলাই     22 18:06 blur-my-shell@aunetx.mo
config/includes.chroot: 
config/includes.chroot: config/includes.chroot/usr/share/gnome-shell/extensions/blur-my-shell@aunetx/locale/et:
config/includes.chroot: total 4
config/includes.chroot: drwxrwxr-x 2 siam siam 4096 জুলাই     22 18:06 LC_MESSAGES
config/includes.chroot: 
config/includes.chroot: config/includes.chroot/usr/share/gnome-shell/extensions/blur-my-shell@aunetx/locale/et/LC_MESSAGES:
config/includes.chroot: total 4
config/includes.chroot: -rw-rw-r-- 1 siam siam 2815 জুলাই     22 18:06 blur-my-shell@aunetx.mo
config/includes.chroot: 
config/includes.chroot: config/includes.chroot/usr/share/gnome-shell/extensions/blur-my-shell@aunetx/locale/fi:
config/includes.chroot: total 4
config/includes.chroot: drwxrwxr-x 2 siam siam 4096 জুলাই     22 18:06 LC_MESSAGES
config/includes.chroot: 
config/includes.chroot: config/includes.chroot/usr/share/gnome-shell/extensions/blur-my-shell@aunetx/locale/fi/LC_MESSAGES:
config/includes.chroot: total 12
config/includes.chroot: -rw-rw-r-- 1 siam siam 9980 জুলাই     22 18:06 blur-my-shell@aunetx.mo
config/includes.chroot: 
config/includes.chroot: config/includes.chroot/usr/share/gnome-shell/extensions/blur-my-shell@aunetx/locale/fr:
config/includes.chroot: total 4
config/includes.chroot: drwxrwxr-x 2 siam siam 4096 জুলাই     22 18:06 LC_MESSAGES
config/includes.chroot: 
config/includes.chroot: config/includes.chroot/usr/share/gnome-shell/extensions/blur-my-shell@aunetx/locale/fr/LC_MESSAGES:
config/includes.chroot: total 20
config/includes.chroot: -rw-rw-r-- 1 siam siam 17362 জুলাই     22 18:06 blur-my-shell@aunetx.mo
config/includes.chroot: 
config/includes.chroot: config/includes.chroot/usr/share/gnome-shell/extensions/blur-my-shell@aunetx/locale/he:
config/includes.chroot: total 4
config/includes.chroot: drwxrwxr-x 2 siam siam 4096 জুলাই     22 18:06 LC_MESSAGES
config/includes.chroot: 
config/includes.chroot: config/includes.chroot/usr/share/gnome-shell/extensions/blur-my-shell@aunetx/locale/he/LC_MESSAGES:
config/includes.chroot: total 4
config/includes.chroot: -rw-rw-r-- 1 siam siam 592 জুলাই     22 18:06 blur-my-shell@aunetx.mo
config/includes.chroot: 
config/includes.chroot: config/includes.chroot/usr/share/gnome-shell/extensions/blur-my-shell@aunetx/locale/hi:
config/includes.chroot: total 4
config/includes.chroot: drwxrwxr-x 2 siam siam 4096 জুলাই     22 18:06 LC_MESSAGES
config/includes.chroot: 
config/includes.chroot: config/includes.chroot/usr/share/gnome-shell/extensions/blur-my-shell@aunetx/locale/hi/LC_MESSAGES:
config/includes.chroot: total 28
config/includes.chroot: -rw-rw-r-- 1 siam siam 25486 জুলাই     22 18:06 blur-my-shell@aunetx.mo
config/includes.chroot: 
config/includes.chroot: config/includes.chroot/usr/share/gnome-shell/extensions/blur-my-shell@aunetx/locale/hr:
config/includes.chroot: total 4
config/includes.chroot: drwxrwxr-x 2 siam siam 4096 জুলাই     22 18:06 LC_MESSAGES
config/includes.chroot: 
config/includes.chroot: config/includes.chroot/usr/share/gnome-shell/extensions/blur-my-shell@aunetx/locale/hr/LC_MESSAGES:
config/includes.chroot: total 12
config/includes.chroot: -rw-rw-r-- 1 siam siam 8514 জুলাই     22 18:06 blur-my-shell@aunetx.mo
config/includes.chroot: 
config/includes.chroot: config/includes.chroot/usr/share/gnome-shell/extensions/blur-my-shell@aunetx/locale/hu:
config/includes.chroot: total 4
config/includes.chroot: drwxrwxr-x 2 siam siam 4096 জুলাই     22 18:06 LC_MESSAGES
config/includes.chroot: 
config/includes.chroot: config/includes.chroot/usr/share/gnome-shell/extensions/blur-my-shell@aunetx/locale/hu/LC_MESSAGES:
config/includes.chroot: total 20
config/includes.chroot: -rw-rw-r-- 1 siam siam 17350 জুলাই     22 18:06 blur-my-shell@aunetx.mo
config/includes.chroot: 
config/includes.chroot: config/includes.chroot/usr/share/gnome-shell/extensions/blur-my-shell@aunetx/locale/id:
config/includes.chroot: total 4
config/includes.chroot: drwxrwxr-x 2 siam siam 4096 জুলাই     22 18:06 LC_MESSAGES
config/includes.chroot: 
config/includes.chroot: config/includes.chroot/usr/share/gnome-shell/extensions/blur-my-shell@aunetx/locale/id/LC_MESSAGES:
config/includes.chroot: total 16
config/includes.chroot: -rw-rw-r-- 1 siam siam 16293 জুলাই     22 18:06 blur-my-shell@aunetx.mo
config/includes.chroot: 
config/includes.chroot: config/includes.chroot/usr/share/gnome-shell/extensions/blur-my-shell@aunetx/locale/it:
config/includes.chroot: total 4
config/includes.chroot: drwxrwxr-x 2 siam siam 4096 জুলাই     22 18:06 LC_MESSAGES
config/includes.chroot: 
config/includes.chroot: config/includes.chroot/usr/share/gnome-shell/extensions/blur-my-shell@aunetx/locale/it/LC_MESSAGES:
config/includes.chroot: total 20
config/includes.chroot: -rw-rw-r-- 1 siam siam 17199 জুলাই     22 18:06 blur-my-shell@aunetx.mo
config/includes.chroot: 
config/includes.chroot: config/includes.chroot/usr/share/gnome-shell/extensions/blur-my-shell@aunetx/locale/ja:
config/includes.chroot: total 4
config/includes.chroot: drwxrwxr-x 2 siam siam 4096 জুলাই     22 18:06 LC_MESSAGES
config/includes.chroot: 
config/includes.chroot: config/includes.chroot/usr/share/gnome-shell/extensions/blur-my-shell@aunetx/locale/ja/LC_MESSAGES:
config/includes.chroot: total 20
config/includes.chroot: -rw-rw-r-- 1 siam siam 18237 জুলাই     22 18:06 blur-my-shell@aunetx.mo
config/includes.chroot: 
config/includes.chroot: config/includes.chroot/usr/share/gnome-shell/extensions/blur-my-shell@aunetx/locale/ka:
config/includes.chroot: total 4
config/includes.chroot: drwxrwxr-x 2 siam siam 4096 জুলাই     22 18:06 LC_MESSAGES
config/includes.chroot: 
config/includes.chroot: config/includes.chroot/usr/share/gnome-shell/extensions/blur-my-shell@aunetx/locale/ka/LC_MESSAGES:
config/includes.chroot: total 8
config/includes.chroot: -rw-rw-r-- 1 siam siam 6826 জুলাই     22 18:06 blur-my-shell@aunetx.mo
config/includes.chroot: 
config/includes.chroot: config/includes.chroot/usr/share/gnome-shell/extensions/blur-my-shell@aunetx/locale/ko:
config/includes.chroot: total 4
config/includes.chroot: drwxrwxr-x 2 siam siam 4096 জুলাই     22 18:06 LC_MESSAGES
config/includes.chroot: 
config/includes.chroot: config/includes.chroot/usr/share/gnome-shell/extensions/blur-my-shell@aunetx/locale/ko/LC_MESSAGES:
config/includes.chroot: total 16
config/includes.chroot: -rw-rw-r-- 1 siam siam 14804 জুলাই     22 18:06 blur-my-shell@aunetx.mo
config/includes.chroot: 
config/includes.chroot: config/includes.chroot/usr/share/gnome-shell/extensions/blur-my-shell@aunetx/locale/ml:
config/includes.chroot: total 4
config/includes.chroot: drwxrwxr-x 2 siam siam 4096 জুলাই     22 18:06 LC_MESSAGES
config/includes.chroot: 
config/includes.chroot: config/includes.chroot/usr/share/gnome-shell/extensions/blur-my-shell@aunetx/locale/ml/LC_MESSAGES:
config/includes.chroot: total 4
config/includes.chroot: -rw-rw-r-- 1 siam siam 523 জুলাই     22 18:06 blur-my-shell@aunetx.mo
config/includes.chroot: 
config/includes.chroot: config/includes.chroot/usr/share/gnome-shell/extensions/blur-my-shell@aunetx/locale/mrh:
config/includes.chroot: total 4
config/includes.chroot: drwxrwxr-x 2 siam siam 4096 জুলাই     22 18:06 LC_MESSAGES
config/includes.chroot: 
config/includes.chroot: config/includes.chroot/usr/share/gnome-shell/extensions/blur-my-shell@aunetx/locale/mrh/LC_MESSAGES:
config/includes.chroot: total 4
config/includes.chroot: -rw-rw-r-- 1 siam siam 521 জুলাই     22 18:06 blur-my-shell@aunetx.mo
config/includes.chroot: 
config/includes.chroot: config/includes.chroot/usr/share/gnome-shell/extensions/blur-my-shell@aunetx/locale/my:
config/includes.chroot: total 4
config/includes.chroot: drwxrwxr-x 2 siam siam 4096 জুলাই     22 18:06 LC_MESSAGES
config/includes.chroot: 
config/includes.chroot: config/includes.chroot/usr/share/gnome-shell/extensions/blur-my-shell@aunetx/locale/my/LC_MESSAGES:
config/includes.chroot: total 4
config/includes.chroot: -rw-rw-r-- 1 siam siam 362 জুলাই     22 18:06 blur-my-shell@aunetx.mo
config/includes.chroot: 
config/includes.chroot: config/includes.chroot/usr/share/gnome-shell/extensions/blur-my-shell@aunetx/locale/nb_NO:
config/includes.chroot: total 4
config/includes.chroot: drwxrwxr-x 2 siam siam 4096 জুলাই     22 18:06 LC_MESSAGES
config/includes.chroot: 
config/includes.chroot: config/includes.chroot/usr/share/gnome-shell/extensions/blur-my-shell@aunetx/locale/nb_NO/LC_MESSAGES:
config/includes.chroot: total 8
config/includes.chroot: -rw-rw-r-- 1 siam siam 7795 জুলাই     22 18:06 blur-my-shell@aunetx.mo
config/includes.chroot: 
config/includes.chroot: config/includes.chroot/usr/share/gnome-shell/extensions/blur-my-shell@aunetx/locale/nl:
config/includes.chroot: total 4
config/includes.chroot: drwxrwxr-x 2 siam siam 4096 জুলাই     22 18:06 LC_MESSAGES
config/includes.chroot: 
config/includes.chroot: config/includes.chroot/usr/share/gnome-shell/extensions/blur-my-shell@aunetx/locale/nl/LC_MESSAGES:
config/includes.chroot: total 20
config/includes.chroot: -rw-rw-r-- 1 siam siam 17158 জুলাই     22 18:06 blur-my-shell@aunetx.mo
config/includes.chroot: 
config/includes.chroot: config/includes.chroot/usr/share/gnome-shell/extensions/blur-my-shell@aunetx/locale/nn:
config/includes.chroot: total 4
config/includes.chroot: drwxrwxr-x 2 siam siam 4096 জুলাই     22 18:06 LC_MESSAGES
config/includes.chroot: 
config/includes.chroot: config/includes.chroot/usr/share/gnome-shell/extensions/blur-my-shell@aunetx/locale/nn/LC_MESSAGES:
config/includes.chroot: total 4
config/includes.chroot: -rw-rw-r-- 1 siam siam 1185 জুলাই     22 18:06 blur-my-shell@aunetx.mo
config/includes.chroot: 
config/includes.chroot: config/includes.chroot/usr/share/gnome-shell/extensions/blur-my-shell@aunetx/locale/pl:
config/includes.chroot: total 4
config/includes.chroot: drwxrwxr-x 2 siam siam 4096 জুলাই     22 18:06 LC_MESSAGES
config/includes.chroot: 
config/includes.chroot: config/includes.chroot/usr/share/gnome-shell/extensions/blur-my-shell@aunetx/locale/pl/LC_MESSAGES:
config/includes.chroot: total 16
config/includes.chroot: -rw-rw-r-- 1 siam siam 15041 জুলাই     22 18:06 blur-my-shell@aunetx.mo
config/includes.chroot: 
config/includes.chroot: config/includes.chroot/usr/share/gnome-shell/extensions/blur-my-shell@aunetx/locale/pt:
config/includes.chroot: total 4
config/includes.chroot: drwxrwxr-x 2 siam siam 4096 জুলাই     22 18:06 LC_MESSAGES
config/includes.chroot: 
config/includes.chroot: config/includes.chroot/usr/share/gnome-shell/extensions/blur-my-shell@aunetx/locale/pt/LC_MESSAGES:
config/includes.chroot: total 20
config/includes.chroot: -rw-rw-r-- 1 siam siam 16752 জুলাই     22 18:06 blur-my-shell@aunetx.mo
config/includes.chroot: 
config/includes.chroot: config/includes.chroot/usr/share/gnome-shell/extensions/blur-my-shell@aunetx/locale/pt_BR:
config/includes.chroot: total 4
config/includes.chroot: drwxrwxr-x 2 siam siam 4096 জুলাই     22 18:06 LC_MESSAGES
config/includes.chroot: 
config/includes.chroot: config/includes.chroot/usr/share/gnome-shell/extensions/blur-my-shell@aunetx/locale/pt_BR/LC_MESSAGES:
config/includes.chroot: total 20
config/includes.chroot: -rw-rw-r-- 1 siam siam 16986 জুলাই     22 18:06 blur-my-shell@aunetx.mo
config/includes.chroot: 
config/includes.chroot: config/includes.chroot/usr/share/gnome-shell/extensions/blur-my-shell@aunetx/locale/ro:
config/includes.chroot: total 4
config/includes.chroot: drwxrwxr-x 2 siam siam 4096 জুলাই     22 18:06 LC_MESSAGES
config/includes.chroot: 
config/includes.chroot: config/includes.chroot/usr/share/gnome-shell/extensions/blur-my-shell@aunetx/locale/ro/LC_MESSAGES:
config/includes.chroot: total 12
config/includes.chroot: -rw-rw-r-- 1 siam siam 10058 জুলাই     22 18:06 blur-my-shell@aunetx.mo
config/includes.chroot: 
config/includes.chroot: config/includes.chroot/usr/share/gnome-shell/extensions/blur-my-shell@aunetx/locale/ru:
config/includes.chroot: total 4
config/includes.chroot: drwxrwxr-x 2 siam siam 4096 জুলাই     22 18:06 LC_MESSAGES
config/includes.chroot: 
config/includes.chroot: config/includes.chroot/usr/share/gnome-shell/extensions/blur-my-shell@aunetx/locale/ru/LC_MESSAGES:
config/includes.chroot: total 24
config/includes.chroot: -rw-rw-r-- 1 siam siam 22226 জুলাই     22 18:06 blur-my-shell@aunetx.mo
config/includes.chroot: 
config/includes.chroot: config/includes.chroot/usr/share/gnome-shell/extensions/blur-my-shell@aunetx/locale/sk:
config/includes.chroot: total 4
config/includes.chroot: drwxrwxr-x 2 siam siam 4096 জুলাই     22 18:06 LC_MESSAGES
config/includes.chroot: 
config/includes.chroot: config/includes.chroot/usr/share/gnome-shell/extensions/blur-my-shell@aunetx/locale/sk/LC_MESSAGES:
config/includes.chroot: total 4
config/includes.chroot: -rw-rw-r-- 1 siam siam 1083 জুলাই     22 18:06 blur-my-shell@aunetx.mo
config/includes.chroot: 
config/includes.chroot: config/includes.chroot/usr/share/gnome-shell/extensions/blur-my-shell@aunetx/locale/sl:
config/includes.chroot: total 4
config/includes.chroot: drwxrwxr-x 2 siam siam 4096 জুলাই     22 18:06 LC_MESSAGES
config/includes.chroot: 
config/includes.chroot: config/includes.chroot/usr/share/gnome-shell/extensions/blur-my-shell@aunetx/locale/sl/LC_MESSAGES:
config/includes.chroot: total 12
config/includes.chroot: -rw-rw-r-- 1 siam siam 11489 জুলাই     22 18:06 blur-my-shell@aunetx.mo
config/includes.chroot: 
config/includes.chroot: config/includes.chroot/usr/share/gnome-shell/extensions/blur-my-shell@aunetx/locale/sv:
config/includes.chroot: total 4
config/includes.chroot: drwxrwxr-x 2 siam siam 4096 জুলাই     22 18:06 LC_MESSAGES
config/includes.chroot: 
config/includes.chroot: config/includes.chroot/usr/share/gnome-shell/extensions/blur-my-shell@aunetx/locale/sv/LC_MESSAGES:
config/includes.chroot: total 20
config/includes.chroot: -rw-rw-r-- 1 siam siam 16753 জুলাই     22 18:06 blur-my-shell@aunetx.mo
config/includes.chroot: 
config/includes.chroot: config/includes.chroot/usr/share/gnome-shell/extensions/blur-my-shell@aunetx/locale/ta:
config/includes.chroot: total 4
config/includes.chroot: drwxrwxr-x 2 siam siam 4096 জুলাই     22 18:06 LC_MESSAGES
config/includes.chroot: 
config/includes.chroot: config/includes.chroot/usr/share/gnome-shell/extensions/blur-my-shell@aunetx/locale/ta/LC_MESSAGES:
config/includes.chroot: total 28
config/includes.chroot: -rw-rw-r-- 1 siam siam 28451 জুলাই     22 18:06 blur-my-shell@aunetx.mo
config/includes.chroot: 
config/includes.chroot: config/includes.chroot/usr/share/gnome-shell/extensions/blur-my-shell@aunetx/locale/th:
config/includes.chroot: total 4
config/includes.chroot: drwxrwxr-x 2 siam siam 4096 জুলাই     22 18:06 LC_MESSAGES
config/includes.chroot: 
config/includes.chroot: config/includes.chroot/usr/share/gnome-shell/extensions/blur-my-shell@aunetx/locale/th/LC_MESSAGES:
config/includes.chroot: total 4
config/includes.chroot: -rw-rw-r-- 1 siam siam 362 জুলাই     22 18:06 blur-my-shell@aunetx.mo
config/includes.chroot: 
config/includes.chroot: config/includes.chroot/usr/share/gnome-shell/extensions/blur-my-shell@aunetx/locale/tr:
config/includes.chroot: total 4
config/includes.chroot: drwxrwxr-x 2 siam siam 4096 জুলাই     22 18:06 LC_MESSAGES
config/includes.chroot: 
config/includes.chroot: config/includes.chroot/usr/share/gnome-shell/extensions/blur-my-shell@aunetx/locale/tr/LC_MESSAGES:
config/includes.chroot: total 20
config/includes.chroot: -rw-rw-r-- 1 siam siam 17095 জুলাই     22 18:06 blur-my-shell@aunetx.mo
config/includes.chroot: 
config/includes.chroot: config/includes.chroot/usr/share/gnome-shell/extensions/blur-my-shell@aunetx/locale/uk:
config/includes.chroot: total 4
config/includes.chroot: drwxrwxr-x 2 siam siam 4096 জুলাই     22 18:06 LC_MESSAGES
config/includes.chroot: 
config/includes.chroot: config/includes.chroot/usr/share/gnome-shell/extensions/blur-my-shell@aunetx/locale/uk/LC_MESSAGES:
config/includes.chroot: total 24
config/includes.chroot: -rw-rw-r-- 1 siam siam 21475 জুলাই     22 18:06 blur-my-shell@aunetx.mo
config/includes.chroot: 
config/includes.chroot: config/includes.chroot/usr/share/gnome-shell/extensions/blur-my-shell@aunetx/locale/vi:
config/includes.chroot: total 4
config/includes.chroot: drwxrwxr-x 2 siam siam 4096 জুলাই     22 18:06 LC_MESSAGES
config/includes.chroot: 
config/includes.chroot: config/includes.chroot/usr/share/gnome-shell/extensions/blur-my-shell@aunetx/locale/vi/LC_MESSAGES:
config/includes.chroot: total 20
config/includes.chroot: -rw-rw-r-- 1 siam siam 18184 জুলাই     22 18:06 blur-my-shell@aunetx.mo
config/includes.chroot: 
config/includes.chroot: config/includes.chroot/usr/share/gnome-shell/extensions/blur-my-shell@aunetx/locale/zh_CN:
config/includes.chroot: total 4
config/includes.chroot: drwxrwxr-x 2 siam siam 4096 জুলাই     22 18:06 LC_MESSAGES
config/includes.chroot: 
config/includes.chroot: config/includes.chroot/usr/share/gnome-shell/extensions/blur-my-shell@aunetx/locale/zh_CN/LC_MESSAGES:
config/includes.chroot: total 16
config/includes.chroot: -rw-rw-r-- 1 siam siam 15371 জুলাই     22 18:06 blur-my-shell@aunetx.mo
config/includes.chroot: 
config/includes.chroot: config/includes.chroot/usr/share/gnome-shell/extensions/blur-my-shell@aunetx/locale/zh_TW:
config/includes.chroot: total 4
config/includes.chroot: drwxrwxr-x 2 siam siam 4096 জুলাই     22 18:06 LC_MESSAGES
config/includes.chroot: 
config/includes.chroot: config/includes.chroot/usr/share/gnome-shell/extensions/blur-my-shell@aunetx/locale/zh_TW/LC_MESSAGES:
config/includes.chroot: total 16
config/includes.chroot: -rw-rw-r-- 1 siam siam 15054 জুলাই     22 18:06 blur-my-shell@aunetx.mo
config/includes.chroot: 
config/includes.chroot: config/includes.chroot/usr/share/gnome-shell/extensions/blur-my-shell@aunetx/preferences:
config/includes.chroot: total 40
config/includes.chroot: -rw-rw-r-- 1 siam siam 7621 জুলাই     22 18:06 applications.js
config/includes.chroot: drwxrwxr-x 2 siam siam 4096 জুলাই     22 18:06 applications_management
config/includes.chroot: -rw-rw-r-- 1 siam siam 3249 জুলাই     22 18:06 dash.js
config/includes.chroot: -rw-rw-r-- 1 siam siam 2249 জুলাই     22 18:06 menu.js
config/includes.chroot: -rw-rw-r-- 1 siam siam 2786 জুলাই     22 18:06 other.js
config/includes.chroot: -rw-rw-r-- 1 siam siam 1951 জুলাই     22 18:06 overview.js
config/includes.chroot: -rw-rw-r-- 1 siam siam 4020 জুলাই     22 18:06 panel.js
config/includes.chroot: -rw-rw-r-- 1 siam siam 3460 জুলাই     22 18:06 pipelines.js
config/includes.chroot: drwxrwxr-x 2 siam siam 4096 জুলাই     22 18:06 pipelines_management
config/includes.chroot: 
config/includes.chroot: config/includes.chroot/usr/share/gnome-shell/extensions/blur-my-shell@aunetx/preferences/applications_management:
config/includes.chroot: total 4
config/includes.chroot: -rw-rw-r-- 1 siam siam 3588 জুলাই     22 18:06 application_row.js
config/includes.chroot: 
config/includes.chroot: config/includes.chroot/usr/share/gnome-shell/extensions/blur-my-shell@aunetx/preferences/pipelines_management:
config/includes.chroot: total 28
config/includes.chroot: -rw-rw-r-- 1 siam siam 9076 জুলাই     22 18:06 effect_row.js
config/includes.chroot: -rw-rw-r-- 1 siam siam 6455 জুলাই     22 18:06 effects_dialog.js
config/includes.chroot: -rw-rw-r-- 1 siam siam 4086 জুলাই     22 18:06 pipeline_choose_row.js
config/includes.chroot: -rw-rw-r-- 1 siam siam 3696 জুলাই     22 18:06 pipeline_group.js
config/includes.chroot: 
config/includes.chroot: config/includes.chroot/usr/share/gnome-shell/extensions/blur-my-shell@aunetx/schemas:
config/includes.chroot: total 40
config/includes.chroot: -rw-rw-r-- 1 siam siam 10240 জুলাই     22 18:06 gschemas.compiled
config/includes.chroot: -rw-rw-r-- 1 siam siam 26264 জুলাই     22 18:06 org.gnome.shell.extensions.blur-my-shell.gschema.xml
config/includes.chroot: 
config/includes.chroot: config/includes.chroot/usr/share/gnome-shell/extensions/blur-my-shell@aunetx/ui:
config/includes.chroot: total 88
config/includes.chroot: -rw-rw-r-- 1 siam siam  1755 জুলাই     22 18:06 application-row.ui
config/includes.chroot: -rw-rw-r-- 1 siam siam 14656 জুলাই     22 18:06 applications.ui
config/includes.chroot: -rw-rw-r-- 1 siam siam  9355 জুলাই     22 18:06 dash.ui
config/includes.chroot: -rw-rw-r-- 1 siam siam  3356 জুলাই     22 18:06 effects-dialog.ui
config/includes.chroot: -rw-rw-r-- 1 siam siam  1302 জুলাই     22 18:06 menu.ui
config/includes.chroot: -rw-rw-r-- 1 siam siam  8908 জুলাই     22 18:06 other.ui
config/includes.chroot: -rw-rw-r-- 1 siam siam  6278 জুলাই     22 18:06 overview.ui
config/includes.chroot: -rw-rw-r-- 1 siam siam 12495 জুলাই     22 18:06 panel.ui
config/includes.chroot: -rw-rw-r-- 1 siam siam  1349 জুলাই     22 18:06 pipeline-choose-row.ui
config/includes.chroot: -rw-rw-r-- 1 siam siam  1026 জুলাই     22 18:06 pipeline-group.ui
config/includes.chroot: -rw-rw-r-- 1 siam siam  1758 জুলাই     22 18:06 pipelines.ui
config/includes.chroot: 
config/includes.chroot: config/includes.chroot/usr/share/gnome-shell/extensions/burn-my-windows@schneegans.github.com:
config/includes.chroot: total 128
config/includes.chroot: -rw-rw-r--  1 siam siam 28776 জুলাই     22 18:06 extension.js
config/includes.chroot: -rw-rw-r--  1 siam siam 35149 জুলাই     22 18:06 LICENSE
config/includes.chroot: drwxrwxr-x 38 siam siam  4096 জুলাই     16 22:27 locale
config/includes.chroot: -rw-rw-r--  1 siam siam   570 জুলাই     22 18:06 metadata.json
config/includes.chroot: -rw-rw-r--  1 siam siam 36991 জুলাই     22 18:06 prefs.js
config/includes.chroot: drwxrwxr-x  2 siam siam  4096 জুলাই     22 18:06 resources
config/includes.chroot: drwxrwxr-x  2 siam siam  4096 জুলাই     22 18:06 schemas
config/includes.chroot: drwxrwxr-x  3 siam siam  4096 জুলাই     22 18:06 src
config/includes.chroot: 
config/includes.chroot: config/includes.chroot/usr/share/gnome-shell/extensions/burn-my-windows@schneegans.github.com/locale:
config/includes.chroot: total 144
config/includes.chroot: drwxrwxr-x 3 siam siam 4096 জুলাই     16 22:27 ar
config/includes.chroot: drwxrwxr-x 3 siam siam 4096 জুলাই     16 22:27 az
config/includes.chroot: drwxrwxr-x 3 siam siam 4096 জুলাই     16 22:27 cs
config/includes.chroot: drwxrwxr-x 3 siam siam 4096 জুলাই     16 22:27 da
config/includes.chroot: drwxrwxr-x 3 siam siam 4096 জুলাই     16 22:27 de
config/includes.chroot: drwxrwxr-x 3 siam siam 4096 জুলাই     16 22:27 el
config/includes.chroot: drwxrwxr-x 3 siam siam 4096 জুলাই     16 22:27 eo
config/includes.chroot: drwxrwxr-x 3 siam siam 4096 জুলাই     16 22:27 es
config/includes.chroot: drwxrwxr-x 3 siam siam 4096 জুলাই     16 22:27 et
config/includes.chroot: drwxrwxr-x 3 siam siam 4096 জুলাই     16 22:27 fa
config/includes.chroot: drwxrwxr-x 3 siam siam 4096 জুলাই     16 22:27 fi
config/includes.chroot: drwxrwxr-x 3 siam siam 4096 জুলাই     16 22:27 fr
config/includes.chroot: drwxrwxr-x 3 siam siam 4096 জুলাই     16 22:27 he
config/includes.chroot: drwxrwxr-x 3 siam siam 4096 জুলাই     16 22:27 hi
config/includes.chroot: drwxrwxr-x 3 siam siam 4096 জুলাই     16 22:27 hu
config/includes.chroot: drwxrwxr-x 3 siam siam 4096 জুলাই     16 22:27 id
config/includes.chroot: drwxrwxr-x 3 siam siam 4096 জুলাই     16 22:27 it
config/includes.chroot: drwxrwxr-x 3 siam siam 4096 জুলাই     16 22:27 ja
config/includes.chroot: drwxrwxr-x 3 siam siam 4096 জুলাই     16 22:27 kab
config/includes.chroot: drwxrwxr-x 3 siam siam 4096 জুলাই     16 22:27 ko
config/includes.chroot: drwxrwxr-x 3 siam siam 4096 জুলাই     16 22:27 lt
config/includes.chroot: drwxrwxr-x 3 siam siam 4096 জুলাই     16 22:27 nb_NO
config/includes.chroot: drwxrwxr-x 3 siam siam 4096 জুলাই     16 22:27 nl
config/includes.chroot: drwxrwxr-x 3 siam siam 4096 জুলাই     16 22:27 ota
config/includes.chroot: drwxrwxr-x 3 siam siam 4096 জুলাই     16 22:27 pl
config/includes.chroot: drwxrwxr-x 3 siam siam 4096 জুলাই     16 22:27 pt
config/includes.chroot: drwxrwxr-x 3 siam siam 4096 জুলাই     16 22:27 pt_BR
config/includes.chroot: drwxrwxr-x 3 siam siam 4096 জুলাই     16 22:27 ro
config/includes.chroot: drwxrwxr-x 3 siam siam 4096 জুলাই     16 22:27 ru
config/includes.chroot: drwxrwxr-x 3 siam siam 4096 জুলাই     16 22:27 sk
config/includes.chroot: drwxrwxr-x 3 siam siam 4096 জুলাই     16 22:27 sv
config/includes.chroot: drwxrwxr-x 3 siam siam 4096 জুলাই     16 22:27 ta
config/includes.chroot: drwxrwxr-x 3 siam siam 4096 জুলাই     16 22:27 tr
config/includes.chroot: drwxrwxr-x 3 siam siam 4096 জুলাই     16 22:27 uk
config/includes.chroot: drwxrwxr-x 3 siam siam 4096 জুলাই     16 22:27 zh_Hans
config/includes.chroot: drwxrwxr-x 3 siam siam 4096 জুলাই     16 22:27 zh_Hant
config/includes.chroot: 
config/includes.chroot: config/includes.chroot/usr/share/gnome-shell/extensions/burn-my-windows@schneegans.github.com/locale/ar:
config/includes.chroot: total 4
config/includes.chroot: drwxrwxr-x 2 siam siam 4096 জুলাই     22 18:06 LC_MESSAGES
config/includes.chroot: 
config/includes.chroot: config/includes.chroot/usr/share/gnome-shell/extensions/burn-my-windows@schneegans.github.com/locale/ar/LC_MESSAGES:
config/includes.chroot: total 8
config/includes.chroot: -rw-rw-r-- 1 siam siam 5281 জুলাই     22 18:06 burn-my-windows.mo
config/includes.chroot: 
config/includes.chroot: config/includes.chroot/usr/share/gnome-shell/extensions/burn-my-windows@schneegans.github.com/locale/az:
config/includes.chroot: total 4
config/includes.chroot: drwxrwxr-x 2 siam siam 4096 জুলাই     22 18:06 LC_MESSAGES
config/includes.chroot: 
config/includes.chroot: config/includes.chroot/usr/share/gnome-shell/extensions/burn-my-windows@schneegans.github.com/locale/az/LC_MESSAGES:
config/includes.chroot: total 4
config/includes.chroot: -rw-rw-r-- 1 siam siam 3864 জুলাই     22 18:06 burn-my-windows.mo
config/includes.chroot: 
config/includes.chroot: config/includes.chroot/usr/share/gnome-shell/extensions/burn-my-windows@schneegans.github.com/locale/cs:
config/includes.chroot: total 4
config/includes.chroot: drwxrwxr-x 2 siam siam 4096 জুলাই     22 18:06 LC_MESSAGES
config/includes.chroot: 
config/includes.chroot: config/includes.chroot/usr/share/gnome-shell/extensions/burn-my-windows@schneegans.github.com/locale/cs/LC_MESSAGES:
config/includes.chroot: total 8
config/includes.chroot: -rw-rw-r-- 1 siam siam 7277 জুলাই     22 18:06 burn-my-windows.mo
config/includes.chroot: 
config/includes.chroot: config/includes.chroot/usr/share/gnome-shell/extensions/burn-my-windows@schneegans.github.com/locale/da:
config/includes.chroot: total 4
config/includes.chroot: drwxrwxr-x 2 siam siam 4096 জুলাই     22 18:06 LC_MESSAGES
config/includes.chroot: 
config/includes.chroot: config/includes.chroot/usr/share/gnome-shell/extensions/burn-my-windows@schneegans.github.com/locale/da/LC_MESSAGES:
config/includes.chroot: total 12
config/includes.chroot: -rw-rw-r-- 1 siam siam 9220 জুলাই     22 18:06 burn-my-windows.mo
config/includes.chroot: 
config/includes.chroot: config/includes.chroot/usr/share/gnome-shell/extensions/burn-my-windows@schneegans.github.com/locale/de:
config/includes.chroot: total 4
config/includes.chroot: drwxrwxr-x 2 siam siam 4096 জুলাই     22 18:06 LC_MESSAGES
config/includes.chroot: 
config/includes.chroot: config/includes.chroot/usr/share/gnome-shell/extensions/burn-my-windows@schneegans.github.com/locale/de/LC_MESSAGES:
config/includes.chroot: total 12
config/includes.chroot: -rw-rw-r-- 1 siam siam 8930 জুলাই     22 18:06 burn-my-windows.mo
config/includes.chroot: 
config/includes.chroot: config/includes.chroot/usr/share/gnome-shell/extensions/burn-my-windows@schneegans.github.com/locale/el:
config/includes.chroot: total 4
config/includes.chroot: drwxrwxr-x 2 siam siam 4096 জুলাই     22 18:06 LC_MESSAGES
config/includes.chroot: 
config/includes.chroot: config/includes.chroot/usr/share/gnome-shell/extensions/burn-my-windows@schneegans.github.com/locale/el/LC_MESSAGES:
config/includes.chroot: total 16
config/includes.chroot: -rw-rw-r-- 1 siam siam 12729 জুলাই     22 18:06 burn-my-windows.mo
config/includes.chroot: 
config/includes.chroot: config/includes.chroot/usr/share/gnome-shell/extensions/burn-my-windows@schneegans.github.com/locale/eo:
config/includes.chroot: total 4
config/includes.chroot: drwxrwxr-x 2 siam siam 4096 জুলাই     22 18:06 LC_MESSAGES
config/includes.chroot: 
config/includes.chroot: config/includes.chroot/usr/share/gnome-shell/extensions/burn-my-windows@schneegans.github.com/locale/eo/LC_MESSAGES:
config/includes.chroot: total 8
config/includes.chroot: -rw-rw-r-- 1 siam siam 4166 জুলাই     22 18:06 burn-my-windows.mo
config/includes.chroot: 
config/includes.chroot: config/includes.chroot/usr/share/gnome-shell/extensions/burn-my-windows@schneegans.github.com/locale/es:
config/includes.chroot: total 4
config/includes.chroot: drwxrwxr-x 2 siam siam 4096 জুলাই     22 18:06 LC_MESSAGES
config/includes.chroot: 
config/includes.chroot: config/includes.chroot/usr/share/gnome-shell/extensions/burn-my-windows@schneegans.github.com/locale/es/LC_MESSAGES:
config/includes.chroot: total 12
config/includes.chroot: -rw-rw-r-- 1 siam siam 10081 জুলাই     22 18:06 burn-my-windows.mo
config/includes.chroot: 
config/includes.chroot: config/includes.chroot/usr/share/gnome-shell/extensions/burn-my-windows@schneegans.github.com/locale/et:
config/includes.chroot: total 4
config/includes.chroot: drwxrwxr-x 2 siam siam 4096 জুলাই     22 18:06 LC_MESSAGES
config/includes.chroot: 
config/includes.chroot: config/includes.chroot/usr/share/gnome-shell/extensions/burn-my-windows@schneegans.github.com/locale/et/LC_MESSAGES:
config/includes.chroot: total 4
config/includes.chroot: -rw-rw-r-- 1 siam siam 953 জুলাই     22 18:06 burn-my-windows.mo
config/includes.chroot: 
config/includes.chroot: config/includes.chroot/usr/share/gnome-shell/extensions/burn-my-windows@schneegans.github.com/locale/fa:
config/includes.chroot: total 4
config/includes.chroot: drwxrwxr-x 2 siam siam 4096 জুলাই     22 18:06 LC_MESSAGES
config/includes.chroot: 
config/includes.chroot: config/includes.chroot/usr/share/gnome-shell/extensions/burn-my-windows@schneegans.github.com/locale/fa/LC_MESSAGES:
config/includes.chroot: total 12
config/includes.chroot: -rw-rw-r-- 1 siam siam 11241 জুলাই     22 18:06 burn-my-windows.mo
config/includes.chroot: 
config/includes.chroot: config/includes.chroot/usr/share/gnome-shell/extensions/burn-my-windows@schneegans.github.com/locale/fi:
config/includes.chroot: total 4
config/includes.chroot: drwxrwxr-x 2 siam siam 4096 জুলাই     22 18:06 LC_MESSAGES
config/includes.chroot: 
config/includes.chroot: config/includes.chroot/usr/share/gnome-shell/extensions/burn-my-windows@schneegans.github.com/locale/fi/LC_MESSAGES:
config/includes.chroot: total 12
config/includes.chroot: -rw-rw-r-- 1 siam siam 9123 জুলাই     22 18:06 burn-my-windows.mo
config/includes.chroot: 
config/includes.chroot: config/includes.chroot/usr/share/gnome-shell/extensions/burn-my-windows@schneegans.github.com/locale/fr:
config/includes.chroot: total 4
config/includes.chroot: drwxrwxr-x 2 siam siam 4096 জুলাই     22 18:06 LC_MESSAGES
config/includes.chroot: 
config/includes.chroot: config/includes.chroot/usr/share/gnome-shell/extensions/burn-my-windows@schneegans.github.com/locale/fr/LC_MESSAGES:
config/includes.chroot: total 8
config/includes.chroot: -rw-rw-r-- 1 siam siam 7749 জুলাই     22 18:06 burn-my-windows.mo
config/includes.chroot: 
config/includes.chroot: config/includes.chroot/usr/share/gnome-shell/extensions/burn-my-windows@schneegans.github.com/locale/he:
config/includes.chroot: total 4
config/includes.chroot: drwxrwxr-x 2 siam siam 4096 জুলাই     22 18:06 LC_MESSAGES
config/includes.chroot: 
config/includes.chroot: config/includes.chroot/usr/share/gnome-shell/extensions/burn-my-windows@schneegans.github.com/locale/he/LC_MESSAGES:
config/includes.chroot: total 4
config/includes.chroot: -rw-rw-r-- 1 siam siam 2201 জুলাই     22 18:06 burn-my-windows.mo
config/includes.chroot: 
config/includes.chroot: config/includes.chroot/usr/share/gnome-shell/extensions/burn-my-windows@schneegans.github.com/locale/hi:
config/includes.chroot: total 4
config/includes.chroot: drwxrwxr-x 2 siam siam 4096 জুলাই     22 18:06 LC_MESSAGES
config/includes.chroot: 
config/includes.chroot: config/includes.chroot/usr/share/gnome-shell/extensions/burn-my-windows@schneegans.github.com/locale/hi/LC_MESSAGES:
config/includes.chroot: total 12
config/includes.chroot: -rw-rw-r-- 1 siam siam 10441 জুলাই     22 18:06 burn-my-windows.mo
config/includes.chroot: 
config/includes.chroot: config/includes.chroot/usr/share/gnome-shell/extensions/burn-my-windows@schneegans.github.com/locale/hu:
config/includes.chroot: total 4
config/includes.chroot: drwxrwxr-x 2 siam siam 4096 জুলাই     22 18:06 LC_MESSAGES
config/includes.chroot: 
config/includes.chroot: config/includes.chroot/usr/share/gnome-shell/extensions/burn-my-windows@schneegans.github.com/locale/hu/LC_MESSAGES:
config/includes.chroot: total 8
config/includes.chroot: -rw-rw-r-- 1 siam siam 8009 জুলাই     22 18:06 burn-my-windows.mo
config/includes.chroot: 
config/includes.chroot: config/includes.chroot/usr/share/gnome-shell/extensions/burn-my-windows@schneegans.github.com/locale/id:
config/includes.chroot: total 4
config/includes.chroot: drwxrwxr-x 2 siam siam 4096 জুলাই     22 18:06 LC_MESSAGES
config/includes.chroot: 
config/includes.chroot: config/includes.chroot/usr/share/gnome-shell/extensions/burn-my-windows@schneegans.github.com/locale/id/LC_MESSAGES:
config/includes.chroot: total 12
config/includes.chroot: -rw-rw-r-- 1 siam siam 9406 জুলাই     22 18:06 burn-my-windows.mo
config/includes.chroot: 
config/includes.chroot: config/includes.chroot/usr/share/gnome-shell/extensions/burn-my-windows@schneegans.github.com/locale/it:
config/includes.chroot: total 4
config/includes.chroot: drwxrwxr-x 2 siam siam 4096 জুলাই     22 18:06 LC_MESSAGES
config/includes.chroot: 
config/includes.chroot: config/includes.chroot/usr/share/gnome-shell/extensions/burn-my-windows@schneegans.github.com/locale/it/LC_MESSAGES:
config/includes.chroot: total 12
config/includes.chroot: -rw-rw-r-- 1 siam siam 9014 জুলাই     22 18:06 burn-my-windows.mo
config/includes.chroot: 
config/includes.chroot: config/includes.chroot/usr/share/gnome-shell/extensions/burn-my-windows@schneegans.github.com/locale/ja:
config/includes.chroot: total 4
config/includes.chroot: drwxrwxr-x 2 siam siam 4096 জুলাই     22 18:06 LC_MESSAGES
config/includes.chroot: 
config/includes.chroot: config/includes.chroot/usr/share/gnome-shell/extensions/burn-my-windows@schneegans.github.com/locale/ja/LC_MESSAGES:
config/includes.chroot: total 8
config/includes.chroot: -rw-rw-r-- 1 siam siam 5511 জুলাই     22 18:06 burn-my-windows.mo
config/includes.chroot: 
config/includes.chroot: config/includes.chroot/usr/share/gnome-shell/extensions/burn-my-windows@schneegans.github.com/locale/kab:
config/includes.chroot: total 4
config/includes.chroot: drwxrwxr-x 2 siam siam 4096 জুলাই     22 18:06 LC_MESSAGES
config/includes.chroot: 
config/includes.chroot: config/includes.chroot/usr/share/gnome-shell/extensions/burn-my-windows@schneegans.github.com/locale/kab/LC_MESSAGES:
config/includes.chroot: total 4
config/includes.chroot: -rw-rw-r-- 1 siam siam 863 জুলাই     22 18:06 burn-my-windows.mo
config/includes.chroot: 
config/includes.chroot: config/includes.chroot/usr/share/gnome-shell/extensions/burn-my-windows@schneegans.github.com/locale/ko:
config/includes.chroot: total 4
config/includes.chroot: drwxrwxr-x 2 siam siam 4096 জুলাই     22 18:06 LC_MESSAGES
config/includes.chroot: 
config/includes.chroot: config/includes.chroot/usr/share/gnome-shell/extensions/burn-my-windows@schneegans.github.com/locale/ko/LC_MESSAGES:
config/includes.chroot: total 12
config/includes.chroot: -rw-rw-r-- 1 siam siam 9898 জুলাই     22 18:06 burn-my-windows.mo
config/includes.chroot: 
config/includes.chroot: config/includes.chroot/usr/share/gnome-shell/extensions/burn-my-windows@schneegans.github.com/locale/lt:
config/includes.chroot: total 4
config/includes.chroot: drwxrwxr-x 2 siam siam 4096 জুলাই     22 18:06 LC_MESSAGES
config/includes.chroot: 
config/includes.chroot: config/includes.chroot/usr/share/gnome-shell/extensions/burn-my-windows@schneegans.github.com/locale/lt/LC_MESSAGES:
config/includes.chroot: total 8
config/includes.chroot: -rw-rw-r-- 1 siam siam 6126 জুলাই     22 18:06 burn-my-windows.mo
config/includes.chroot: 
config/includes.chroot: config/includes.chroot/usr/share/gnome-shell/extensions/burn-my-windows@schneegans.github.com/locale/nb_NO:
config/includes.chroot: total 4
config/includes.chroot: drwxrwxr-x 2 siam siam 4096 জুলাই     22 18:06 LC_MESSAGES
config/includes.chroot: 
config/includes.chroot: config/includes.chroot/usr/share/gnome-shell/extensions/burn-my-windows@schneegans.github.com/locale/nb_NO/LC_MESSAGES:
config/includes.chroot: total 4
config/includes.chroot: -rw-rw-r-- 1 siam siam 2586 জুলাই     22 18:06 burn-my-windows.mo
config/includes.chroot: 
config/includes.chroot: config/includes.chroot/usr/share/gnome-shell/extensions/burn-my-windows@schneegans.github.com/locale/nl:
config/includes.chroot: total 4
config/includes.chroot: drwxrwxr-x 2 siam siam 4096 জুলাই     22 18:06 LC_MESSAGES
config/includes.chroot: 
config/includes.chroot: config/includes.chroot/usr/share/gnome-shell/extensions/burn-my-windows@schneegans.github.com/locale/nl/LC_MESSAGES:
config/includes.chroot: total 12
config/includes.chroot: -rw-rw-r-- 1 siam siam 9656 জুলাই     22 18:06 burn-my-windows.mo
config/includes.chroot: 
config/includes.chroot: config/includes.chroot/usr/share/gnome-shell/extensions/burn-my-windows@schneegans.github.com/locale/ota:
config/includes.chroot: total 4
config/includes.chroot: drwxrwxr-x 2 siam siam 4096 জুলাই     22 18:06 LC_MESSAGES
config/includes.chroot: 
config/includes.chroot: config/includes.chroot/usr/share/gnome-shell/extensions/burn-my-windows@schneegans.github.com/locale/ota/LC_MESSAGES:
config/includes.chroot: total 4
config/includes.chroot: -rw-rw-r-- 1 siam siam 1870 জুলাই     22 18:06 burn-my-windows.mo
config/includes.chroot: 
config/includes.chroot: config/includes.chroot/usr/share/gnome-shell/extensions/burn-my-windows@schneegans.github.com/locale/pl:
config/includes.chroot: total 4
config/includes.chroot: drwxrwxr-x 2 siam siam 4096 জুলাই     22 18:06 LC_MESSAGES
config/includes.chroot: 
config/includes.chroot: config/includes.chroot/usr/share/gnome-shell/extensions/burn-my-windows@schneegans.github.com/locale/pl/LC_MESSAGES:
config/includes.chroot: total 12
config/includes.chroot: -rw-rw-r-- 1 siam siam 9924 জুলাই     22 18:06 burn-my-windows.mo
config/includes.chroot: 
config/includes.chroot: config/includes.chroot/usr/share/gnome-shell/extensions/burn-my-windows@schneegans.github.com/locale/pt:
config/includes.chroot: total 4
config/includes.chroot: drwxrwxr-x 2 siam siam 4096 জুলাই     22 18:06 LC_MESSAGES
config/includes.chroot: 
config/includes.chroot: config/includes.chroot/usr/share/gnome-shell/extensions/burn-my-windows@schneegans.github.com/locale/pt/LC_MESSAGES:
config/includes.chroot: total 8
config/includes.chroot: -rw-rw-r-- 1 siam siam 7908 জুলাই     22 18:06 burn-my-windows.mo
config/includes.chroot: 
config/includes.chroot: config/includes.chroot/usr/share/gnome-shell/extensions/burn-my-windows@schneegans.github.com/locale/pt_BR:
config/includes.chroot: total 4
config/includes.chroot: drwxrwxr-x 2 siam siam 4096 জুলাই     22 18:06 LC_MESSAGES
config/includes.chroot: 
config/includes.chroot: config/includes.chroot/usr/share/gnome-shell/extensions/burn-my-windows@schneegans.github.com/locale/pt_BR/LC_MESSAGES:
config/includes.chroot: total 8
config/includes.chroot: -rw-rw-r-- 1 siam siam 8067 জুলাই     22 18:06 burn-my-windows.mo
config/includes.chroot: 
config/includes.chroot: config/includes.chroot/usr/share/gnome-shell/extensions/burn-my-windows@schneegans.github.com/locale/ro:
config/includes.chroot: total 4
config/includes.chroot: drwxrwxr-x 2 siam siam 4096 জুলাই     22 18:06 LC_MESSAGES
config/includes.chroot: 
config/includes.chroot: config/includes.chroot/usr/share/gnome-shell/extensions/burn-my-windows@schneegans.github.com/locale/ro/LC_MESSAGES:
config/includes.chroot: total 8
config/includes.chroot: -rw-rw-r-- 1 siam siam 7798 জুলাই     22 18:06 burn-my-windows.mo
config/includes.chroot: 
config/includes.chroot: config/includes.chroot/usr/share/gnome-shell/extensions/burn-my-windows@schneegans.github.com/locale/ru:
config/includes.chroot: total 4
config/includes.chroot: drwxrwxr-x 2 siam siam 4096 জুলাই     22 18:06 LC_MESSAGES
config/includes.chroot: 
config/includes.chroot: config/includes.chroot/usr/share/gnome-shell/extensions/burn-my-windows@schneegans.github.com/locale/ru/LC_MESSAGES:
config/includes.chroot: total 16
config/includes.chroot: -rw-rw-r-- 1 siam siam 12502 জুলাই     22 18:06 burn-my-windows.mo
config/includes.chroot: 
config/includes.chroot: config/includes.chroot/usr/share/gnome-shell/extensions/burn-my-windows@schneegans.github.com/locale/sk:
config/includes.chroot: total 4
config/includes.chroot: drwxrwxr-x 2 siam siam 4096 জুলাই     22 18:06 LC_MESSAGES
config/includes.chroot: 
config/includes.chroot: config/includes.chroot/usr/share/gnome-shell/extensions/burn-my-windows@schneegans.github.com/locale/sk/LC_MESSAGES:
config/includes.chroot: total 8
config/includes.chroot: -rw-rw-r-- 1 siam siam 7797 জুলাই     22 18:06 burn-my-windows.mo
config/includes.chroot: 
config/includes.chroot: config/includes.chroot/usr/share/gnome-shell/extensions/burn-my-windows@schneegans.github.com/locale/sv:
config/includes.chroot: total 4
config/includes.chroot: drwxrwxr-x 2 siam siam 4096 জুলাই     22 18:06 LC_MESSAGES
config/includes.chroot: 
config/includes.chroot: config/includes.chroot/usr/share/gnome-shell/extensions/burn-my-windows@schneegans.github.com/locale/sv/LC_MESSAGES:
config/includes.chroot: total 4
config/includes.chroot: -rw-rw-r-- 1 siam siam 3939 জুলাই     22 18:06 burn-my-windows.mo
config/includes.chroot: 
config/includes.chroot: config/includes.chroot/usr/share/gnome-shell/extensions/burn-my-windows@schneegans.github.com/locale/ta:
config/includes.chroot: total 4
config/includes.chroot: drwxrwxr-x 2 siam siam 4096 জুলাই     22 18:06 LC_MESSAGES
config/includes.chroot: 
config/includes.chroot: config/includes.chroot/usr/share/gnome-shell/extensions/burn-my-windows@schneegans.github.com/locale/ta/LC_MESSAGES:
config/includes.chroot: total 16
config/includes.chroot: -rw-rw-r-- 1 siam siam 12410 জুলাই     22 18:06 burn-my-windows.mo
config/includes.chroot: 
config/includes.chroot: config/includes.chroot/usr/share/gnome-shell/extensions/burn-my-windows@schneegans.github.com/locale/tr:
config/includes.chroot: total 4
config/includes.chroot: drwxrwxr-x 2 siam siam 4096 জুলাই     22 18:06 LC_MESSAGES
config/includes.chroot: 
config/includes.chroot: config/includes.chroot/usr/share/gnome-shell/extensions/burn-my-windows@schneegans.github.com/locale/tr/LC_MESSAGES:
config/includes.chroot: total 12
config/includes.chroot: -rw-rw-r-- 1 siam siam 9773 জুলাই     22 18:06 burn-my-windows.mo
config/includes.chroot: 
config/includes.chroot: config/includes.chroot/usr/share/gnome-shell/extensions/burn-my-windows@schneegans.github.com/locale/uk:
config/includes.chroot: total 4
config/includes.chroot: drwxrwxr-x 2 siam siam 4096 জুলাই     22 18:06 LC_MESSAGES
config/includes.chroot: 
config/includes.chroot: config/includes.chroot/usr/share/gnome-shell/extensions/burn-my-windows@schneegans.github.com/locale/uk/LC_MESSAGES:
config/includes.chroot: total 16
config/includes.chroot: -rw-rw-r-- 1 siam siam 12444 জুলাই     22 18:06 burn-my-windows.mo
config/includes.chroot: 
config/includes.chroot: config/includes.chroot/usr/share/gnome-shell/extensions/burn-my-windows@schneegans.github.com/locale/zh_Hans:
config/includes.chroot: total 4
config/includes.chroot: drwxrwxr-x 2 siam siam 4096 জুলাই     22 18:06 LC_MESSAGES
config/includes.chroot: 
config/includes.chroot: config/includes.chroot/usr/share/gnome-shell/extensions/burn-my-windows@schneegans.github.com/locale/zh_Hans/LC_MESSAGES:
config/includes.chroot: total 12
config/includes.chroot: -rw-rw-r-- 1 siam siam 9180 জুলাই     22 18:06 burn-my-windows.mo
config/includes.chroot: 
config/includes.chroot: config/includes.chroot/usr/share/gnome-shell/extensions/burn-my-windows@schneegans.github.com/locale/zh_Hant:
config/includes.chroot: total 4
config/includes.chroot: drwxrwxr-x 2 siam siam 4096 জুলাই     22 18:06 LC_MESSAGES
config/includes.chroot: 
config/includes.chroot: config/includes.chroot/usr/share/gnome-shell/extensions/burn-my-windows@schneegans.github.com/locale/zh_Hant/LC_MESSAGES:
config/includes.chroot: total 8
config/includes.chroot: -rw-rw-r-- 1 siam siam 6977 জুলাই     22 18:06 burn-my-windows.mo
config/includes.chroot: 
config/includes.chroot: config/includes.chroot/usr/share/gnome-shell/extensions/burn-my-windows@schneegans.github.com/resources:
config/includes.chroot: total 2472
config/includes.chroot: -rw-rw-r-- 1 siam siam 2527448 জুলাই     22 18:06 burn-my-windows.gresource
config/includes.chroot: 
config/includes.chroot: config/includes.chroot/usr/share/gnome-shell/extensions/burn-my-windows@schneegans.github.com/schemas:
config/includes.chroot: total 56
config/includes.chroot: -rw-rw-r-- 1 siam siam 11804 জুলাই     22 18:06 gschemas.compiled
config/includes.chroot: -rw-rw-r-- 1 siam siam  2164 জুলাই     22 18:06 org.gnome.shell.extensions.burn-my-windows.gschema.xml
config/includes.chroot: -rw-rw-r-- 1 siam siam 40942 জুলাই     22 18:06 org.gnome.shell.extensions.burn-my-windows-profile.gschema.xml
config/includes.chroot: 
config/includes.chroot: config/includes.chroot/usr/share/gnome-shell/extensions/burn-my-windows@schneegans.github.com/src:
config/includes.chroot: total 52
config/includes.chroot: drwxrwxr-x 2 siam siam  4096 জুলাই     22 18:06 effects
config/includes.chroot: -rw-rw-r-- 1 siam siam  9252 জুলাই     22 18:06 migrate.js
config/includes.chroot: -rw-rw-r-- 1 siam siam  7777 জুলাই     22 18:06 ProfileManager.js
config/includes.chroot: -rw-rw-r-- 1 siam siam  4021 জুলাই     22 18:06 ShaderFactory.js
config/includes.chroot: -rw-rw-r-- 1 siam siam 10064 জুলাই     22 18:06 Shader.js
config/includes.chroot: -rw-rw-r-- 1 siam siam  7895 জুলাই     22 18:06 utils.js
config/includes.chroot: -rw-rw-r-- 1 siam siam  4080 জুলাই     22 18:06 WindowPicker.js
config/includes.chroot: 
config/includes.chroot: config/includes.chroot/usr/share/gnome-shell/extensions/burn-my-windows@schneegans.github.com/src/effects:
config/includes.chroot: total 228
config/includes.chroot: -rw-rw-r-- 1 siam siam  5343 জুলাই     22 18:06 Apparition.js
config/includes.chroot: -rw-rw-r-- 1 siam siam  8050 জুলাই     22 18:06 AuraGlow.js
config/includes.chroot: -rw-rw-r-- 1 siam siam  8234 জুলাই     22 18:06 BrokenGlass.js
config/includes.chroot: -rw-rw-r-- 1 siam siam  6007 জুলাই     22 18:06 Doom.js
config/includes.chroot: -rw-rw-r-- 1 siam siam  4677 জুলাই     22 18:06 EnergizeA.js
config/includes.chroot: -rw-rw-r-- 1 siam siam  4679 জুলাই     22 18:06 EnergizeB.js
config/includes.chroot: -rw-rw-r-- 1 siam siam 11653 জুলাই     22 18:06 Fire.js
config/includes.chroot: -rw-rw-r-- 1 siam siam  4794 জুলাই     22 18:06 Focus.js
config/includes.chroot: -rw-rw-r-- 1 siam siam  4952 জুলাই     22 18:06 Glide.js
config/includes.chroot: -rw-rw-r-- 1 siam siam  5238 জুলাই     22 18:06 Glitch.js
config/includes.chroot: -rw-rw-r-- 1 siam siam  5766 জুলাই     22 18:06 Hexagon.js
config/includes.chroot: -rw-rw-r-- 1 siam siam  7282 জুলাই     22 18:06 Incinerate.js
config/includes.chroot: -rw-rw-r-- 1 siam siam  6549 জুলাই     22 18:06 Matrix.js
config/includes.chroot: -rw-rw-r-- 1 siam siam 17378 জুলাই     22 18:06 Mushroom.js
config/includes.chroot: -rw-rw-r-- 1 siam siam  5688 জুলাই     22 18:06 PaintBrush.js
config/includes.chroot: -rw-rw-r-- 1 siam siam  4692 জুলাই     22 18:06 Pixelate.js
config/includes.chroot: -rw-rw-r-- 1 siam siam  4734 জুলাই     22 18:06 PixelWheel.js
config/includes.chroot: -rw-rw-r-- 1 siam siam  5715 জুলাই     22 18:06 PixelWipe.js
config/includes.chroot: -rw-rw-r-- 1 siam siam  5442 জুলাই     22 18:06 Portal.js
config/includes.chroot: -rw-rw-r-- 1 siam siam  5106 জুলাই     22 18:06 RGBWarp.js
config/includes.chroot: -rw-rw-r-- 1 siam siam  6527 জুলাই     22 18:06 SnapOfDisintegration.js
config/includes.chroot: -rw-rw-r-- 1 siam siam  6201 জুলাই     22 18:06 TeamRocket.js
config/includes.chroot: -rw-rw-r-- 1 siam siam  6667 জুলাই     22 18:06 TRexAttack.js
config/includes.chroot: -rw-rw-r-- 1 siam siam  4592 জুলাই     22 18:06 TVEffect.js
config/includes.chroot: -rw-rw-r-- 1 siam siam  5362 জুলাই     22 18:06 TVGlitch.js
config/includes.chroot: -rw-rw-r-- 1 siam siam  5682 জুলাই     22 18:06 Wisps.js
config/includes.chroot: 
config/includes.chroot: config/includes.chroot/usr/share/gnome-shell/extensions/caffeine@patapon.info:
config/includes.chroot: total 72
config/includes.chroot: -rw-rw-r--  1 siam siam 37052 জুলাই     22 18:06 extension.js
config/includes.chroot: drwxrwxr-x  3 siam siam  4096 জুলাই     16 22:27 icons
config/includes.chroot: drwxrwxr-x 25 siam siam  4096 জুলাই     16 22:27 locale
config/includes.chroot: -rw-rw-r--  1 siam siam   630 জুলাই     22 18:06 metadata.json
config/includes.chroot: -rw-rw-r--  1 siam siam  8051 জুলাই     22 18:06 mprisMediaPlayer2.js
config/includes.chroot: drwxrwxr-x  2 siam siam  4096 জুলাই     22 18:06 preferences
config/includes.chroot: -rw-rw-r--  1 siam siam  3676 জুলাই     22 18:06 prefs.js
config/includes.chroot: drwxrwxr-x  2 siam siam  4096 জুলাই     22 18:06 schemas
config/includes.chroot: 
config/includes.chroot: config/includes.chroot/usr/share/gnome-shell/extensions/caffeine@patapon.info/icons:
config/includes.chroot: total 4
config/includes.chroot: drwxrwxr-x 3 siam siam 4096 জুলাই     16 22:27 hicolor
config/includes.chroot: 
config/includes.chroot: config/includes.chroot/usr/share/gnome-shell/extensions/caffeine@patapon.info/icons/hicolor:
config/includes.chroot: total 4
config/includes.chroot: drwxrwxr-x 3 siam siam 4096 জুলাই     16 22:27 scalable
config/includes.chroot: 
config/includes.chroot: config/includes.chroot/usr/share/gnome-shell/extensions/caffeine@patapon.info/icons/hicolor/scalable:
config/includes.chroot: total 4
config/includes.chroot: drwxrwxr-x 2 siam siam 4096 জুলাই     22 18:06 actions
config/includes.chroot: 
config/includes.chroot: config/includes.chroot/usr/share/gnome-shell/extensions/caffeine@patapon.info/icons/hicolor/scalable/actions:
config/includes.chroot: total 64
config/includes.chroot: -rw-rw-r-- 1 siam siam 3829 জুলাই     22 18:06 applications-symbolic.svg
config/includes.chroot: -rw-rw-r-- 1 siam siam 1874 জুলাই     22 18:06 caffeine-infinite-timer-symbolic.svg
config/includes.chroot: -rw-rw-r-- 1 siam siam 7424 জুলাই     22 18:06 caffeine-long-timer-symbolic.svg
config/includes.chroot: -rw-rw-r-- 1 siam siam 7427 জুলাই     22 18:06 caffeine-medium-timer-symbolic.svg
config/includes.chroot: -rw-rw-r-- 1 siam siam 7487 জুলাই     22 18:06 caffeine-short-timer-symbolic.svg
config/includes.chroot: -rw-rw-r-- 1 siam siam 2676 জুলাই     22 18:06 general-symbolic.svg
config/includes.chroot: -rw-rw-r-- 1 siam siam 8700 জুলাই     22 18:06 my-caffeine-off-symbolic.svg
config/includes.chroot: -rw-rw-r-- 1 siam siam 9359 জুলাই     22 18:06 my-caffeine-on-symbolic.svg
config/includes.chroot: -rw-rw-r-- 1 siam siam 1001 জুলাই     22 18:06 stopwatch-symbolic.svg
config/includes.chroot: 
config/includes.chroot: config/includes.chroot/usr/share/gnome-shell/extensions/caffeine@patapon.info/locale:
config/includes.chroot: total 92
config/includes.chroot: drwxrwxr-x 3 siam siam 4096 জুলাই     16 22:27 ar
config/includes.chroot: drwxrwxr-x 3 siam siam 4096 জুলাই     16 22:27 bg
config/includes.chroot: drwxrwxr-x 3 siam siam 4096 জুলাই     16 22:27 ca
config/includes.chroot: drwxrwxr-x 3 siam siam 4096 জুলাই     16 22:27 cs
config/includes.chroot: drwxrwxr-x 3 siam siam 4096 জুলাই     16 22:27 de
config/includes.chroot: drwxrwxr-x 3 siam siam 4096 জুলাই     16 22:27 el
config/includes.chroot: drwxrwxr-x 3 siam siam 4096 জুলাই     16 22:27 es
config/includes.chroot: drwxrwxr-x 3 siam siam 4096 জুলাই     16 22:27 fr
config/includes.chroot: drwxrwxr-x 3 siam siam 4096 জুলাই     16 22:27 hu
config/includes.chroot: drwxrwxr-x 3 siam siam 4096 জুলাই     16 22:27 it_IT
config/includes.chroot: drwxrwxr-x 3 siam siam 4096 জুলাই     16 22:27 ja
config/includes.chroot: drwxrwxr-x 3 siam siam 4096 জুলাই     16 22:27 ka
config/includes.chroot: drwxrwxr-x 3 siam siam 4096 জুলাই     16 22:27 ko
config/includes.chroot: drwxrwxr-x 3 siam siam 4096 জুলাই     16 22:27 nl
config/includes.chroot: drwxrwxr-x 3 siam siam 4096 জুলাই     16 22:27 pl
config/includes.chroot: drwxrwxr-x 3 siam siam 4096 জুলাই     16 22:27 pr_BR
config/includes.chroot: drwxrwxr-x 3 siam siam 4096 জুলাই     16 22:27 pt_PT
config/includes.chroot: drwxrwxr-x 3 siam siam 4096 জুলাই     16 22:27 ru
config/includes.chroot: drwxrwxr-x 3 siam siam 4096 জুলাই     16 22:27 sk
config/includes.chroot: drwxrwxr-x 3 siam siam 4096 জুলাই     16 22:27 sv
config/includes.chroot: drwxrwxr-x 3 siam siam 4096 জুলাই     16 22:27 tr
config/includes.chroot: drwxrwxr-x 3 siam siam 4096 জুলাই     16 22:27 uk
config/includes.chroot: drwxrwxr-x 3 siam siam 4096 জুলাই     16 22:27 zh_CN
config/includes.chroot: 
config/includes.chroot: config/includes.chroot/usr/share/gnome-shell/extensions/caffeine@patapon.info/locale/ar:
config/includes.chroot: total 4
config/includes.chroot: drwxrwxr-x 2 siam siam 4096 জুলাই     22 18:06 LC_MESSAGES
config/includes.chroot: 
config/includes.chroot: config/includes.chroot/usr/share/gnome-shell/extensions/caffeine@patapon.info/locale/ar/LC_MESSAGES:
config/includes.chroot: total 8
config/includes.chroot: -rw-rw-r-- 1 siam siam 7868 জুলাই     22 18:06 gnome-shell-extension-caffeine.mo
config/includes.chroot: 
config/includes.chroot: config/includes.chroot/usr/share/gnome-shell/extensions/caffeine@patapon.info/locale/bg:
config/includes.chroot: total 4
config/includes.chroot: drwxrwxr-x 2 siam siam 4096 জুলাই     22 18:06 LC_MESSAGES
config/includes.chroot: 
config/includes.chroot: config/includes.chroot/usr/share/gnome-shell/extensions/caffeine@patapon.info/locale/bg/LC_MESSAGES:
config/includes.chroot: total 12
config/includes.chroot: -rw-rw-r-- 1 siam siam 11383 জুলাই     22 18:06 gnome-shell-extension-caffeine.mo
config/includes.chroot: 
config/includes.chroot: config/includes.chroot/usr/share/gnome-shell/extensions/caffeine@patapon.info/locale/ca:
config/includes.chroot: total 4
config/includes.chroot: drwxrwxr-x 2 siam siam 4096 জুলাই     22 18:06 LC_MESSAGES
config/includes.chroot: 
config/includes.chroot: config/includes.chroot/usr/share/gnome-shell/extensions/caffeine@patapon.info/locale/ca/LC_MESSAGES:
config/includes.chroot: total 8
config/includes.chroot: -rw-rw-r-- 1 siam siam 7589 জুলাই     22 18:06 gnome-shell-extension-caffeine.mo
config/includes.chroot: 
config/includes.chroot: config/includes.chroot/usr/share/gnome-shell/extensions/caffeine@patapon.info/locale/cs:
config/includes.chroot: total 4
config/includes.chroot: drwxrwxr-x 2 siam siam 4096 জুলাই     22 18:06 LC_MESSAGES
config/includes.chroot: 
config/includes.chroot: config/includes.chroot/usr/share/gnome-shell/extensions/caffeine@patapon.info/locale/cs/LC_MESSAGES:
config/includes.chroot: total 12
config/includes.chroot: -rw-rw-r-- 1 siam siam 8450 জুলাই     22 18:06 gnome-shell-extension-caffeine.mo
config/includes.chroot: 
config/includes.chroot: config/includes.chroot/usr/share/gnome-shell/extensions/caffeine@patapon.info/locale/de:
config/includes.chroot: total 4
config/includes.chroot: drwxrwxr-x 2 siam siam 4096 জুলাই     22 18:06 LC_MESSAGES
config/includes.chroot: 
config/includes.chroot: config/includes.chroot/usr/share/gnome-shell/extensions/caffeine@patapon.info/locale/de/LC_MESSAGES:
config/includes.chroot: total 8
config/includes.chroot: -rw-rw-r-- 1 siam siam 7583 জুলাই     22 18:06 gnome-shell-extension-caffeine.mo
config/includes.chroot: 
config/includes.chroot: config/includes.chroot/usr/share/gnome-shell/extensions/caffeine@patapon.info/locale/el:
config/includes.chroot: total 4
config/includes.chroot: drwxrwxr-x 2 siam siam 4096 জুলাই     22 18:06 LC_MESSAGES
config/includes.chroot: 
config/includes.chroot: config/includes.chroot/usr/share/gnome-shell/extensions/caffeine@patapon.info/locale/el/LC_MESSAGES:
config/includes.chroot: total 12
config/includes.chroot: -rw-rw-r-- 1 siam siam 9757 জুলাই     22 18:06 gnome-shell-extension-caffeine.mo
config/includes.chroot: 
config/includes.chroot: config/includes.chroot/usr/share/gnome-shell/extensions/caffeine@patapon.info/locale/es:
config/includes.chroot: total 4
config/includes.chroot: drwxrwxr-x 2 siam siam 4096 জুলাই     22 18:06 LC_MESSAGES
config/includes.chroot: 
config/includes.chroot: config/includes.chroot/usr/share/gnome-shell/extensions/caffeine@patapon.info/locale/es/LC_MESSAGES:
config/includes.chroot: total 12
config/includes.chroot: -rw-rw-r-- 1 siam siam 8646 জুলাই     22 18:06 gnome-shell-extension-caffeine.mo
config/includes.chroot: 
config/includes.chroot: config/includes.chroot/usr/share/gnome-shell/extensions/caffeine@patapon.info/locale/fr:
config/includes.chroot: total 4
config/includes.chroot: drwxrwxr-x 2 siam siam 4096 জুলাই     22 18:06 LC_MESSAGES
config/includes.chroot: 
config/includes.chroot: config/includes.chroot/usr/share/gnome-shell/extensions/caffeine@patapon.info/locale/fr/LC_MESSAGES:
config/includes.chroot: total 8
config/includes.chroot: -rw-rw-r-- 1 siam siam 7719 জুলাই     22 18:06 gnome-shell-extension-caffeine.mo
config/includes.chroot: 
config/includes.chroot: config/includes.chroot/usr/share/gnome-shell/extensions/caffeine@patapon.info/locale/hu:
config/includes.chroot: total 4
config/includes.chroot: drwxrwxr-x 2 siam siam 4096 জুলাই     22 18:06 LC_MESSAGES
config/includes.chroot: 
config/includes.chroot: config/includes.chroot/usr/share/gnome-shell/extensions/caffeine@patapon.info/locale/hu/LC_MESSAGES:
config/includes.chroot: total 12
config/includes.chroot: -rw-rw-r-- 1 siam siam 8679 জুলাই     22 18:06 gnome-shell-extension-caffeine.mo
config/includes.chroot: 
config/includes.chroot: config/includes.chroot/usr/share/gnome-shell/extensions/caffeine@patapon.info/locale/it_IT:
config/includes.chroot: total 4
config/includes.chroot: drwxrwxr-x 2 siam siam 4096 জুলাই     22 18:06 LC_MESSAGES
config/includes.chroot: 
config/includes.chroot: config/includes.chroot/usr/share/gnome-shell/extensions/caffeine@patapon.info/locale/it_IT/LC_MESSAGES:
config/includes.chroot: total 8
config/includes.chroot: -rw-rw-r-- 1 siam siam 7435 জুলাই     22 18:06 gnome-shell-extension-caffeine.mo
config/includes.chroot: 
config/includes.chroot: config/includes.chroot/usr/share/gnome-shell/extensions/caffeine@patapon.info/locale/ja:
config/includes.chroot: total 4
config/includes.chroot: drwxrwxr-x 2 siam siam 4096 জুলাই     22 18:06 LC_MESSAGES
config/includes.chroot: 
config/includes.chroot: config/includes.chroot/usr/share/gnome-shell/extensions/caffeine@patapon.info/locale/ja/LC_MESSAGES:
config/includes.chroot: total 4
config/includes.chroot: -rw-rw-r-- 1 siam siam 2785 জুলাই     22 18:06 gnome-shell-extension-caffeine.mo
config/includes.chroot: 
config/includes.chroot: config/includes.chroot/usr/share/gnome-shell/extensions/caffeine@patapon.info/locale/ka:
config/includes.chroot: total 4
config/includes.chroot: drwxrwxr-x 2 siam siam 4096 জুলাই     22 18:06 LC_MESSAGES
config/includes.chroot: 
config/includes.chroot: config/includes.chroot/usr/share/gnome-shell/extensions/caffeine@patapon.info/locale/ka/LC_MESSAGES:
config/includes.chroot: total 16
config/includes.chroot: -rw-rw-r-- 1 siam siam 13487 জুলাই     22 18:06 gnome-shell-extension-caffeine.mo
config/includes.chroot: 
config/includes.chroot: config/includes.chroot/usr/share/gnome-shell/extensions/caffeine@patapon.info/locale/ko:
config/includes.chroot: total 4
config/includes.chroot: drwxrwxr-x 2 siam siam 4096 জুলাই     22 18:06 LC_MESSAGES
config/includes.chroot: 
config/includes.chroot: config/includes.chroot/usr/share/gnome-shell/extensions/caffeine@patapon.info/locale/ko/LC_MESSAGES:
config/includes.chroot: total 8
config/includes.chroot: -rw-rw-r-- 1 siam siam 4186 জুলাই     22 18:06 gnome-shell-extension-caffeine.mo
config/includes.chroot: 
config/includes.chroot: config/includes.chroot/usr/share/gnome-shell/extensions/caffeine@patapon.info/locale/nl:
config/includes.chroot: total 4
config/includes.chroot: drwxrwxr-x 2 siam siam 4096 জুলাই     22 18:06 LC_MESSAGES
config/includes.chroot: 
config/includes.chroot: config/includes.chroot/usr/share/gnome-shell/extensions/caffeine@patapon.info/locale/nl/LC_MESSAGES:
config/includes.chroot: total 8
config/includes.chroot: -rw-rw-r-- 1 siam siam 6925 জুলাই     22 18:06 gnome-shell-extension-caffeine.mo
config/includes.chroot: 
config/includes.chroot: config/includes.chroot/usr/share/gnome-shell/extensions/caffeine@patapon.info/locale/pl:
config/includes.chroot: total 4
config/includes.chroot: drwxrwxr-x 2 siam siam 4096 জুলাই     22 18:06 LC_MESSAGES
config/includes.chroot: 
config/includes.chroot: config/includes.chroot/usr/share/gnome-shell/extensions/caffeine@patapon.info/locale/pl/LC_MESSAGES:
config/includes.chroot: total 8
config/includes.chroot: -rw-rw-r-- 1 siam siam 7646 জুলাই     22 18:06 gnome-shell-extension-caffeine.mo
config/includes.chroot: 
config/includes.chroot: config/includes.chroot/usr/share/gnome-shell/extensions/caffeine@patapon.info/locale/pr_BR:
config/includes.chroot: total 4
config/includes.chroot: drwxrwxr-x 2 siam siam 4096 জুলাই     22 18:06 LC_MESSAGES
config/includes.chroot: 
config/includes.chroot: config/includes.chroot/usr/share/gnome-shell/extensions/caffeine@patapon.info/locale/pr_BR/LC_MESSAGES:
config/includes.chroot: total 8
config/includes.chroot: -rw-rw-r-- 1 siam siam 5490 জুলাই     22 18:06 gnome-shell-extension-caffeine.mo
config/includes.chroot: 
config/includes.chroot: config/includes.chroot/usr/share/gnome-shell/extensions/caffeine@patapon.info/locale/pt_PT:
config/includes.chroot: total 4
config/includes.chroot: drwxrwxr-x 2 siam siam 4096 জুলাই     22 18:06 LC_MESSAGES
config/includes.chroot: 
config/includes.chroot: config/includes.chroot/usr/share/gnome-shell/extensions/caffeine@patapon.info/locale/pt_PT/LC_MESSAGES:
config/includes.chroot: total 4
config/includes.chroot: -rw-rw-r-- 1 siam siam 1951 জুলাই     22 18:06 gnome-shell-extension-caffeine.mo
config/includes.chroot: 
config/includes.chroot: config/includes.chroot/usr/share/gnome-shell/extensions/caffeine@patapon.info/locale/ru:
config/includes.chroot: total 4
config/includes.chroot: drwxrwxr-x 2 siam siam 4096 জুলাই     22 18:06 LC_MESSAGES
config/includes.chroot: 
config/includes.chroot: config/includes.chroot/usr/share/gnome-shell/extensions/caffeine@patapon.info/locale/ru/LC_MESSAGES:
config/includes.chroot: total 12
config/includes.chroot: -rw-rw-r-- 1 siam siam 11091 জুলাই     22 18:06 gnome-shell-extension-caffeine.mo
config/includes.chroot: 
config/includes.chroot: config/includes.chroot/usr/share/gnome-shell/extensions/caffeine@patapon.info/locale/sk:
config/includes.chroot: total 4
config/includes.chroot: drwxrwxr-x 2 siam siam 4096 জুলাই     22 18:06 LC_MESSAGES
config/includes.chroot: 
config/includes.chroot: config/includes.chroot/usr/share/gnome-shell/extensions/caffeine@patapon.info/locale/sk/LC_MESSAGES:
config/includes.chroot: total 8
config/includes.chroot: -rw-rw-r-- 1 siam siam 7074 জুলাই     22 18:06 gnome-shell-extension-caffeine.mo
config/includes.chroot: 
config/includes.chroot: config/includes.chroot/usr/share/gnome-shell/extensions/caffeine@patapon.info/locale/sv:
config/includes.chroot: total 4
config/includes.chroot: drwxrwxr-x 2 siam siam 4096 জুলাই     22 18:06 LC_MESSAGES
config/includes.chroot: 
config/includes.chroot: config/includes.chroot/usr/share/gnome-shell/extensions/caffeine@patapon.info/locale/sv/LC_MESSAGES:
config/includes.chroot: total 4
config/includes.chroot: -rw-rw-r-- 1 siam siam 2398 জুলাই     22 18:06 gnome-shell-extension-caffeine.mo
config/includes.chroot: 
config/includes.chroot: config/includes.chroot/usr/share/gnome-shell/extensions/caffeine@patapon.info/locale/tr:
config/includes.chroot: total 4
config/includes.chroot: drwxrwxr-x 2 siam siam 4096 জুলাই     22 18:06 LC_MESSAGES
config/includes.chroot: 
config/includes.chroot: config/includes.chroot/usr/share/gnome-shell/extensions/caffeine@patapon.info/locale/tr/LC_MESSAGES:
config/includes.chroot: total 12
config/includes.chroot: -rw-rw-r-- 1 siam siam 8237 জুলাই     22 18:06 gnome-shell-extension-caffeine.mo
config/includes.chroot: 
config/includes.chroot: config/includes.chroot/usr/share/gnome-shell/extensions/caffeine@patapon.info/locale/uk:
config/includes.chroot: total 4
config/includes.chroot: drwxrwxr-x 2 siam siam 4096 জুলাই     22 18:06 LC_MESSAGES
config/includes.chroot: 
config/includes.chroot: config/includes.chroot/usr/share/gnome-shell/extensions/caffeine@patapon.info/locale/uk/LC_MESSAGES:
config/includes.chroot: total 12
config/includes.chroot: -rw-rw-r-- 1 siam siam 10730 জুলাই     22 18:06 gnome-shell-extension-caffeine.mo
config/includes.chroot: 
config/includes.chroot: config/includes.chroot/usr/share/gnome-shell/extensions/caffeine@patapon.info/locale/zh_CN:
config/includes.chroot: total 4
config/includes.chroot: drwxrwxr-x 2 siam siam 4096 জুলাই     22 18:06 LC_MESSAGES
config/includes.chroot: 
config/includes.chroot: config/includes.chroot/usr/share/gnome-shell/extensions/caffeine@patapon.info/locale/zh_CN/LC_MESSAGES:
config/includes.chroot: total 8
config/includes.chroot: -rw-rw-r-- 1 siam siam 6847 জুলাই     22 18:06 gnome-shell-extension-caffeine.mo
config/includes.chroot: 
config/includes.chroot: config/includes.chroot/usr/share/gnome-shell/extensions/caffeine@patapon.info/preferences:
config/includes.chroot: total 48
config/includes.chroot: -rw-rw-r-- 1 siam siam  8615 জুলাই     22 18:06 appsPage.js
config/includes.chroot: -rw-rw-r-- 1 siam siam  5455 জুলাই     22 18:06 displayPage.js
config/includes.chroot: -rw-rw-r-- 1 siam siam 11613 জুলাই     22 18:06 generalPage.js
config/includes.chroot: -rw-rw-r-- 1 siam siam 12899 জুলাই     22 18:06 timerPage.js
config/includes.chroot: 
config/includes.chroot: config/includes.chroot/usr/share/gnome-shell/extensions/caffeine@patapon.info/schemas:
config/includes.chroot: total 12
config/includes.chroot: -rw-rw-r-- 1 siam siam 1852 জুলাই     22 18:06 gschemas.compiled
config/includes.chroot: -rw-rw-r-- 1 siam siam 5679 জুলাই     22 18:06 org.gnome.shell.extensions.caffeine.gschema.xml
config/includes.chroot: 
config/includes.chroot: config/includes.chroot/usr/share/gnome-shell/extensions/clipboard-indicator@tudmotu.com:
config/includes.chroot: total 148
config/includes.chroot: -rw-rw-r--  1 siam siam  1870 জুলাই     22 18:06 confirmDialog.js
config/includes.chroot: -rw-rw-r--  1 siam siam  2576 জুলাই     22 18:06 constants.js
config/includes.chroot: -rw-rw-r--  1 siam siam 71274 জুলাই     22 18:06 extension.js
config/includes.chroot: -rw-rw-r--  1 siam siam  1010 জুলাই     22 18:06 keyboard.js
config/includes.chroot: -rw-rw-r--  1 siam siam  1174 জুলাই     22 18:06 LICENSE.rst
config/includes.chroot: drwxrwxr-x 27 siam siam  4096 জুলাই     16 22:27 locale
config/includes.chroot: -rw-rw-r--  1 siam siam   512 জুলাই     22 18:06 metadata.json
config/includes.chroot: -rw-rw-r--  1 siam siam 29549 জুলাই     22 18:06 prefs.js
config/includes.chroot: -rw-rw-r--  1 siam siam 11500 জুলাই     22 18:06 registry.js
config/includes.chroot: drwxrwxr-x  2 siam siam  4096 জুলাই     22 18:06 schemas
config/includes.chroot: -rw-rw-r--  1 siam siam  1765 জুলাই     22 18:06 stylesheet.css
config/includes.chroot: 
config/includes.chroot: config/includes.chroot/usr/share/gnome-shell/extensions/clipboard-indicator@tudmotu.com/locale:
config/includes.chroot: total 100
config/includes.chroot: drwxrwxr-x 3 siam siam 4096 জুলাই     16 22:27 ar
config/includes.chroot: drwxrwxr-x 3 siam siam 4096 জুলাই     16 22:27 bg
config/includes.chroot: drwxrwxr-x 3 siam siam 4096 জুলাই     16 22:27 ca
config/includes.chroot: drwxrwxr-x 3 siam siam 4096 জুলাই     16 22:27 cs
config/includes.chroot: drwxrwxr-x 3 siam siam 4096 জুলাই     16 22:27 de
config/includes.chroot: drwxrwxr-x 3 siam siam 4096 জুলাই     16 22:27 el
config/includes.chroot: drwxrwxr-x 3 siam siam 4096 জুলাই     16 22:27 es
config/includes.chroot: drwxrwxr-x 3 siam siam 4096 জুলাই     16 22:27 eu
config/includes.chroot: drwxrwxr-x 3 siam siam 4096 জুলাই     16 22:27 fa
config/includes.chroot: drwxrwxr-x 3 siam siam 4096 জুলাই     16 22:27 fi
config/includes.chroot: drwxrwxr-x 3 siam siam 4096 জুলাই     16 22:27 fr_FR
config/includes.chroot: drwxrwxr-x 3 siam siam 4096 জুলাই     16 22:27 hu
config/includes.chroot: drwxrwxr-x 3 siam siam 4096 জুলাই     16 22:27 it
config/includes.chroot: drwxrwxr-x 3 siam siam 4096 জুলাই     16 22:27 ja
config/includes.chroot: drwxrwxr-x 3 siam siam 4096 জুলাই     16 22:27 kn
config/includes.chroot: drwxrwxr-x 3 siam siam 4096 জুলাই     16 22:27 ko
config/includes.chroot: drwxrwxr-x 3 siam siam 4096 জুলাই     16 22:27 nl
config/includes.chroot: drwxrwxr-x 3 siam siam 4096 জুলাই     16 22:27 oc
config/includes.chroot: drwxrwxr-x 3 siam siam 4096 জুলাই     16 22:27 pl
config/includes.chroot: drwxrwxr-x 3 siam siam 4096 জুলাই     16 22:27 pt_BR
config/includes.chroot: drwxrwxr-x 3 siam siam 4096 জুলাই     16 22:27 ru
config/includes.chroot: drwxrwxr-x 3 siam siam 4096 জুলাই     16 22:27 sk
config/includes.chroot: drwxrwxr-x 3 siam siam 4096 জুলাই     16 22:27 tr
config/includes.chroot: drwxrwxr-x 3 siam siam 4096 জুলাই     16 22:27 uk
config/includes.chroot: drwxrwxr-x 3 siam siam 4096 জুলাই     16 22:27 zh_CN
config/includes.chroot: 
config/includes.chroot: config/includes.chroot/usr/share/gnome-shell/extensions/clipboard-indicator@tudmotu.com/locale/ar:
config/includes.chroot: total 4
config/includes.chroot: drwxrwxr-x 2 siam siam 4096 জুলাই     22 18:06 LC_MESSAGES
config/includes.chroot: 
config/includes.chroot: config/includes.chroot/usr/share/gnome-shell/extensions/clipboard-indicator@tudmotu.com/locale/ar/LC_MESSAGES:
config/includes.chroot: total 4
config/includes.chroot: -rw-rw-r-- 1 siam siam 2308 জুলাই     22 18:06 clipboard-indicator.mo
config/includes.chroot: 
config/includes.chroot: config/includes.chroot/usr/share/gnome-shell/extensions/clipboard-indicator@tudmotu.com/locale/bg:
config/includes.chroot: total 4
config/includes.chroot: drwxrwxr-x 2 siam siam 4096 জুলাই     22 18:06 LC_MESSAGES
config/includes.chroot: 
config/includes.chroot: config/includes.chroot/usr/share/gnome-shell/extensions/clipboard-indicator@tudmotu.com/locale/bg/LC_MESSAGES:
config/includes.chroot: total 8
config/includes.chroot: -rw-rw-r-- 1 siam siam 4895 জুলাই     22 18:06 clipboard-indicator.mo
config/includes.chroot: 
config/includes.chroot: config/includes.chroot/usr/share/gnome-shell/extensions/clipboard-indicator@tudmotu.com/locale/ca:
config/includes.chroot: total 4
config/includes.chroot: drwxrwxr-x 2 siam siam 4096 জুলাই     22 18:06 LC_MESSAGES
config/includes.chroot: 
config/includes.chroot: config/includes.chroot/usr/share/gnome-shell/extensions/clipboard-indicator@tudmotu.com/locale/ca/LC_MESSAGES:
config/includes.chroot: total 4
config/includes.chroot: -rw-rw-r-- 1 siam siam 1584 জুলাই     22 18:06 clipboard-indicator.mo
config/includes.chroot: 
config/includes.chroot: config/includes.chroot/usr/share/gnome-shell/extensions/clipboard-indicator@tudmotu.com/locale/cs:
config/includes.chroot: total 4
config/includes.chroot: drwxrwxr-x 2 siam siam 4096 জুলাই     22 18:06 LC_MESSAGES
config/includes.chroot: 
config/includes.chroot: config/includes.chroot/usr/share/gnome-shell/extensions/clipboard-indicator@tudmotu.com/locale/cs/LC_MESSAGES:
config/includes.chroot: total 12
config/includes.chroot: -rw-rw-r-- 1 siam siam 9713 জুলাই     22 18:06 clipboard-indicator.mo
config/includes.chroot: 
config/includes.chroot: config/includes.chroot/usr/share/gnome-shell/extensions/clipboard-indicator@tudmotu.com/locale/de:
config/includes.chroot: total 4
config/includes.chroot: drwxrwxr-x 2 siam siam 4096 জুলাই     22 18:06 LC_MESSAGES
config/includes.chroot: 
config/includes.chroot: config/includes.chroot/usr/share/gnome-shell/extensions/clipboard-indicator@tudmotu.com/locale/de/LC_MESSAGES:
config/includes.chroot: total 12
config/includes.chroot: -rw-rw-r-- 1 siam siam 10195 জুলাই     22 18:06 clipboard-indicator.mo
config/includes.chroot: 
config/includes.chroot: config/includes.chroot/usr/share/gnome-shell/extensions/clipboard-indicator@tudmotu.com/locale/el:
config/includes.chroot: total 4
config/includes.chroot: drwxrwxr-x 2 siam siam 4096 জুলাই     22 18:06 LC_MESSAGES
config/includes.chroot: 
config/includes.chroot: config/includes.chroot/usr/share/gnome-shell/extensions/clipboard-indicator@tudmotu.com/locale/el/LC_MESSAGES:
config/includes.chroot: total 4
config/includes.chroot: -rw-rw-r-- 1 siam siam 1266 জুলাই     22 18:06 clipboard-indicator.mo
config/includes.chroot: 
config/includes.chroot: config/includes.chroot/usr/share/gnome-shell/extensions/clipboard-indicator@tudmotu.com/locale/es:
config/includes.chroot: total 4
config/includes.chroot: drwxrwxr-x 2 siam siam 4096 জুলাই     22 18:06 LC_MESSAGES
config/includes.chroot: 
config/includes.chroot: config/includes.chroot/usr/share/gnome-shell/extensions/clipboard-indicator@tudmotu.com/locale/es/LC_MESSAGES:
config/includes.chroot: total 4
config/includes.chroot: -rw-rw-r-- 1 siam siam 3061 জুলাই     22 18:06 clipboard-indicator.mo
config/includes.chroot: 
config/includes.chroot: config/includes.chroot/usr/share/gnome-shell/extensions/clipboard-indicator@tudmotu.com/locale/eu:
config/includes.chroot: total 4
config/includes.chroot: drwxrwxr-x 2 siam siam 4096 জুলাই     22 18:06 LC_MESSAGES
config/includes.chroot: 
config/includes.chroot: config/includes.chroot/usr/share/gnome-shell/extensions/clipboard-indicator@tudmotu.com/locale/eu/LC_MESSAGES:
config/includes.chroot: total 12
config/includes.chroot: -rw-rw-r-- 1 siam siam 9684 জুলাই     22 18:06 clipboard-indicator.mo
config/includes.chroot: 
config/includes.chroot: config/includes.chroot/usr/share/gnome-shell/extensions/clipboard-indicator@tudmotu.com/locale/fa:
config/includes.chroot: total 4
config/includes.chroot: drwxrwxr-x 2 siam siam 4096 জুলাই     22 18:06 LC_MESSAGES
config/includes.chroot: 
config/includes.chroot: config/includes.chroot/usr/share/gnome-shell/extensions/clipboard-indicator@tudmotu.com/locale/fa/LC_MESSAGES:
config/includes.chroot: total 4
config/includes.chroot: -rw-rw-r-- 1 siam siam 3473 জুলাই     22 18:06 clipboard-indicator.mo
config/includes.chroot: 
config/includes.chroot: config/includes.chroot/usr/share/gnome-shell/extensions/clipboard-indicator@tudmotu.com/locale/fi:
config/includes.chroot: total 4
config/includes.chroot: drwxrwxr-x 2 siam siam 4096 জুলাই     22 18:06 LC_MESSAGES
config/includes.chroot: 
config/includes.chroot: config/includes.chroot/usr/share/gnome-shell/extensions/clipboard-indicator@tudmotu.com/locale/fi/LC_MESSAGES:
config/includes.chroot: total 4
config/includes.chroot: -rw-rw-r-- 1 siam siam 1092 জুলাই     22 18:06 clipboard-indicator.mo
config/includes.chroot: 
config/includes.chroot: config/includes.chroot/usr/share/gnome-shell/extensions/clipboard-indicator@tudmotu.com/locale/fr_FR:
config/includes.chroot: total 4
config/includes.chroot: drwxrwxr-x 2 siam siam 4096 জুলাই     22 18:06 LC_MESSAGES
config/includes.chroot: 
config/includes.chroot: config/includes.chroot/usr/share/gnome-shell/extensions/clipboard-indicator@tudmotu.com/locale/fr_FR/LC_MESSAGES:
config/includes.chroot: total 12
config/includes.chroot: -rw-rw-r-- 1 siam siam 9993 জুলাই     22 18:06 clipboard-indicator.mo
config/includes.chroot: 
config/includes.chroot: config/includes.chroot/usr/share/gnome-shell/extensions/clipboard-indicator@tudmotu.com/locale/hu:
config/includes.chroot: total 4
config/includes.chroot: drwxrwxr-x 2 siam siam 4096 জুলাই     22 18:06 LC_MESSAGES
config/includes.chroot: 
config/includes.chroot: config/includes.chroot/usr/share/gnome-shell/extensions/clipboard-indicator@tudmotu.com/locale/hu/LC_MESSAGES:
config/includes.chroot: total 4
config/includes.chroot: -rw-rw-r-- 1 siam siam 2127 জুলাই     22 18:06 clipboard-indicator.mo
config/includes.chroot: 
config/includes.chroot: config/includes.chroot/usr/share/gnome-shell/extensions/clipboard-indicator@tudmotu.com/locale/it:
config/includes.chroot: total 4
config/includes.chroot: drwxrwxr-x 2 siam siam 4096 জুলাই     22 18:06 LC_MESSAGES
config/includes.chroot: 
config/includes.chroot: config/includes.chroot/usr/share/gnome-shell/extensions/clipboard-indicator@tudmotu.com/locale/it/LC_MESSAGES:
config/includes.chroot: total 4
config/includes.chroot: -rw-rw-r-- 1 siam siam 3673 জুলাই     22 18:06 clipboard-indicator.mo
config/includes.chroot: 
config/includes.chroot: config/includes.chroot/usr/share/gnome-shell/extensions/clipboard-indicator@tudmotu.com/locale/ja:
config/includes.chroot: total 4
config/includes.chroot: drwxrwxr-x 2 siam siam 4096 জুলাই     22 18:06 LC_MESSAGES
config/includes.chroot: 
config/includes.chroot: config/includes.chroot/usr/share/gnome-shell/extensions/clipboard-indicator@tudmotu.com/locale/ja/LC_MESSAGES:
config/includes.chroot: total 4
config/includes.chroot: -rw-rw-r-- 1 siam siam 2191 জুলাই     22 18:06 clipboard-indicator.mo
config/includes.chroot: 
config/includes.chroot: config/includes.chroot/usr/share/gnome-shell/extensions/clipboard-indicator@tudmotu.com/locale/kn:
config/includes.chroot: total 4
config/includes.chroot: drwxrwxr-x 2 siam siam 4096 জুলাই     22 18:06 LC_MESSAGES
config/includes.chroot: 
config/includes.chroot: config/includes.chroot/usr/share/gnome-shell/extensions/clipboard-indicator@tudmotu.com/locale/kn/LC_MESSAGES:
config/includes.chroot: total 8
config/includes.chroot: -rw-rw-r-- 1 siam siam 4576 জুলাই     22 18:06 clipboard-indicator.mo
config/includes.chroot: 
config/includes.chroot: config/includes.chroot/usr/share/gnome-shell/extensions/clipboard-indicator@tudmotu.com/locale/ko:
config/includes.chroot: total 4
config/includes.chroot: drwxrwxr-x 2 siam siam 4096 জুলাই     22 18:06 LC_MESSAGES
config/includes.chroot: 
config/includes.chroot: config/includes.chroot/usr/share/gnome-shell/extensions/clipboard-indicator@tudmotu.com/locale/ko/LC_MESSAGES:
config/includes.chroot: total 4
config/includes.chroot: -rw-rw-r-- 1 siam siam 1658 জুলাই     22 18:06 clipboard-indicator.mo
config/includes.chroot: 
config/includes.chroot: config/includes.chroot/usr/share/gnome-shell/extensions/clipboard-indicator@tudmotu.com/locale/nl:
config/includes.chroot: total 4
config/includes.chroot: drwxrwxr-x 2 siam siam 4096 জুলাই     22 18:06 LC_MESSAGES
config/includes.chroot: 
config/includes.chroot: config/includes.chroot/usr/share/gnome-shell/extensions/clipboard-indicator@tudmotu.com/locale/nl/LC_MESSAGES:
config/includes.chroot: total 4
config/includes.chroot: -rw-rw-r-- 1 siam siam 2061 জুলাই     22 18:06 clipboard-indicator.mo
config/includes.chroot: 
config/includes.chroot: config/includes.chroot/usr/share/gnome-shell/extensions/clipboard-indicator@tudmotu.com/locale/oc:
config/includes.chroot: total 4
config/includes.chroot: drwxrwxr-x 2 siam siam 4096 জুলাই     22 18:06 LC_MESSAGES
config/includes.chroot: 
config/includes.chroot: config/includes.chroot/usr/share/gnome-shell/extensions/clipboard-indicator@tudmotu.com/locale/oc/LC_MESSAGES:
config/includes.chroot: total 4
config/includes.chroot: -rw-rw-r-- 1 siam siam 2102 জুলাই     22 18:06 clipboard-indicator.mo
config/includes.chroot: 
config/includes.chroot: config/includes.chroot/usr/share/gnome-shell/extensions/clipboard-indicator@tudmotu.com/locale/pl:
config/includes.chroot: total 4
config/includes.chroot: drwxrwxr-x 2 siam siam 4096 জুলাই     22 18:06 LC_MESSAGES
config/includes.chroot: 
config/includes.chroot: config/includes.chroot/usr/share/gnome-shell/extensions/clipboard-indicator@tudmotu.com/locale/pl/LC_MESSAGES:
config/includes.chroot: total 4
config/includes.chroot: -rw-rw-r-- 1 siam siam 3752 জুলাই     22 18:06 clipboard-indicator.mo
config/includes.chroot: 
config/includes.chroot: config/includes.chroot/usr/share/gnome-shell/extensions/clipboard-indicator@tudmotu.com/locale/pt_BR:
config/includes.chroot: total 4
config/includes.chroot: drwxrwxr-x 2 siam siam 4096 জুলাই     22 18:06 LC_MESSAGES
config/includes.chroot: 
config/includes.chroot: config/includes.chroot/usr/share/gnome-shell/extensions/clipboard-indicator@tudmotu.com/locale/pt_BR/LC_MESSAGES:
config/includes.chroot: total 12
config/includes.chroot: -rw-rw-r-- 1 siam siam 10256 জুলাই     22 18:06 clipboard-indicator.mo
config/includes.chroot: 
config/includes.chroot: config/includes.chroot/usr/share/gnome-shell/extensions/clipboard-indicator@tudmotu.com/locale/ru:
config/includes.chroot: total 4
config/includes.chroot: drwxrwxr-x 2 siam siam 4096 জুলাই     22 18:06 LC_MESSAGES
config/includes.chroot: 
config/includes.chroot: config/includes.chroot/usr/share/gnome-shell/extensions/clipboard-indicator@tudmotu.com/locale/ru/LC_MESSAGES:
config/includes.chroot: total 8
config/includes.chroot: -rw-rw-r-- 1 siam siam 4591 জুলাই     22 18:06 clipboard-indicator.mo
config/includes.chroot: 
config/includes.chroot: config/includes.chroot/usr/share/gnome-shell/extensions/clipboard-indicator@tudmotu.com/locale/sk:
config/includes.chroot: total 4
config/includes.chroot: drwxrwxr-x 2 siam siam 4096 জুলাই     22 18:06 LC_MESSAGES
config/includes.chroot: 
config/includes.chroot: config/includes.chroot/usr/share/gnome-shell/extensions/clipboard-indicator@tudmotu.com/locale/sk/LC_MESSAGES:
config/includes.chroot: total 4
config/includes.chroot: -rw-rw-r-- 1 siam siam 3046 জুলাই     22 18:06 clipboard-indicator.mo
config/includes.chroot: 
config/includes.chroot: config/includes.chroot/usr/share/gnome-shell/extensions/clipboard-indicator@tudmotu.com/locale/tr:
config/includes.chroot: total 4
config/includes.chroot: drwxrwxr-x 2 siam siam 4096 জুলাই     22 18:06 LC_MESSAGES
config/includes.chroot: 
config/includes.chroot: config/includes.chroot/usr/share/gnome-shell/extensions/clipboard-indicator@tudmotu.com/locale/tr/LC_MESSAGES:
config/includes.chroot: total 4
config/includes.chroot: -rw-rw-r-- 1 siam siam 3653 জুলাই     22 18:06 clipboard-indicator.mo
config/includes.chroot: 
config/includes.chroot: config/includes.chroot/usr/share/gnome-shell/extensions/clipboard-indicator@tudmotu.com/locale/uk:
config/includes.chroot: total 4
config/includes.chroot: drwxrwxr-x 2 siam siam 4096 জুলাই     22 18:06 LC_MESSAGES
config/includes.chroot: 
config/includes.chroot: config/includes.chroot/usr/share/gnome-shell/extensions/clipboard-indicator@tudmotu.com/locale/uk/LC_MESSAGES:
config/includes.chroot: total 8
config/includes.chroot: -rw-rw-r-- 1 siam siam 4172 জুলাই     22 18:06 clipboard-indicator.mo
config/includes.chroot: 
config/includes.chroot: config/includes.chroot/usr/share/gnome-shell/extensions/clipboard-indicator@tudmotu.com/locale/zh_CN:
config/includes.chroot: total 4
config/includes.chroot: drwxrwxr-x 2 siam siam 4096 জুলাই     22 18:06 LC_MESSAGES
config/includes.chroot: 
config/includes.chroot: config/includes.chroot/usr/share/gnome-shell/extensions/clipboard-indicator@tudmotu.com/locale/zh_CN/LC_MESSAGES:
config/includes.chroot: total 4
config/includes.chroot: -rw-rw-r-- 1 siam siam 2933 জুলাই     22 18:06 clipboard-indicator.mo
config/includes.chroot: 
config/includes.chroot: config/includes.chroot/usr/share/gnome-shell/extensions/clipboard-indicator@tudmotu.com/schemas:
config/includes.chroot: total 16
config/includes.chroot: -rw-rw-r-- 1 siam siam  2960 জুলাই     22 18:06 gschemas.compiled
config/includes.chroot: -rw-rw-r-- 1 siam siam 11215 জুলাই     22 18:06 org.gnome.shell.extensions.clipboard-indicator.gschema.xml
config/includes.chroot: 
config/includes.chroot: config/includes.chroot/usr/share/gnome-shell/extensions/dash-to-panel@jderose9.github.com:
config/includes.chroot: total 600
config/includes.chroot: -rw-rw-r--  1 siam siam  74211 জুলাই     22 18:06 appIcons.js
config/includes.chroot: -rw-rw-r--  1 siam siam  17993 জুলাই     22 18:06 COPYING
config/includes.chroot: -rw-rw-r--  1 siam siam   6259 জুলাই     22 18:06 desktopIconsIntegration.js
config/includes.chroot: -rw-rw-r--  1 siam siam   6366 জুলাই     22 18:06 extension.js
config/includes.chroot: drwxrwxr-x  2 siam siam   4096 জুলাই     22 18:06 img
config/includes.chroot: -rw-rw-r--  1 siam siam  17166 জুলাই     22 18:06 intellihide.js
config/includes.chroot: drwxrwxr-x 24 siam siam   4096 জুলাই     16 22:27 locale
config/includes.chroot: -rw-rw-r--  1 siam siam   1014 জুলাই     22 18:06 metadata.json
config/includes.chroot: -rw-rw-r--  1 siam siam   6172 জুলাই     22 18:06 notificationsMonitor.js
config/includes.chroot: -rw-rw-r--  1 siam siam  17412 জুলাই     22 18:06 overview.js
config/includes.chroot: -rw-rw-r--  1 siam siam  54239 জুলাই     22 18:06 panel.js
config/includes.chroot: -rwxrwxr-x  1 siam siam  34068 জুলাই     22 18:06 panelManager.js
config/includes.chroot: -rw-rw-r--  1 siam siam   2437 জুলাই     22 18:06 panelPositions.js
config/includes.chroot: -rw-rw-r--  1 siam siam   9516 জুলাই     22 18:06 panelSettings.js
config/includes.chroot: -rw-rw-r--  1 siam siam  11230 জুলাই     22 18:06 panelStyle.js
config/includes.chroot: -rw-rw-r--  1 siam siam 132238 জুলাই     22 18:06 prefs.js
config/includes.chroot: -rw-rw-r--  1 siam siam   7686 জুলাই     22 18:06 proximity.js
config/includes.chroot: -rw-rw-r--  1 siam siam  10356 জুলাই     22 18:06 README.md
config/includes.chroot: drwxrwxr-x  2 siam siam   4096 জুলাই     22 18:06 schemas
config/includes.chroot: -rw-rw-r--  1 siam siam   7237 জুলাই     22 18:06 stylesheet.css
config/includes.chroot: -rw-rw-r--  1 siam siam  54936 জুলাই     22 18:06 taskbar.js
config/includes.chroot: -rw-rw-r--  1 siam siam   8836 জুলাই     22 18:06 transparency.js
config/includes.chroot: drwxrwxr-x  2 siam siam   4096 জুলাই     22 18:06 ui
config/includes.chroot: -rw-rw-r--  1 siam siam  25582 জুলাই     22 18:06 utils.js
config/includes.chroot: -rw-rw-r--  1 siam siam  41279 জুলাই     22 18:06 windowPreview.js
config/includes.chroot: 
config/includes.chroot: config/includes.chroot/usr/share/gnome-shell/extensions/dash-to-panel@jderose9.github.com/img:
config/includes.chroot: total 80
config/includes.chroot: -rw-rw-r-- 1 siam siam 31019 জুলাই     22 18:06 dash-to-panel-logo-light.svg
config/includes.chroot: -rw-rw-r-- 1 siam siam   237 জুলাই     22 18:06 highlight_stacked_bg_2.svg
config/includes.chroot: -rw-rw-r-- 1 siam siam   237 জুলাই     22 18:06 highlight_stacked_bg_3.svg
config/includes.chroot: -rw-rw-r-- 1 siam siam   237 জুলাই     22 18:06 highlight_stacked_bg.svg
config/includes.chroot: -rw-rw-r-- 1 siam siam  3318 জুলাই     22 18:06 kofi.png
config/includes.chroot: -rw-rw-r-- 1 siam siam  5415 জুলাই     22 18:06 paypal.png
config/includes.chroot: -rwxrwxr-x 1 siam siam  2368 জুলাই     22 18:06 stripe.png
config/includes.chroot: -rw-rw-r-- 1 siam siam 18158 জুলাই     22 18:06 zorin-os.svg
config/includes.chroot: 
config/includes.chroot: config/includes.chroot/usr/share/gnome-shell/extensions/dash-to-panel@jderose9.github.com/locale:
config/includes.chroot: total 88
config/includes.chroot: drwxrwxr-x 3 siam siam 4096 জুলাই     16 22:27 cs
config/includes.chroot: drwxrwxr-x 3 siam siam 4096 জুলাই     16 22:27 de
config/includes.chroot: drwxrwxr-x 3 siam siam 4096 জুলাই     16 22:27 es
config/includes.chroot: drwxrwxr-x 3 siam siam 4096 জুলাই     16 22:27 fa
config/includes.chroot: drwxrwxr-x 3 siam siam 4096 জুলাই     16 22:27 fr
config/includes.chroot: drwxrwxr-x 3 siam siam 4096 জুলাই     16 22:27 gl
config/includes.chroot: drwxrwxr-x 3 siam siam 4096 জুলাই     16 22:27 hu
config/includes.chroot: drwxrwxr-x 3 siam siam 4096 জুলাই     16 22:27 it
config/includes.chroot: drwxrwxr-x 3 siam siam 4096 জুলাই     16 22:27 ja
config/includes.chroot: drwxrwxr-x 3 siam siam 4096 জুলাই     16 22:27 ka
config/includes.chroot: drwxrwxr-x 3 siam siam 4096 জুলাই     16 22:27 kk
config/includes.chroot: drwxrwxr-x 3 siam siam 4096 জুলাই     16 22:27 ko
config/includes.chroot: drwxrwxr-x 3 siam siam 4096 জুলাই     16 22:27 nl
config/includes.chroot: drwxrwxr-x 3 siam siam 4096 জুলাই     16 22:27 pl
config/includes.chroot: drwxrwxr-x 3 siam siam 4096 জুলাই     16 22:27 pt_BR
config/includes.chroot: drwxrwxr-x 3 siam siam 4096 জুলাই     16 22:27 ru
config/includes.chroot: drwxrwxr-x 3 siam siam 4096 জুলাই     16 22:27 sk
config/includes.chroot: drwxrwxr-x 3 siam siam 4096 জুলাই     16 22:27 sv
config/includes.chroot: drwxrwxr-x 3 siam siam 4096 জুলাই     16 22:27 tr
config/includes.chroot: drwxrwxr-x 3 siam siam 4096 জুলাই     16 22:27 uk
config/includes.chroot: drwxrwxr-x 3 siam siam 4096 জুলাই     16 22:27 zh_CN
config/includes.chroot: drwxrwxr-x 3 siam siam 4096 জুলাই     16 22:27 zh_TW
config/includes.chroot: 
config/includes.chroot: config/includes.chroot/usr/share/gnome-shell/extensions/dash-to-panel@jderose9.github.com/locale/cs:
config/includes.chroot: total 4
config/includes.chroot: drwxrwxr-x 2 siam siam 4096 জুলাই     22 18:06 LC_MESSAGES
config/includes.chroot: 
config/includes.chroot: config/includes.chroot/usr/share/gnome-shell/extensions/dash-to-panel@jderose9.github.com/locale/cs/LC_MESSAGES:
config/includes.chroot: total 28
config/includes.chroot: -rw-rw-r-- 1 siam siam 24663 জুলাই     22 18:06 dash-to-panel.mo
config/includes.chroot: 
config/includes.chroot: config/includes.chroot/usr/share/gnome-shell/extensions/dash-to-panel@jderose9.github.com/locale/de:
config/includes.chroot: total 4
config/includes.chroot: drwxrwxr-x 2 siam siam 4096 জুলাই     22 18:06 LC_MESSAGES
config/includes.chroot: 
config/includes.chroot: config/includes.chroot/usr/share/gnome-shell/extensions/dash-to-panel@jderose9.github.com/locale/de/LC_MESSAGES:
config/includes.chroot: total 28
config/includes.chroot: -rw-rw-r-- 1 siam siam 24768 জুলাই     22 18:06 dash-to-panel.mo
config/includes.chroot: 
config/includes.chroot: config/includes.chroot/usr/share/gnome-shell/extensions/dash-to-panel@jderose9.github.com/locale/es:
config/includes.chroot: total 4
config/includes.chroot: drwxrwxr-x 2 siam siam 4096 জুলাই     22 18:06 LC_MESSAGES
config/includes.chroot: 
config/includes.chroot: config/includes.chroot/usr/share/gnome-shell/extensions/dash-to-panel@jderose9.github.com/locale/es/LC_MESSAGES:
config/includes.chroot: total 24
config/includes.chroot: -rw-rw-r-- 1 siam siam 21637 জুলাই     22 18:06 dash-to-panel.mo
config/includes.chroot: 
config/includes.chroot: config/includes.chroot/usr/share/gnome-shell/extensions/dash-to-panel@jderose9.github.com/locale/fa:
config/includes.chroot: total 4
config/includes.chroot: drwxrwxr-x 2 siam siam 4096 জুলাই     22 18:06 LC_MESSAGES
config/includes.chroot: 
config/includes.chroot: config/includes.chroot/usr/share/gnome-shell/extensions/dash-to-panel@jderose9.github.com/locale/fa/LC_MESSAGES:
config/includes.chroot: total 20
config/includes.chroot: -rw-rw-r-- 1 siam siam 19898 জুলাই     22 18:06 dash-to-panel.mo
config/includes.chroot: 
config/includes.chroot: config/includes.chroot/usr/share/gnome-shell/extensions/dash-to-panel@jderose9.github.com/locale/fr:
config/includes.chroot: total 4
config/includes.chroot: drwxrwxr-x 2 siam siam 4096 জুলাই     22 18:06 LC_MESSAGES
config/includes.chroot: 
config/includes.chroot: config/includes.chroot/usr/share/gnome-shell/extensions/dash-to-panel@jderose9.github.com/locale/fr/LC_MESSAGES:
config/includes.chroot: total 32
config/includes.chroot: -rw-rw-r-- 1 siam siam 29483 জুলাই     22 18:06 dash-to-panel.mo
config/includes.chroot: 
config/includes.chroot: config/includes.chroot/usr/share/gnome-shell/extensions/dash-to-panel@jderose9.github.com/locale/gl:
config/includes.chroot: total 4
config/includes.chroot: drwxrwxr-x 2 siam siam 4096 জুলাই     22 18:06 LC_MESSAGES
config/includes.chroot: 
config/includes.chroot: config/includes.chroot/usr/share/gnome-shell/extensions/dash-to-panel@jderose9.github.com/locale/gl/LC_MESSAGES:
config/includes.chroot: total 20
config/includes.chroot: -rw-rw-r-- 1 siam siam 18062 জুলাই     22 18:06 dash-to-panel.mo
config/includes.chroot: 
config/includes.chroot: config/includes.chroot/usr/share/gnome-shell/extensions/dash-to-panel@jderose9.github.com/locale/hu:
config/includes.chroot: total 4
config/includes.chroot: drwxrwxr-x 2 siam siam 4096 জুলাই     22 18:06 LC_MESSAGES
config/includes.chroot: 
config/includes.chroot: config/includes.chroot/usr/share/gnome-shell/extensions/dash-to-panel@jderose9.github.com/locale/hu/LC_MESSAGES:
config/includes.chroot: total 24
config/includes.chroot: -rw-rw-r-- 1 siam siam 22960 জুলাই     22 18:06 dash-to-panel.mo
config/includes.chroot: 
config/includes.chroot: config/includes.chroot/usr/share/gnome-shell/extensions/dash-to-panel@jderose9.github.com/locale/it:
config/includes.chroot: total 4
config/includes.chroot: drwxrwxr-x 2 siam siam 4096 জুলাই     22 18:06 LC_MESSAGES
config/includes.chroot: 
config/includes.chroot: config/includes.chroot/usr/share/gnome-shell/extensions/dash-to-panel@jderose9.github.com/locale/it/LC_MESSAGES:
config/includes.chroot: total 28
config/includes.chroot: -rw-rw-r-- 1 siam siam 25133 জুলাই     22 18:06 dash-to-panel.mo
config/includes.chroot: 
config/includes.chroot: config/includes.chroot/usr/share/gnome-shell/extensions/dash-to-panel@jderose9.github.com/locale/ja:
config/includes.chroot: total 4
config/includes.chroot: drwxrwxr-x 2 siam siam 4096 জুলাই     22 18:06 LC_MESSAGES
config/includes.chroot: 
config/includes.chroot: config/includes.chroot/usr/share/gnome-shell/extensions/dash-to-panel@jderose9.github.com/locale/ja/LC_MESSAGES:
config/includes.chroot: total 84
config/includes.chroot: -rw-rw-r-- 1 siam siam 83137 জুলাই     22 18:06 dash-to-panel.mo
config/includes.chroot: 
config/includes.chroot: config/includes.chroot/usr/share/gnome-shell/extensions/dash-to-panel@jderose9.github.com/locale/ka:
config/includes.chroot: total 4
config/includes.chroot: drwxrwxr-x 2 siam siam 4096 জুলাই     22 18:06 LC_MESSAGES
config/includes.chroot: 
config/includes.chroot: config/includes.chroot/usr/share/gnome-shell/extensions/dash-to-panel@jderose9.github.com/locale/ka/LC_MESSAGES:
config/includes.chroot: total 48
config/includes.chroot: -rw-rw-r-- 1 siam siam 46283 জুলাই     22 18:06 dash-to-panel.mo
config/includes.chroot: 
config/includes.chroot: config/includes.chroot/usr/share/gnome-shell/extensions/dash-to-panel@jderose9.github.com/locale/kk:
config/includes.chroot: total 4
config/includes.chroot: drwxrwxr-x 2 siam siam 4096 জুলাই     22 18:06 LC_MESSAGES
config/includes.chroot: 
config/includes.chroot: config/includes.chroot/usr/share/gnome-shell/extensions/dash-to-panel@jderose9.github.com/locale/kk/LC_MESSAGES:
config/includes.chroot: total 12
config/includes.chroot: -rw-rw-r-- 1 siam siam 10823 জুলাই     22 18:06 dash-to-panel.mo
config/includes.chroot: 
config/includes.chroot: config/includes.chroot/usr/share/gnome-shell/extensions/dash-to-panel@jderose9.github.com/locale/ko:
config/includes.chroot: total 4
config/includes.chroot: drwxrwxr-x 2 siam siam 4096 জুলাই     22 18:06 LC_MESSAGES
config/includes.chroot: 
config/includes.chroot: config/includes.chroot/usr/share/gnome-shell/extensions/dash-to-panel@jderose9.github.com/locale/ko/LC_MESSAGES:
config/includes.chroot: total 24
config/includes.chroot: -rw-rw-r-- 1 siam siam 21724 জুলাই     22 18:06 dash-to-panel.mo
config/includes.chroot: 
config/includes.chroot: config/includes.chroot/usr/share/gnome-shell/extensions/dash-to-panel@jderose9.github.com/locale/nl:
config/includes.chroot: total 4
config/includes.chroot: drwxrwxr-x 2 siam siam 4096 জুলাই     22 18:06 LC_MESSAGES
config/includes.chroot: 
config/includes.chroot: config/includes.chroot/usr/share/gnome-shell/extensions/dash-to-panel@jderose9.github.com/locale/nl/LC_MESSAGES:
config/includes.chroot: total 20
config/includes.chroot: -rw-rw-r-- 1 siam siam 17138 জুলাই     22 18:06 dash-to-panel.mo
config/includes.chroot: 
config/includes.chroot: config/includes.chroot/usr/share/gnome-shell/extensions/dash-to-panel@jderose9.github.com/locale/pl:
config/includes.chroot: total 4
config/includes.chroot: drwxrwxr-x 2 siam siam 4096 জুলাই     22 18:06 LC_MESSAGES
config/includes.chroot: 
config/includes.chroot: config/includes.chroot/usr/share/gnome-shell/extensions/dash-to-panel@jderose9.github.com/locale/pl/LC_MESSAGES:
config/includes.chroot: total 76
config/includes.chroot: -rw-rw-r-- 1 siam siam 75209 জুলাই     22 18:06 dash-to-panel.mo
config/includes.chroot: 
config/includes.chroot: config/includes.chroot/usr/share/gnome-shell/extensions/dash-to-panel@jderose9.github.com/locale/pt_BR:
config/includes.chroot: total 4
config/includes.chroot: drwxrwxr-x 2 siam siam 4096 জুলাই     22 18:06 LC_MESSAGES
config/includes.chroot: 
config/includes.chroot: config/includes.chroot/usr/share/gnome-shell/extensions/dash-to-panel@jderose9.github.com/locale/pt_BR/LC_MESSAGES:
config/includes.chroot: total 20
config/includes.chroot: -rw-rw-r-- 1 siam siam 16502 জুলাই     22 18:06 dash-to-panel.mo
config/includes.chroot: 
config/includes.chroot: config/includes.chroot/usr/share/gnome-shell/extensions/dash-to-panel@jderose9.github.com/locale/ru:
config/includes.chroot: total 4
config/includes.chroot: drwxrwxr-x 2 siam siam 4096 জুলাই     22 18:06 LC_MESSAGES
config/includes.chroot: 
config/includes.chroot: config/includes.chroot/usr/share/gnome-shell/extensions/dash-to-panel@jderose9.github.com/locale/ru/LC_MESSAGES:
config/includes.chroot: total 40
config/includes.chroot: -rw-rw-r-- 1 siam siam 36944 জুলাই     22 18:06 dash-to-panel.mo
config/includes.chroot: 
config/includes.chroot: config/includes.chroot/usr/share/gnome-shell/extensions/dash-to-panel@jderose9.github.com/locale/sk:
config/includes.chroot: total 4
config/includes.chroot: drwxrwxr-x 2 siam siam 4096 জুলাই     22 18:06 LC_MESSAGES
config/includes.chroot: 
config/includes.chroot: config/includes.chroot/usr/share/gnome-shell/extensions/dash-to-panel@jderose9.github.com/locale/sk/LC_MESSAGES:
config/includes.chroot: total 32
config/includes.chroot: -rw-rw-r-- 1 siam siam 28751 জুলাই     22 18:06 dash-to-panel.mo
config/includes.chroot: 
config/includes.chroot: config/includes.chroot/usr/share/gnome-shell/extensions/dash-to-panel@jderose9.github.com/locale/sv:
config/includes.chroot: total 4
config/includes.chroot: drwxrwxr-x 2 siam siam 4096 জুলাই     22 18:06 LC_MESSAGES
config/includes.chroot: 
config/includes.chroot: config/includes.chroot/usr/share/gnome-shell/extensions/dash-to-panel@jderose9.github.com/locale/sv/LC_MESSAGES:
config/includes.chroot: total 20
config/includes.chroot: -rw-rw-r-- 1 siam siam 17499 জুলাই     22 18:06 dash-to-panel.mo
config/includes.chroot: 
config/includes.chroot: config/includes.chroot/usr/share/gnome-shell/extensions/dash-to-panel@jderose9.github.com/locale/tr:
config/includes.chroot: total 4
config/includes.chroot: drwxrwxr-x 2 siam siam 4096 জুলাই     22 18:06 LC_MESSAGES
config/includes.chroot: 
config/includes.chroot: config/includes.chroot/usr/share/gnome-shell/extensions/dash-to-panel@jderose9.github.com/locale/tr/LC_MESSAGES:
config/includes.chroot: total 32
config/includes.chroot: -rw-rw-r-- 1 siam siam 30572 জুলাই     22 18:06 dash-to-panel.mo
config/includes.chroot: 
config/includes.chroot: config/includes.chroot/usr/share/gnome-shell/extensions/dash-to-panel@jderose9.github.com/locale/uk:
config/includes.chroot: total 4
config/includes.chroot: drwxrwxr-x 2 siam siam 4096 জুলাই     22 18:06 LC_MESSAGES
config/includes.chroot: 
config/includes.chroot: config/includes.chroot/usr/share/gnome-shell/extensions/dash-to-panel@jderose9.github.com/locale/uk/LC_MESSAGES:
config/includes.chroot: total 36
config/includes.chroot: -rw-rw-r-- 1 siam siam 36033 জুলাই     22 18:06 dash-to-panel.mo
config/includes.chroot: 
config/includes.chroot: config/includes.chroot/usr/share/gnome-shell/extensions/dash-to-panel@jderose9.github.com/locale/zh_CN:
config/includes.chroot: total 4
config/includes.chroot: drwxrwxr-x 2 siam siam 4096 জুলাই     22 18:06 LC_MESSAGES
config/includes.chroot: 
config/includes.chroot: config/includes.chroot/usr/share/gnome-shell/extensions/dash-to-panel@jderose9.github.com/locale/zh_CN/LC_MESSAGES:
config/includes.chroot: total 20
config/includes.chroot: -rw-rw-r-- 1 siam siam 19556 জুলাই     22 18:06 dash-to-panel.mo
config/includes.chroot: 
config/includes.chroot: config/includes.chroot/usr/share/gnome-shell/extensions/dash-to-panel@jderose9.github.com/locale/zh_TW:
config/includes.chroot: total 4
config/includes.chroot: drwxrwxr-x 2 siam siam 4096 জুলাই     22 18:06 LC_MESSAGES
config/includes.chroot: 
config/includes.chroot: config/includes.chroot/usr/share/gnome-shell/extensions/dash-to-panel@jderose9.github.com/locale/zh_TW/LC_MESSAGES:
config/includes.chroot: total 16
config/includes.chroot: -rw-rw-r-- 1 siam siam 14647 জুলাই     22 18:06 dash-to-panel.mo
config/includes.chroot: 
config/includes.chroot: config/includes.chroot/usr/share/gnome-shell/extensions/dash-to-panel@jderose9.github.com/schemas:
config/includes.chroot: total 84
config/includes.chroot: -rw-rw-r-- 1 siam siam 19684 জুলাই     22 18:06 gschemas.compiled
config/includes.chroot: -rw-rw-r-- 1 siam siam 63430 জুলাই     22 18:06 org.gnome.shell.extensions.dash-to-panel.gschema.xml
config/includes.chroot: 
config/includes.chroot: config/includes.chroot/usr/share/gnome-shell/extensions/dash-to-panel@jderose9.github.com/ui:
config/includes.chroot: total 200
config/includes.chroot: -rw-rw-r-- 1 siam siam  7689 জুলাই     22 18:06 BoxAnimateAppIconHoverOptions.ui
config/includes.chroot: -rw-rw-r-- 1 siam siam  9744 জুলাই     22 18:06 BoxDotOptions.ui
config/includes.chroot: -rw-rw-r-- 1 siam siam  3941 জুলাই     22 18:06 BoxDynamicOpacityOptions.ui
config/includes.chroot: -rw-rw-r-- 1 siam siam  5948 জুলাই     22 18:06 BoxGroupAppsOptions.ui
config/includes.chroot: -rw-rw-r-- 1 siam siam  2839 জুলাই     22 18:06 BoxHighlightAppIconHoverOptions.ui
config/includes.chroot: -rw-rw-r-- 1 siam siam 14544 জুলাই     22 18:06 BoxIntellihideOptions.ui
config/includes.chroot: -rw-rw-r-- 1 siam siam  1313 জুলাই     22 18:06 BoxIsolateMonitorsOptions.ui
config/includes.chroot: -rw-rw-r-- 1 siam siam  1385 জুলাই     22 18:06 BoxIsolateWorkspacesOptions.ui
config/includes.chroot: -rw-rw-r-- 1 siam siam  4756 জুলাই     22 18:06 BoxMiddleClickOptions.ui
config/includes.chroot: -rw-rw-r-- 1 siam siam  5354 জুলাই     22 18:06 BoxOverlayShortcut.ui
config/includes.chroot: -rw-rw-r-- 1 siam siam  1678 জুলাই     22 18:06 BoxScrollIconOptions.ui
config/includes.chroot: -rw-rw-r-- 1 siam siam  2218 জুলাই     22 18:06 BoxScrollPanelOptions.ui
config/includes.chroot: -rw-rw-r-- 1 siam siam  1546 জুলাই     22 18:06 BoxSecondaryMenuOptions.ui
config/includes.chroot: -rw-rw-r-- 1 siam siam  3081 জুলাই     22 18:06 BoxShowApplicationsOptions.ui
config/includes.chroot: -rw-rw-r-- 1 siam siam  4802 জুলাই     22 18:06 BoxShowDesktopOptions.ui
config/includes.chroot: -rw-rw-r-- 1 siam siam 22034 জুলাই     22 18:06 BoxWindowPreviewOptions.ui
config/includes.chroot: -rw-rw-r-- 1 siam siam  5292 জুলাই     22 18:06 SettingsAbout.ui
config/includes.chroot: -rw-rw-r-- 1 siam siam  9131 জুলাই     22 18:06 SettingsAction.ui
config/includes.chroot: -rw-rw-r-- 1 siam siam  7763 জুলাই     22 18:06 SettingsBehavior.ui
config/includes.chroot: -rw-rw-r-- 1 siam siam  8760 জুলাই     22 18:06 SettingsFineTune.ui
config/includes.chroot: -rw-rw-r-- 1 siam siam  9974 জুলাই     22 18:06 SettingsPosition.ui
config/includes.chroot: -rw-rw-r-- 1 siam siam 23026 জুলাই     22 18:06 SettingsStyle.ui
config/includes.chroot: 
config/includes.chroot: config/includes.chroot/usr/share/gnome-shell/extensions/date-menu-formatter@marcinjakubowski.github.com:
config/includes.chroot: total 48
config/includes.chroot: -rw-rw-r-- 1 siam siam 10756 জুলাই     22 18:06 extension.js
config/includes.chroot: drwxrwxr-x 2 siam siam  4096 জুলাই     22 18:06 formatters
config/includes.chroot: drwxrwxr-x 2 siam siam  4096 জুলাই     22 18:06 lib
config/includes.chroot: -rw-rw-r-- 1 siam siam   994 জুলাই     22 18:06 metadata.json
config/includes.chroot: -rw-rw-r-- 1 siam siam 16005 জুলাই     22 18:06 prefs.js
config/includes.chroot: drwxrwxr-x 2 siam siam  4096 জুলাই     22 18:06 schemas
config/includes.chroot: drwxrwxr-x 2 siam siam  4096 জুলাই     22 18:06 utils
config/includes.chroot: 
config/includes.chroot: config/includes.chroot/usr/share/gnome-shell/extensions/date-menu-formatter@marcinjakubowski.github.com/formatters:
config/includes.chroot: total 12
config/includes.chroot: -rw-rw-r-- 1 siam siam 2608 জুলাই     22 18:06 01_luxon.js
config/includes.chroot: -rw-rw-r-- 1 siam siam 1834 জুলাই     22 18:06 02_original.js
config/includes.chroot: -rw-rw-r-- 1 siam siam 1245 জুলাই     22 18:06 03_swatch.js
config/includes.chroot: 
config/includes.chroot: config/includes.chroot/usr/share/gnome-shell/extensions/date-menu-formatter@marcinjakubowski.github.com/lib:
config/includes.chroot: total 260
config/includes.chroot: -rw-rw-r-- 1 siam siam   3870 জুলাই     22 18:06 importDir.js
config/includes.chroot: -rw-rw-r-- 1 siam siam 245574 জুলাই     22 18:06 luxon.js
config/includes.chroot: -rw-rw-r-- 1 siam siam  16285 জুলাই     22 18:06 SimpleDateFormat.js
config/includes.chroot: 
config/includes.chroot: config/includes.chroot/usr/share/gnome-shell/extensions/date-menu-formatter@marcinjakubowski.github.com/schemas:
config/includes.chroot: total 8
config/includes.chroot: -rw-rw-r-- 1 siam siam 1076 জুলাই     22 18:06 gschemas.compiled
config/includes.chroot: -rw-rw-r-- 1 siam siam 3298 জুলাই     22 18:06 org.gnome.shell.extensions.date-menu-formatter.gschema.xml
config/includes.chroot: 
config/includes.chroot: config/includes.chroot/usr/share/gnome-shell/extensions/date-menu-formatter@marcinjakubowski.github.com/utils:
config/includes.chroot: total 16
config/includes.chroot: -rw-rw-r-- 1 siam siam 3072 জুলাই     22 18:06 formatter.js
config/includes.chroot: -rw-rw-r-- 1 siam siam 1288 জুলাই     22 18:06 general.js
config/includes.chroot: -rw-rw-r-- 1 siam siam 1667 জুলাই     22 18:06 markup.js
config/includes.chroot: -rw-rw-r-- 1 siam siam  666 জুলাই     22 18:06 prefFields.js
config/includes.chroot: 
config/includes.chroot: config/includes.chroot/usr/share/gnome-shell/extensions/gsconnect@andyholmes.github.io:
config/includes.chroot: total 144
config/includes.chroot: -rw-r--r--  1 siam siam   894 মে        1 11:33 config.js
config/includes.chroot: -rw-r--r--  1 siam siam 13470 নভেম্বর   17  2025 extension.js
config/includes.chroot: -rwxr-xr-x  1 siam siam   557 মার্চ      8 00:23 gsconnect-preferences
config/includes.chroot: -rw-r--r--  1 siam siam  2929 মার্চ      8 00:23 gsconnect-preferences.js
config/includes.chroot: drwxr-xr-x 38 siam siam  4096 মে        1 11:34 locale
config/includes.chroot: -rw-------  1 siam siam   810 মে        1 05:36 metadata.json
config/includes.chroot: -rw-r--r--  1 siam siam  6699 নভেম্বর   17  2025 nautilus-gsconnect.py
config/includes.chroot: -rw-r--r--  1 siam siam 60692 মার্চ      8 00:24 org.gnome.Shell.Extensions.GSConnect.gresource
config/includes.chroot: drwxr-xr-x  2 siam siam  4096 মে        1 11:34 preferences
config/includes.chroot: -rw-r--r--  1 siam siam  1029 মার্চ      8 00:23 prefs.js
config/includes.chroot: drwxr-xr-x  2 siam siam  4096 জুলাই     18 17:27 schemas
config/includes.chroot: drwxr-xr-x  7 siam siam  4096 মে        1 11:34 service
config/includes.chroot: drwxr-xr-x  2 siam siam  4096 মে        1 11:34 shell
config/includes.chroot: -rw-r--r--  1 siam siam  2473 নভেম্বর   17  2025 stylesheet.css
config/includes.chroot: drwxr-xr-x  2 siam siam  4096 মে        1 11:34 utils
config/includes.chroot: -rw-r--r--  1 siam siam  9267 মার্চ     28 15:37 wl_clipboard.js
config/includes.chroot: 
config/includes.chroot: config/includes.chroot/usr/share/gnome-shell/extensions/gsconnect@andyholmes.github.io/locale:
config/includes.chroot: total 144
config/includes.chroot: drwxr-xr-x 3 siam siam 4096 মে        1 11:34 ar
config/includes.chroot: drwxr-xr-x 3 siam siam 4096 মে        1 11:34 be
config/includes.chroot: drwxr-xr-x 3 siam siam 4096 মে        1 11:34 bg
config/includes.chroot: drwxr-xr-x 3 siam siam 4096 মে        1 11:34 ca
config/includes.chroot: drwxr-xr-x 3 siam siam 4096 মে        1 11:34 cs
config/includes.chroot: drwxr-xr-x 3 siam siam 4096 মে        1 11:34 da
config/includes.chroot: drwxr-xr-x 3 siam siam 4096 মে        1 11:34 de
config/includes.chroot: drwxr-xr-x 3 siam siam 4096 মে        1 11:34 el
config/includes.chroot: drwxr-xr-x 3 siam siam 4096 মে        1 11:34 es
config/includes.chroot: drwxr-xr-x 3 siam siam 4096 মে        1 11:34 et
config/includes.chroot: drwxr-xr-x 3 siam siam 4096 মে        1 11:34 fa
config/includes.chroot: drwxr-xr-x 3 siam siam 4096 মে        1 11:34 fi
config/includes.chroot: drwxr-xr-x 3 siam siam 4096 মে        1 11:34 fr
config/includes.chroot: drwxr-xr-x 3 siam siam 4096 মে        1 11:34 fy
config/includes.chroot: drwxr-xr-x 3 siam siam 4096 মে        1 11:34 gl
config/includes.chroot: drwxr-xr-x 3 siam siam 4096 মে        1 11:34 he
config/includes.chroot: drwxr-xr-x 3 siam siam 4096 মে        1 11:34 hu
config/includes.chroot: drwxr-xr-x 3 siam siam 4096 মে        1 11:34 id
config/includes.chroot: drwxr-xr-x 3 siam siam 4096 মে        1 11:34 it
config/includes.chroot: drwxr-xr-x 3 siam siam 4096 মে        1 11:34 ko
config/includes.chroot: drwxr-xr-x 3 siam siam 4096 মে        1 11:34 lt
config/includes.chroot: drwxr-xr-x 3 siam siam 4096 মে        1 11:34 nl
config/includes.chroot: drwxr-xr-x 3 siam siam 4096 মে        1 11:34 nl_BE
config/includes.chroot: drwxr-xr-x 3 siam siam 4096 মে        1 11:34 pl
config/includes.chroot: drwxr-xr-x 3 siam siam 4096 মে        1 11:34 pt
config/includes.chroot: drwxr-xr-x 3 siam siam 4096 মে        1 11:34 pt_BR
config/includes.chroot: drwxr-xr-x 3 siam siam 4096 মে        1 11:34 ro
config/includes.chroot: drwxr-xr-x 3 siam siam 4096 মে        1 11:34 ru
config/includes.chroot: drwxr-xr-x 3 siam siam 4096 মে        1 11:34 sk
config/includes.chroot: drwxr-xr-x 3 siam siam 4096 মে        1 11:34 sr
config/includes.chroot: drwxr-xr-x 3 siam siam 4096 মে        1 11:34 sr@latin
config/includes.chroot: drwxr-xr-x 3 siam siam 4096 মে        1 11:34 sv
config/includes.chroot: drwxr-xr-x 3 siam siam 4096 মে        1 11:34 tr
config/includes.chroot: drwxr-xr-x 3 siam siam 4096 মে        1 11:34 uk
config/includes.chroot: drwxr-xr-x 3 siam siam 4096 মে        1 11:34 zh_CN
config/includes.chroot: drwxr-xr-x 3 siam siam 4096 মে        1 11:34 zh_TW
config/includes.chroot: 
config/includes.chroot: config/includes.chroot/usr/share/gnome-shell/extensions/gsconnect@andyholmes.github.io/locale/ar:
config/includes.chroot: total 4
config/includes.chroot: drwxr-xr-x 2 siam siam 4096 মে        1 11:34 LC_MESSAGES
config/includes.chroot: 
config/includes.chroot: config/includes.chroot/usr/share/gnome-shell/extensions/gsconnect@andyholmes.github.io/locale/ar/LC_MESSAGES:
config/includes.chroot: total 24
config/includes.chroot: -rw-r--r-- 1 siam siam 20573 নভেম্বর   17  2025 org.gnome.Shell.Extensions.GSConnect.mo
config/includes.chroot: 
config/includes.chroot: config/includes.chroot/usr/share/gnome-shell/extensions/gsconnect@andyholmes.github.io/locale/be:
config/includes.chroot: total 4
config/includes.chroot: drwxr-xr-x 2 siam siam 4096 মে        1 11:34 LC_MESSAGES
config/includes.chroot: 
config/includes.chroot: config/includes.chroot/usr/share/gnome-shell/extensions/gsconnect@andyholmes.github.io/locale/be/LC_MESSAGES:
config/includes.chroot: total 24
config/includes.chroot: -rw-r--r-- 1 siam siam 20907 নভেম্বর   17  2025 org.gnome.Shell.Extensions.GSConnect.mo
config/includes.chroot: 
config/includes.chroot: config/includes.chroot/usr/share/gnome-shell/extensions/gsconnect@andyholmes.github.io/locale/bg:
config/includes.chroot: total 4
config/includes.chroot: drwxr-xr-x 2 siam siam 4096 মে        1 11:34 LC_MESSAGES
config/includes.chroot: 
config/includes.chroot: config/includes.chroot/usr/share/gnome-shell/extensions/gsconnect@andyholmes.github.io/locale/bg/LC_MESSAGES:
config/includes.chroot: total 28
config/includes.chroot: -rw-r--r-- 1 siam siam 25266 নভেম্বর   17  2025 org.gnome.Shell.Extensions.GSConnect.mo
config/includes.chroot: 
config/includes.chroot: config/includes.chroot/usr/share/gnome-shell/extensions/gsconnect@andyholmes.github.io/locale/ca:
config/includes.chroot: total 4
config/includes.chroot: drwxr-xr-x 2 siam siam 4096 মে        1 11:34 LC_MESSAGES
config/includes.chroot: 
config/includes.chroot: config/includes.chroot/usr/share/gnome-shell/extensions/gsconnect@andyholmes.github.io/locale/ca/LC_MESSAGES:
config/includes.chroot: total 16
config/includes.chroot: -rw-r--r-- 1 siam siam 14189 নভেম্বর   17  2025 org.gnome.Shell.Extensions.GSConnect.mo
config/includes.chroot: 
config/includes.chroot: config/includes.chroot/usr/share/gnome-shell/extensions/gsconnect@andyholmes.github.io/locale/cs:
config/includes.chroot: total 4
config/includes.chroot: drwxr-xr-x 2 siam siam 4096 মে        1 11:34 LC_MESSAGES
config/includes.chroot: 
config/includes.chroot: config/includes.chroot/usr/share/gnome-shell/extensions/gsconnect@andyholmes.github.io/locale/cs/LC_MESSAGES:
config/includes.chroot: total 20
config/includes.chroot: -rw-r--r-- 1 siam siam 18388 নভেম্বর   17  2025 org.gnome.Shell.Extensions.GSConnect.mo
config/includes.chroot: 
config/includes.chroot: config/includes.chroot/usr/share/gnome-shell/extensions/gsconnect@andyholmes.github.io/locale/da:
config/includes.chroot: total 4
config/includes.chroot: drwxr-xr-x 2 siam siam 4096 মে        1 11:34 LC_MESSAGES
config/includes.chroot: 
config/includes.chroot: config/includes.chroot/usr/share/gnome-shell/extensions/gsconnect@andyholmes.github.io/locale/da/LC_MESSAGES:
config/includes.chroot: total 16
config/includes.chroot: -rw-r--r-- 1 siam siam 12381 নভেম্বর   17  2025 org.gnome.Shell.Extensions.GSConnect.mo
config/includes.chroot: 
config/includes.chroot: config/includes.chroot/usr/share/gnome-shell/extensions/gsconnect@andyholmes.github.io/locale/de:
config/includes.chroot: total 4
config/includes.chroot: drwxr-xr-x 2 siam siam 4096 মে        1 11:34 LC_MESSAGES
config/includes.chroot: 
config/includes.chroot: config/includes.chroot/usr/share/gnome-shell/extensions/gsconnect@andyholmes.github.io/locale/de/LC_MESSAGES:
config/includes.chroot: total 20
config/includes.chroot: -rw-r--r-- 1 siam siam 19703 নভেম্বর   17  2025 org.gnome.Shell.Extensions.GSConnect.mo
config/includes.chroot: 
config/includes.chroot: config/includes.chroot/usr/share/gnome-shell/extensions/gsconnect@andyholmes.github.io/locale/el:
config/includes.chroot: total 4
config/includes.chroot: drwxr-xr-x 2 siam siam 4096 মে        1 11:34 LC_MESSAGES
config/includes.chroot: 
config/includes.chroot: config/includes.chroot/usr/share/gnome-shell/extensions/gsconnect@andyholmes.github.io/locale/el/LC_MESSAGES:
config/includes.chroot: total 24
config/includes.chroot: -rw-r--r-- 1 siam siam 23676 নভেম্বর   17  2025 org.gnome.Shell.Extensions.GSConnect.mo
config/includes.chroot: 
config/includes.chroot: config/includes.chroot/usr/share/gnome-shell/extensions/gsconnect@andyholmes.github.io/locale/es:
config/includes.chroot: total 4
config/includes.chroot: drwxr-xr-x 2 siam siam 4096 মে        1 11:34 LC_MESSAGES
config/includes.chroot: 
config/includes.chroot: config/includes.chroot/usr/share/gnome-shell/extensions/gsconnect@andyholmes.github.io/locale/es/LC_MESSAGES:
config/includes.chroot: total 20
config/includes.chroot: -rw-r--r-- 1 siam siam 18404 নভেম্বর   17  2025 org.gnome.Shell.Extensions.GSConnect.mo
config/includes.chroot: 
config/includes.chroot: config/includes.chroot/usr/share/gnome-shell/extensions/gsconnect@andyholmes.github.io/locale/et:
config/includes.chroot: total 4
config/includes.chroot: drwxr-xr-x 2 siam siam 4096 মে        1 11:34 LC_MESSAGES
config/includes.chroot: 
config/includes.chroot: config/includes.chroot/usr/share/gnome-shell/extensions/gsconnect@andyholmes.github.io/locale/et/LC_MESSAGES:
config/includes.chroot: total 16
config/includes.chroot: -rw-r--r-- 1 siam siam 15709 নভেম্বর   17  2025 org.gnome.Shell.Extensions.GSConnect.mo
config/includes.chroot: 
config/includes.chroot: config/includes.chroot/usr/share/gnome-shell/extensions/gsconnect@andyholmes.github.io/locale/fa:
config/includes.chroot: total 4
config/includes.chroot: drwxr-xr-x 2 siam siam 4096 মে        1 11:34 LC_MESSAGES
config/includes.chroot: 
config/includes.chroot: config/includes.chroot/usr/share/gnome-shell/extensions/gsconnect@andyholmes.github.io/locale/fa/LC_MESSAGES:
config/includes.chroot: total 24
config/includes.chroot: -rw-r--r-- 1 siam siam 22518 নভেম্বর   17  2025 org.gnome.Shell.Extensions.GSConnect.mo
config/includes.chroot: 
config/includes.chroot: config/includes.chroot/usr/share/gnome-shell/extensions/gsconnect@andyholmes.github.io/locale/fi:
config/includes.chroot: total 4
config/includes.chroot: drwxr-xr-x 2 siam siam 4096 মে        1 11:34 LC_MESSAGES
config/includes.chroot: 
config/includes.chroot: config/includes.chroot/usr/share/gnome-shell/extensions/gsconnect@andyholmes.github.io/locale/fi/LC_MESSAGES:
config/includes.chroot: total 20
config/includes.chroot: -rw-r--r-- 1 siam siam 18121 নভেম্বর   17  2025 org.gnome.Shell.Extensions.GSConnect.mo
config/includes.chroot: 
config/includes.chroot: config/includes.chroot/usr/share/gnome-shell/extensions/gsconnect@andyholmes.github.io/locale/fr:
config/includes.chroot: total 4
config/includes.chroot: drwxr-xr-x 2 siam siam 4096 মে        1 11:34 LC_MESSAGES
config/includes.chroot: 
config/includes.chroot: config/includes.chroot/usr/share/gnome-shell/extensions/gsconnect@andyholmes.github.io/locale/fr/LC_MESSAGES:
config/includes.chroot: total 20
config/includes.chroot: -rw-r--r-- 1 siam siam 18503 নভেম্বর   17  2025 org.gnome.Shell.Extensions.GSConnect.mo
config/includes.chroot: 
config/includes.chroot: config/includes.chroot/usr/share/gnome-shell/extensions/gsconnect@andyholmes.github.io/locale/fy:
config/includes.chroot: total 4
config/includes.chroot: drwxr-xr-x 2 siam siam 4096 মে        1 11:34 LC_MESSAGES
config/includes.chroot: 
config/includes.chroot: config/includes.chroot/usr/share/gnome-shell/extensions/gsconnect@andyholmes.github.io/locale/fy/LC_MESSAGES:
config/includes.chroot: total 16
config/includes.chroot: -rw-r--r-- 1 siam siam 13880 নভেম্বর   17  2025 org.gnome.Shell.Extensions.GSConnect.mo
config/includes.chroot: 
config/includes.chroot: config/includes.chroot/usr/share/gnome-shell/extensions/gsconnect@andyholmes.github.io/locale/gl:
config/includes.chroot: total 4
config/includes.chroot: drwxr-xr-x 2 siam siam 4096 মে        1 11:34 LC_MESSAGES
config/includes.chroot: 
config/includes.chroot: config/includes.chroot/usr/share/gnome-shell/extensions/gsconnect@andyholmes.github.io/locale/gl/LC_MESSAGES:
config/includes.chroot: total 16
config/includes.chroot: -rw-r--r-- 1 siam siam 14267 নভেম্বর   17  2025 org.gnome.Shell.Extensions.GSConnect.mo
config/includes.chroot: 
config/includes.chroot: config/includes.chroot/usr/share/gnome-shell/extensions/gsconnect@andyholmes.github.io/locale/he:
config/includes.chroot: total 4
config/includes.chroot: drwxr-xr-x 2 siam siam 4096 মে        1 11:34 LC_MESSAGES
config/includes.chroot: 
config/includes.chroot: config/includes.chroot/usr/share/gnome-shell/extensions/gsconnect@andyholmes.github.io/locale/he/LC_MESSAGES:
config/includes.chroot: total 20
config/includes.chroot: -rw-r--r-- 1 siam siam 19433 নভেম্বর   17  2025 org.gnome.Shell.Extensions.GSConnect.mo
config/includes.chroot: 
config/includes.chroot: config/includes.chroot/usr/share/gnome-shell/extensions/gsconnect@andyholmes.github.io/locale/hu:
config/includes.chroot: total 4
config/includes.chroot: drwxr-xr-x 2 siam siam 4096 মে        1 11:34 LC_MESSAGES
config/includes.chroot: 
config/includes.chroot: config/includes.chroot/usr/share/gnome-shell/extensions/gsconnect@andyholmes.github.io/locale/hu/LC_MESSAGES:
config/includes.chroot: total 20
config/includes.chroot: -rw-r--r-- 1 siam siam 20310 নভেম্বর   17  2025 org.gnome.Shell.Extensions.GSConnect.mo
config/includes.chroot: 
config/includes.chroot: config/includes.chroot/usr/share/gnome-shell/extensions/gsconnect@andyholmes.github.io/locale/id:
config/includes.chroot: total 4
config/includes.chroot: drwxr-xr-x 2 siam siam 4096 মে        1 11:34 LC_MESSAGES
config/includes.chroot: 
config/includes.chroot: config/includes.chroot/usr/share/gnome-shell/extensions/gsconnect@andyholmes.github.io/locale/id/LC_MESSAGES:
config/includes.chroot: total 12
config/includes.chroot: -rw-r--r-- 1 siam siam 11283 নভেম্বর   17  2025 org.gnome.Shell.Extensions.GSConnect.mo
config/includes.chroot: 
config/includes.chroot: config/includes.chroot/usr/share/gnome-shell/extensions/gsconnect@andyholmes.github.io/locale/it:
config/includes.chroot: total 4
config/includes.chroot: drwxr-xr-x 2 siam siam 4096 মে        1 11:34 LC_MESSAGES
config/includes.chroot: 
config/includes.chroot: config/includes.chroot/usr/share/gnome-shell/extensions/gsconnect@andyholmes.github.io/locale/it/LC_MESSAGES:
config/includes.chroot: total 20
config/includes.chroot: -rw-r--r-- 1 siam siam 19325 নভেম্বর   17  2025 org.gnome.Shell.Extensions.GSConnect.mo
config/includes.chroot: 
config/includes.chroot: config/includes.chroot/usr/share/gnome-shell/extensions/gsconnect@andyholmes.github.io/locale/ko:
config/includes.chroot: total 4
config/includes.chroot: drwxr-xr-x 2 siam siam 4096 মে        1 11:34 LC_MESSAGES
config/includes.chroot: 
config/includes.chroot: config/includes.chroot/usr/share/gnome-shell/extensions/gsconnect@andyholmes.github.io/locale/ko/LC_MESSAGES:
config/includes.chroot: total 20
config/includes.chroot: -rw-r--r-- 1 siam siam 17467 মার্চ      8 00:24 org.gnome.Shell.Extensions.GSConnect.mo
config/includes.chroot: 
config/includes.chroot: config/includes.chroot/usr/share/gnome-shell/extensions/gsconnect@andyholmes.github.io/locale/lt:
config/includes.chroot: total 4
config/includes.chroot: drwxr-xr-x 2 siam siam 4096 মে        1 11:34 LC_MESSAGES
config/includes.chroot: 
config/includes.chroot: config/includes.chroot/usr/share/gnome-shell/extensions/gsconnect@andyholmes.github.io/locale/lt/LC_MESSAGES:
config/includes.chroot: total 20
config/includes.chroot: -rw-r--r-- 1 siam siam 20126 মার্চ      8 00:24 org.gnome.Shell.Extensions.GSConnect.mo
config/includes.chroot: 
config/includes.chroot: config/includes.chroot/usr/share/gnome-shell/extensions/gsconnect@andyholmes.github.io/locale/nl:
config/includes.chroot: total 4
config/includes.chroot: drwxr-xr-x 2 siam siam 4096 মে        1 11:34 LC_MESSAGES
config/includes.chroot: 
config/includes.chroot: config/includes.chroot/usr/share/gnome-shell/extensions/gsconnect@andyholmes.github.io/locale/nl/LC_MESSAGES:
config/includes.chroot: total 16
config/includes.chroot: -rw-r--r-- 1 siam siam 16111 নভেম্বর   17  2025 org.gnome.Shell.Extensions.GSConnect.mo
config/includes.chroot: 
config/includes.chroot: config/includes.chroot/usr/share/gnome-shell/extensions/gsconnect@andyholmes.github.io/locale/nl_BE:
config/includes.chroot: total 4
config/includes.chroot: drwxr-xr-x 2 siam siam 4096 মে        1 11:34 LC_MESSAGES
config/includes.chroot: 
config/includes.chroot: config/includes.chroot/usr/share/gnome-shell/extensions/gsconnect@andyholmes.github.io/locale/nl_BE/LC_MESSAGES:
config/includes.chroot: total 8
config/includes.chroot: -rw-r--r-- 1 siam siam 7731 নভেম্বর   17  2025 org.gnome.Shell.Extensions.GSConnect.mo
config/includes.chroot: 
config/includes.chroot: config/includes.chroot/usr/share/gnome-shell/extensions/gsconnect@andyholmes.github.io/locale/pl:
config/includes.chroot: total 4
config/includes.chroot: drwxr-xr-x 2 siam siam 4096 মে        1 11:34 LC_MESSAGES
config/includes.chroot: 
config/includes.chroot: config/includes.chroot/usr/share/gnome-shell/extensions/gsconnect@andyholmes.github.io/locale/pl/LC_MESSAGES:
config/includes.chroot: total 20
config/includes.chroot: -rw-r--r-- 1 siam siam 19079 নভেম্বর   17  2025 org.gnome.Shell.Extensions.GSConnect.mo
config/includes.chroot: 
config/includes.chroot: config/includes.chroot/usr/share/gnome-shell/extensions/gsconnect@andyholmes.github.io/locale/pt:
config/includes.chroot: total 4
config/includes.chroot: drwxr-xr-x 2 siam siam 4096 মে        1 11:34 LC_MESSAGES
config/includes.chroot: 
config/includes.chroot: config/includes.chroot/usr/share/gnome-shell/extensions/gsconnect@andyholmes.github.io/locale/pt/LC_MESSAGES:
config/includes.chroot: total 20
config/includes.chroot: -rw-r--r-- 1 siam siam 19880 নভেম্বর   17  2025 org.gnome.Shell.Extensions.GSConnect.mo
config/includes.chroot: 
config/includes.chroot: config/includes.chroot/usr/share/gnome-shell/extensions/gsconnect@andyholmes.github.io/locale/pt_BR:
config/includes.chroot: total 4
config/includes.chroot: drwxr-xr-x 2 siam siam 4096 মে        1 11:34 LC_MESSAGES
config/includes.chroot: 
config/includes.chroot: config/includes.chroot/usr/share/gnome-shell/extensions/gsconnect@andyholmes.github.io/locale/pt_BR/LC_MESSAGES:
config/includes.chroot: total 20
config/includes.chroot: -rw-r--r-- 1 siam siam 18071 নভেম্বর   17  2025 org.gnome.Shell.Extensions.GSConnect.mo
config/includes.chroot: 
config/includes.chroot: config/includes.chroot/usr/share/gnome-shell/extensions/gsconnect@andyholmes.github.io/locale/ro:
config/includes.chroot: total 4
config/includes.chroot: drwxr-xr-x 2 siam siam 4096 মে        1 11:34 LC_MESSAGES
config/includes.chroot: 
config/includes.chroot: config/includes.chroot/usr/share/gnome-shell/extensions/gsconnect@andyholmes.github.io/locale/ro/LC_MESSAGES:
config/includes.chroot: total 20
config/includes.chroot: -rw-r--r-- 1 siam siam 19498 মার্চ      8 00:24 org.gnome.Shell.Extensions.GSConnect.mo
config/includes.chroot: 
config/includes.chroot: config/includes.chroot/usr/share/gnome-shell/extensions/gsconnect@andyholmes.github.io/locale/ru:
config/includes.chroot: total 4
config/includes.chroot: drwxr-xr-x 2 siam siam 4096 মে        1 11:34 LC_MESSAGES
config/includes.chroot: 
config/includes.chroot: config/includes.chroot/usr/share/gnome-shell/extensions/gsconnect@andyholmes.github.io/locale/ru/LC_MESSAGES:
config/includes.chroot: total 28
config/includes.chroot: -rw-r--r-- 1 siam siam 24659 নভেম্বর   17  2025 org.gnome.Shell.Extensions.GSConnect.mo
config/includes.chroot: 
config/includes.chroot: config/includes.chroot/usr/share/gnome-shell/extensions/gsconnect@andyholmes.github.io/locale/sk:
config/includes.chroot: total 4
config/includes.chroot: drwxr-xr-x 2 siam siam 4096 মে        1 11:34 LC_MESSAGES
config/includes.chroot: 
config/includes.chroot: config/includes.chroot/usr/share/gnome-shell/extensions/gsconnect@andyholmes.github.io/locale/sk/LC_MESSAGES:
config/includes.chroot: total 20
config/includes.chroot: -rw-r--r-- 1 siam siam 16898 নভেম্বর   17  2025 org.gnome.Shell.Extensions.GSConnect.mo
config/includes.chroot: 
config/includes.chroot: config/includes.chroot/usr/share/gnome-shell/extensions/gsconnect@andyholmes.github.io/locale/sr:
config/includes.chroot: total 4
config/includes.chroot: drwxr-xr-x 2 siam siam 4096 মে        1 11:34 LC_MESSAGES
config/includes.chroot: 
config/includes.chroot: config/includes.chroot/usr/share/gnome-shell/extensions/gsconnect@andyholmes.github.io/locale/sr/LC_MESSAGES:
config/includes.chroot: total 12
config/includes.chroot: -rw-r--r-- 1 siam siam 8802 নভেম্বর   17  2025 org.gnome.Shell.Extensions.GSConnect.mo
config/includes.chroot: 
config/includes.chroot: config/includes.chroot/usr/share/gnome-shell/extensions/gsconnect@andyholmes.github.io/locale/sr@latin:
config/includes.chroot: total 4
config/includes.chroot: drwxr-xr-x 2 siam siam 4096 মে        1 11:34 LC_MESSAGES
config/includes.chroot: 
config/includes.chroot: config/includes.chroot/usr/share/gnome-shell/extensions/gsconnect@andyholmes.github.io/locale/sr@latin/LC_MESSAGES:
config/includes.chroot: total 12
config/includes.chroot: -rw-r--r-- 1 siam siam 10720 নভেম্বর   17  2025 org.gnome.Shell.Extensions.GSConnect.mo
config/includes.chroot: 
config/includes.chroot: config/includes.chroot/usr/share/gnome-shell/extensions/gsconnect@andyholmes.github.io/locale/sv:
config/includes.chroot: total 4
config/includes.chroot: drwxr-xr-x 2 siam siam 4096 মে        1 11:34 LC_MESSAGES
config/includes.chroot: 
config/includes.chroot: config/includes.chroot/usr/share/gnome-shell/extensions/gsconnect@andyholmes.github.io/locale/sv/LC_MESSAGES:
config/includes.chroot: total 20
config/includes.chroot: -rw-r--r-- 1 siam siam 16488 নভেম্বর   17  2025 org.gnome.Shell.Extensions.GSConnect.mo
config/includes.chroot: 
config/includes.chroot: config/includes.chroot/usr/share/gnome-shell/extensions/gsconnect@andyholmes.github.io/locale/tr:
config/includes.chroot: total 4
config/includes.chroot: drwxr-xr-x 2 siam siam 4096 মে        1 11:34 LC_MESSAGES
config/includes.chroot: 
config/includes.chroot: config/includes.chroot/usr/share/gnome-shell/extensions/gsconnect@andyholmes.github.io/locale/tr/LC_MESSAGES:
config/includes.chroot: total 16
config/includes.chroot: -rw-r--r-- 1 siam siam 15548 নভেম্বর   17  2025 org.gnome.Shell.Extensions.GSConnect.mo
config/includes.chroot: 
config/includes.chroot: config/includes.chroot/usr/share/gnome-shell/extensions/gsconnect@andyholmes.github.io/locale/uk:
config/includes.chroot: total 4
config/includes.chroot: drwxr-xr-x 2 siam siam 4096 মে        1 11:34 LC_MESSAGES
config/includes.chroot: 
config/includes.chroot: config/includes.chroot/usr/share/gnome-shell/extensions/gsconnect@andyholmes.github.io/locale/uk/LC_MESSAGES:
config/includes.chroot: total 28
config/includes.chroot: -rw-r--r-- 1 siam siam 24939 নভেম্বর   17  2025 org.gnome.Shell.Extensions.GSConnect.mo
config/includes.chroot: 
config/includes.chroot: config/includes.chroot/usr/share/gnome-shell/extensions/gsconnect@andyholmes.github.io/locale/zh_CN:
config/includes.chroot: total 4
config/includes.chroot: drwxr-xr-x 2 siam siam 4096 মে        1 11:34 LC_MESSAGES
config/includes.chroot: 
config/includes.chroot: config/includes.chroot/usr/share/gnome-shell/extensions/gsconnect@andyholmes.github.io/locale/zh_CN/LC_MESSAGES:
config/includes.chroot: total 20
config/includes.chroot: -rw-r--r-- 1 siam siam 16514 নভেম্বর   17  2025 org.gnome.Shell.Extensions.GSConnect.mo
config/includes.chroot: 
config/includes.chroot: config/includes.chroot/usr/share/gnome-shell/extensions/gsconnect@andyholmes.github.io/locale/zh_TW:
config/includes.chroot: total 4
config/includes.chroot: drwxr-xr-x 2 siam siam 4096 মে        1 11:34 LC_MESSAGES
config/includes.chroot: 
config/includes.chroot: config/includes.chroot/usr/share/gnome-shell/extensions/gsconnect@andyholmes.github.io/locale/zh_TW/LC_MESSAGES:
config/includes.chroot: total 20
config/includes.chroot: -rw-r--r-- 1 siam siam 16694 নভেম্বর   17  2025 org.gnome.Shell.Extensions.GSConnect.mo
config/includes.chroot: 
config/includes.chroot: config/includes.chroot/usr/share/gnome-shell/extensions/gsconnect@andyholmes.github.io/preferences:
config/includes.chroot: total 76
config/includes.chroot: -rw-r--r-- 1 siam siam 34944 নভেম্বর   17  2025 device.js
config/includes.chroot: -rw-r--r-- 1 siam siam   340 নভেম্বর   17  2025 init.js
config/includes.chroot: -rw-r--r-- 1 siam siam  9185 নভেম্বর   17  2025 keybindings.js
config/includes.chroot: -rw-r--r-- 1 siam siam 20683 নভেম্বর   17  2025 service.js
config/includes.chroot: 
config/includes.chroot: config/includes.chroot/usr/share/gnome-shell/extensions/gsconnect@andyholmes.github.io/schemas:
config/includes.chroot: total 16
config/includes.chroot: -rw-rw-r-- 1 siam siam 5420 জুলাই     18 17:27 gschemas.compiled
config/includes.chroot: -rw-r--r-- 1 siam siam 6277 নভেম্বর   17  2025 org.gnome.Shell.Extensions.GSConnect.gschema.xml
config/includes.chroot: 
config/includes.chroot: config/includes.chroot/usr/share/gnome-shell/extensions/gsconnect@andyholmes.github.io/service:
config/includes.chroot: total 152
config/includes.chroot: drwxr-xr-x 2 siam siam  4096 মে        1 11:34 backends
config/includes.chroot: drwxr-xr-x 2 siam siam  4096 মে        1 11:34 components
config/includes.chroot: -rw-r--r-- 1 siam siam 17987 মার্চ      8 00:23 core.js
config/includes.chroot: -rwxr-xr-x 1 siam siam 24689 মার্চ      8 00:23 daemon.js
config/includes.chroot: -rw-r--r-- 1 siam siam 35127 মার্চ      8 00:23 device.js
config/includes.chroot: -rw-r--r-- 1 siam siam 14900 মার্চ      8 00:23 init.js
config/includes.chroot: -rw-r--r-- 1 siam siam 15767 মার্চ      8 00:23 manager.js
config/includes.chroot: -rwxr-xr-x 1 siam siam  6554 নভেম্বর   17  2025 nativeMessagingHost.js
config/includes.chroot: -rw-r--r-- 1 siam siam  7243 নভেম্বর   17  2025 plugin.js
config/includes.chroot: drwxr-xr-x 2 siam siam  4096 মে        1 11:34 plugins
config/includes.chroot: drwxr-xr-x 2 siam siam  4096 মে        1 11:34 ui
config/includes.chroot: drwxr-xr-x 2 siam siam  4096 মে        1 11:34 utils
config/includes.chroot: 
config/includes.chroot: config/includes.chroot/usr/share/gnome-shell/extensions/gsconnect@andyholmes.github.io/service/backends:
config/includes.chroot: total 32
config/includes.chroot: -rw-r--r-- 1 siam siam 29702 মার্চ      8 00:23 lan.js
config/includes.chroot: 
config/includes.chroot: config/includes.chroot/usr/share/gnome-shell/extensions/gsconnect@andyholmes.github.io/service/components:
config/includes.chroot: total 136
config/includes.chroot: -rw-r--r-- 1 siam siam  9346 নভেম্বর   17  2025 atspi.js
config/includes.chroot: -rw-r--r-- 1 siam siam  6538 নভেম্বর   17  2025 clipboard.js
config/includes.chroot: -rw-r--r-- 1 siam siam 18000 মার্চ      8 00:23 contacts.js
config/includes.chroot: -rw-r--r-- 1 siam siam  2256 মার্চ      8 00:23 index.js
config/includes.chroot: -rw-r--r-- 1 siam siam 13146 নভেম্বর   17  2025 input.js
config/includes.chroot: -rw-r--r-- 1 siam siam 25708 নভেম্বর   17  2025 mpris.js
config/includes.chroot: -rw-r--r-- 1 siam siam 14006 মার্চ     28 15:37 notification.js
config/includes.chroot: -rw-r--r-- 1 siam siam  7129 মার্চ      8 00:23 pulseaudio.js
config/includes.chroot: -rw-r--r-- 1 siam siam  2187 নভেম্বর   17  2025 session.js
config/includes.chroot: -rw-r--r-- 1 siam siam  4832 নভেম্বর   17  2025 sound.js
config/includes.chroot: -rw-r--r-- 1 siam siam  5328 নভেম্বর   17  2025 upower.js
config/includes.chroot: -rw-r--r-- 1 siam siam  3737 নভেম্বর   17  2025 ydotool.js
config/includes.chroot: 
config/includes.chroot: config/includes.chroot/usr/share/gnome-shell/extensions/gsconnect@andyholmes.github.io/service/plugins:
config/includes.chroot: total 208
config/includes.chroot: -rw-r--r-- 1 siam siam 12463 নভেম্বর   17  2025 battery.js
config/includes.chroot: -rw-r--r-- 1 siam siam  5171 নভেম্বর   17  2025 clipboard.js
config/includes.chroot: -rw-r--r-- 1 siam siam  5112 নভেম্বর   17  2025 connectivity_report.js
config/includes.chroot: -rw-r--r-- 1 siam siam 14041 মার্চ      8 00:23 contacts.js
config/includes.chroot: -rw-r--r-- 1 siam siam  6475 নভেম্বর   17  2025 findmyphone.js
config/includes.chroot: -rw-r--r-- 1 siam siam  1080 নভেম্বর   17  2025 index.js
config/includes.chroot: -rw-r--r-- 1 siam siam 10174 মার্চ      8 00:23 mousepad.js
config/includes.chroot: -rw-r--r-- 1 siam siam 26595 নভেম্বর   17  2025 mpris.js
config/includes.chroot: -rw-r--r-- 1 siam siam 22779 নভেম্বর   17  2025 notification.js
config/includes.chroot: -rw-r--r-- 1 siam siam  1844 নভেম্বর   17  2025 ping.js
config/includes.chroot: -rw-r--r-- 1 siam siam  1825 নভেম্বর   17  2025 presenter.js
config/includes.chroot: -rw-r--r-- 1 siam siam  7500 মার্চ      8 00:23 runcommand.js
config/includes.chroot: -rw-r--r-- 1 siam siam 14991 মার্চ     28 15:31 sftp.js
config/includes.chroot: -rw-r--r-- 1 siam siam 16924 নভেম্বর   17  2025 share.js
config/includes.chroot: -rw-r--r-- 1 siam siam 15554 মার্চ      8 00:23 sms.js
config/includes.chroot: -rw-r--r-- 1 siam siam  5769 মার্চ      8 00:23 systemvolume.js
config/includes.chroot: -rw-r--r-- 1 siam siam  7261 নভেম্বর   17  2025 telephony.js
config/includes.chroot: 
config/includes.chroot: config/includes.chroot/usr/share/gnome-shell/extensions/gsconnect@andyholmes.github.io/service/ui:
config/includes.chroot: total 100
config/includes.chroot: -rw-r--r-- 1 siam siam 18384 মার্চ      8 00:23 contacts.js
config/includes.chroot: -rw-r--r-- 1 siam siam  6262 নভেম্বর   17  2025 legacyMessaging.js
config/includes.chroot: -rw-r--r-- 1 siam siam 38825 মার্চ      8 00:23 messaging.js
config/includes.chroot: -rw-r--r-- 1 siam siam 13368 নভেম্বর   17  2025 mousepad.js
config/includes.chroot: -rw-r--r-- 1 siam siam  4588 নভেম্বর   17  2025 notification.js
config/includes.chroot: -rw-r--r-- 1 siam siam  6942 নভেম্বর   17  2025 service.js
config/includes.chroot: 
config/includes.chroot: config/includes.chroot/usr/share/gnome-shell/extensions/gsconnect@andyholmes.github.io/service/utils:
config/includes.chroot: total 24
config/includes.chroot: -rw-r--r-- 1 siam siam 8872 মার্চ     28 15:37 dbus.js
config/includes.chroot: -rw-r--r-- 1 siam siam 1424 নভেম্বর   17  2025 ui.js
config/includes.chroot: -rw-r--r-- 1 siam siam 5678 মার্চ      8 00:23 uri.js
config/includes.chroot: 
config/includes.chroot: config/includes.chroot/usr/share/gnome-shell/extensions/gsconnect@andyholmes.github.io/shell:
config/includes.chroot: total 84
config/includes.chroot: -rw-r--r-- 1 siam siam 11363 মার্চ     28 15:37 clipboard.js
config/includes.chroot: -rw-r--r-- 1 siam siam 11265 নভেম্বর   17  2025 device.js
config/includes.chroot: -rw-r--r-- 1 siam siam 19707 মার্চ      8 00:23 gmenu.js
config/includes.chroot: -rw-r--r-- 1 siam siam  1108 নভেম্বর   17  2025 input.js
config/includes.chroot: -rw-r--r-- 1 siam siam  3330 মার্চ      8 00:23 keybindings.js
config/includes.chroot: -rw-r--r-- 1 siam siam 15573 মে        1 11:32 notification.js
config/includes.chroot: -rw-r--r-- 1 siam siam  8445 নভেম্বর   17  2025 tooltip.js
config/includes.chroot: -rw-r--r-- 1 siam siam  2183 নভেম্বর   17  2025 utils.js
config/includes.chroot: 
config/includes.chroot: config/includes.chroot/usr/share/gnome-shell/extensions/gsconnect@andyholmes.github.io/utils:
config/includes.chroot: total 32
config/includes.chroot: -rw-r--r-- 1 siam siam   277 নভেম্বর   17  2025 exceptions.js
config/includes.chroot: -rw-r--r-- 1 siam siam 14664 নভেম্বর   17  2025 remote.js
config/includes.chroot: -rw-r--r-- 1 siam siam  9181 নভেম্বর   17  2025 setup.js
config/includes.chroot: 
config/includes.chroot: config/includes.chroot/usr/share/gnome-shell/extensions/gtk4-ding@smedius.gitlab.com:
config/includes.chroot: total 112
config/includes.chroot: drwxr-xr-x  3 siam siam  4096 ফেব      21 20:43 app
config/includes.chroot: drwxr-xr-x  2 siam siam  4096 ফেব      21 20:43 dependencies
config/includes.chroot: -rw-r--r--  1 siam siam 34347 ফেব      21 20:43 dingManager.js
config/includes.chroot: -rw-r--r--  1 siam siam 27302 ফেব      21 20:43 emulateX11WindowType.js
config/includes.chroot: -rw-r--r--  1 siam siam   576 ফেব      21 20:43 extension.js
config/includes.chroot: -rw-r--r--  1 siam siam  6310 ফেব      21 20:43 gnomeShellOverride.js
config/includes.chroot: drwxr-xr-x 58 siam siam  4096 ফেব      21 20:43 locale
config/includes.chroot: -rw-------  1 siam siam   607 ফেব      21 14:57 metadata.json
config/includes.chroot: -rw-r--r--  1 siam siam  2647 ফেব      21 20:43 prefs.js
config/includes.chroot: drwxr-xr-x  2 siam siam  4096 জুলাই     18 17:27 schemas
config/includes.chroot: drwxr-xr-x  2 siam siam  4096 ফেব      21 20:43 utils
config/includes.chroot: -rw-r--r--  1 siam siam  6727 ফেব      21 20:43 visibleArea.js
config/includes.chroot: 
config/includes.chroot: config/includes.chroot/usr/share/gnome-shell/extensions/gtk4-ding@smedius.gitlab.com/app:
config/includes.chroot: total 892
config/includes.chroot: -rwxr-xr-x 1 siam siam  21404 ফেব      21 20:43 adw-ding.js
config/includes.chroot: -rw-r--r-- 1 siam siam  32460 ফেব      21 20:43 adwPreferencesWindow.js
config/includes.chroot: -rw-r--r-- 1 siam siam   7995 ফেব      21 20:43 appChooser.js
config/includes.chroot: -rw-r--r-- 1 siam siam   4463 ফেব      21 20:43 appImageFileItem.js
config/includes.chroot: -rw-r--r-- 1 siam siam   6645 ফেব      21 20:43 askRenamePopup.js
config/includes.chroot: -rw-r--r-- 1 siam siam  29036 ফেব      21 20:43 autoAr.js
config/includes.chroot: -rw-r--r-- 1 siam siam  22492 ফেব      21 20:43 com.desktop.ding.data.gresource
config/includes.chroot: -rw-r--r-- 1 siam siam   9498 ফেব      21 20:43 desktopFileIcon.js
config/includes.chroot: -rw-r--r-- 1 siam siam  22175 ফেব      21 20:43 desktopFolderMonitor.js
config/includes.chroot: -rw-r--r-- 1 siam siam 100100 ফেব      21 20:43 desktopGrid.js
config/includes.chroot: -rw-r--r-- 1 siam siam   2364 ফেব      21 20:43 desktopIconFactory.js
config/includes.chroot: -rw-r--r-- 1 siam siam  30954 ফেব      21 20:43 desktopIconItem.js
config/includes.chroot: -rw-r--r-- 1 siam siam  63270 ফেব      21 20:43 desktopManager.js
config/includes.chroot: -rw-r--r-- 1 siam siam  42891 ফেব      21 20:43 desktopMenu.js
config/includes.chroot: -rw-r--r-- 1 siam siam  32572 ফেব      21 20:43 dragManager.js
config/includes.chroot: -rw-r--r-- 1 siam siam   7039 ফেব      21 20:43 enums.js
config/includes.chroot: -rw-r--r-- 1 siam siam  24839 ফেব      21 20:43 fileItemIcon.js
config/includes.chroot: -rw-r--r-- 1 siam siam  52411 ফেব      21 20:43 fileItemMenu.js
config/includes.chroot: -rw-r--r-- 1 siam siam  12567 ফেব      21 20:43 gnomeShellDragDrop.js
config/includes.chroot: -rw-r--r-- 1 siam siam  14092 ফেব      21 20:43 htmlWidgetHost.js
config/includes.chroot: -rw-r--r-- 1 siam siam  17088 ফেব      21 20:43 htmlWidgetHostWithBackend.js
config/includes.chroot: -rw-r--r-- 1 siam siam  35381 ফেব      21 20:43 preferences.js
config/includes.chroot: -rw-r--r-- 1 siam siam  25365 ফেব      21 20:43 shortcutManager.js
config/includes.chroot: -rw-r--r-- 1 siam siam   6354 ফেব      21 20:43 shortcuts.js
config/includes.chroot: -rw-r--r-- 1 siam siam   3526 ফেব      21 20:43 showErrorPopup.js
config/includes.chroot: -rw-r--r-- 1 siam siam   5372 ফেব      21 20:43 specialFolderIcon.js
config/includes.chroot: -rw-r--r-- 1 siam siam   6861 ফেব      21 20:43 stackItem.js
config/includes.chroot: -rw-r--r-- 1 siam siam   6312 ফেব      21 20:43 symLinkIcon.js
config/includes.chroot: -rw-r--r-- 1 siam siam   9164 ফেব      21 20:43 templatesScriptsManager.js
config/includes.chroot: -rw-r--r-- 1 siam siam  15083 ফেব      21 20:43 thumbnails.js
config/includes.chroot: drwxr-xr-x 2 siam siam   4096 ফেব      21 20:43 utils
config/includes.chroot: -rw-r--r-- 1 siam siam   5328 ফেব      21 20:43 volumeIcon.js
config/includes.chroot: -rw-r--r-- 1 siam siam  18148 ফেব      21 20:43 widgetApi.js
config/includes.chroot: -rw-r--r-- 1 siam siam  72178 ফেব      21 20:43 widgetManager.js
config/includes.chroot: -rw-r--r-- 1 siam siam  17554 ফেব      21 20:43 widgetRegistry.js
config/includes.chroot: -rw-r--r-- 1 siam siam  31854 ফেব      21 20:43 widgetWebContext.js
config/includes.chroot: -rw-r--r-- 1 siam siam  19183 ফেব      21 20:43 windowManager.js
config/includes.chroot: 
config/includes.chroot: config/includes.chroot/usr/share/gnome-shell/extensions/gtk4-ding@smedius.gitlab.com/app/utils:
config/includes.chroot: total 120
config/includes.chroot: -rw-r--r-- 1 siam siam  8882 ফেব      21 20:43 dbusInterfaces.js
config/includes.chroot: -rw-r--r-- 1 siam siam 49717 ফেব      21 20:43 dbusUtils.js
config/includes.chroot: -rw-r--r-- 1 siam siam 10724 ফেব      21 20:43 desktopFolderUtils.js
config/includes.chroot: -rw-r--r-- 1 siam siam 32834 ফেব      21 20:43 desktopIconsUtil.js
config/includes.chroot: -rw-r--r-- 1 siam siam  7147 ফেব      21 20:43 gsConnect.js
config/includes.chroot: 
config/includes.chroot: config/includes.chroot/usr/share/gnome-shell/extensions/gtk4-ding@smedius.gitlab.com/dependencies:
config/includes.chroot: total 12
config/includes.chroot: -rw-r--r-- 1 siam siam  144 ফেব      21 20:43 gettext.js
config/includes.chroot: -rw-r--r-- 1 siam siam 2529 ফেব      21 20:43 gi.js
config/includes.chroot: -rw-r--r-- 1 siam siam 2386 ফেব      21 20:43 localFiles.js
config/includes.chroot: 
config/includes.chroot: config/includes.chroot/usr/share/gnome-shell/extensions/gtk4-ding@smedius.gitlab.com/locale:
config/includes.chroot: total 224
config/includes.chroot: drwxr-xr-x 3 siam siam 4096 ফেব      21 20:43 ar
config/includes.chroot: drwxr-xr-x 3 siam siam 4096 ফেব      21 20:43 az
config/includes.chroot: drwxr-xr-x 3 siam siam 4096 ফেব      21 20:43 be
config/includes.chroot: drwxr-xr-x 3 siam siam 4096 ফেব      21 20:43 bg
config/includes.chroot: drwxr-xr-x 3 siam siam 4096 ফেব      21 20:43 bn
config/includes.chroot: drwxr-xr-x 3 siam siam 4096 ফেব      21 20:43 ca
config/includes.chroot: drwxr-xr-x 3 siam siam 4096 ফেব      21 20:43 cs
config/includes.chroot: drwxr-xr-x 3 siam siam 4096 ফেব      21 20:43 da
config/includes.chroot: drwxr-xr-x 3 siam siam 4096 ফেব      21 20:43 de
config/includes.chroot: drwxr-xr-x 3 siam siam 4096 ফেব      21 20:43 el
config/includes.chroot: drwxr-xr-x 3 siam siam 4096 ফেব      21 20:43 eo
config/includes.chroot: drwxr-xr-x 3 siam siam 4096 ফেব      21 20:43 es
config/includes.chroot: drwxr-xr-x 3 siam siam 4096 ফেব      21 20:43 et
config/includes.chroot: drwxr-xr-x 3 siam siam 4096 ফেব      21 20:43 eu
config/includes.chroot: drwxr-xr-x 3 siam siam 4096 ফেব      21 20:43 fa
config/includes.chroot: drwxr-xr-x 3 siam siam 4096 ফেব      21 20:43 fi
config/includes.chroot: drwxr-xr-x 3 siam siam 4096 ফেব      21 20:43 fr
config/includes.chroot: drwxr-xr-x 3 siam siam 4096 ফেব      21 20:43 fur
config/includes.chroot: drwxr-xr-x 3 siam siam 4096 ফেব      21 20:43 ga
config/includes.chroot: drwxr-xr-x 3 siam siam 4096 ফেব      21 20:43 gl
config/includes.chroot: drwxr-xr-x 3 siam siam 4096 ফেব      21 20:43 he
config/includes.chroot: drwxr-xr-x 3 siam siam 4096 ফেব      21 20:43 hi
config/includes.chroot: drwxr-xr-x 3 siam siam 4096 ফেব      21 20:43 hr
config/includes.chroot: drwxr-xr-x 3 siam siam 4096 ফেব      21 20:43 hu
config/includes.chroot: drwxr-xr-x 3 siam siam 4096 ফেব      21 20:43 id
config/includes.chroot: drwxr-xr-x 3 siam siam 4096 ফেব      21 20:43 it
config/includes.chroot: drwxr-xr-x 3 siam siam 4096 ফেব      21 20:43 ja
config/includes.chroot: drwxr-xr-x 3 siam siam 4096 ফেব      21 20:43 ka
config/includes.chroot: drwxr-xr-x 3 siam siam 4096 ফেব      21 20:43 kk
config/includes.chroot: drwxr-xr-x 3 siam siam 4096 ফেব      21 20:43 ko
config/includes.chroot: drwxr-xr-x 3 siam siam 4096 ফেব      21 20:43 ky
config/includes.chroot: drwxr-xr-x 3 siam siam 4096 ফেব      21 20:43 lt
config/includes.chroot: drwxr-xr-x 3 siam siam 4096 ফেব      21 20:43 lv
config/includes.chroot: drwxr-xr-x 3 siam siam 4096 ফেব      21 20:43 ms
config/includes.chroot: drwxr-xr-x 3 siam siam 4096 ফেব      21 20:43 nb
config/includes.chroot: drwxr-xr-x 3 siam siam 4096 ফেব      21 20:43 nl
config/includes.chroot: drwxr-xr-x 3 siam siam 4096 ফেব      21 20:43 oc
config/includes.chroot: drwxr-xr-x 3 siam siam 4096 ফেব      21 20:43 pl
config/includes.chroot: drwxr-xr-x 3 siam siam 4096 ফেব      21 20:43 pt
config/includes.chroot: drwxr-xr-x 3 siam siam 4096 ফেব      21 20:43 pt_BR
config/includes.chroot: drwxr-xr-x 3 siam siam 4096 ফেব      21 20:43 ro
config/includes.chroot: drwxr-xr-x 3 siam siam 4096 ফেব      21 20:43 ru
config/includes.chroot: drwxr-xr-x 3 siam siam 4096 ফেব      21 20:43 sk
config/includes.chroot: drwxr-xr-x 3 siam siam 4096 ফেব      21 20:43 sl
config/includes.chroot: drwxr-xr-x 3 siam siam 4096 ফেব      21 20:43 sq
config/includes.chroot: drwxr-xr-x 3 siam siam 4096 ফেব      21 20:43 sv
config/includes.chroot: drwxr-xr-x 3 siam siam 4096 ফেব      21 20:43 ta
config/includes.chroot: drwxr-xr-x 3 siam siam 4096 ফেব      21 20:43 th
config/includes.chroot: drwxr-xr-x 3 siam siam 4096 ফেব      21 20:43 tl
config/includes.chroot: drwxr-xr-x 3 siam siam 4096 ফেব      21 20:43 tr
config/includes.chroot: drwxr-xr-x 3 siam siam 4096 ফেব      21 20:43 uk
config/includes.chroot: drwxr-xr-x 3 siam siam 4096 ফেব      21 20:43 ur
config/includes.chroot: drwxr-xr-x 3 siam siam 4096 ফেব      21 20:43 zh_CN
config/includes.chroot: drwxr-xr-x 3 siam siam 4096 ফেব      21 20:43 zh-Hans
config/includes.chroot: drwxr-xr-x 3 siam siam 4096 ফেব      21 20:43 zh-Hant
config/includes.chroot: drwxr-xr-x 3 siam siam 4096 ফেব      21 20:43 zh_TW
config/includes.chroot: 
config/includes.chroot: config/includes.chroot/usr/share/gnome-shell/extensions/gtk4-ding@smedius.gitlab.com/locale/ar:
config/includes.chroot: total 4
config/includes.chroot: drwxr-xr-x 2 siam siam 4096 ফেব      21 20:43 LC_MESSAGES
config/includes.chroot: 
config/includes.chroot: config/includes.chroot/usr/share/gnome-shell/extensions/gtk4-ding@smedius.gitlab.com/locale/ar/LC_MESSAGES:
config/includes.chroot: total 40
config/includes.chroot: -rw-r--r-- 1 siam siam 40810 ফেব      21 20:43 gtk4-ding.mo
config/includes.chroot: 
config/includes.chroot: config/includes.chroot/usr/share/gnome-shell/extensions/gtk4-ding@smedius.gitlab.com/locale/az:
config/includes.chroot: total 4
config/includes.chroot: drwxr-xr-x 2 siam siam 4096 ফেব      21 20:43 LC_MESSAGES
config/includes.chroot: 
config/includes.chroot: config/includes.chroot/usr/share/gnome-shell/extensions/gtk4-ding@smedius.gitlab.com/locale/az/LC_MESSAGES:
config/includes.chroot: total 28
config/includes.chroot: -rw-r--r-- 1 siam siam 26634 ফেব      21 20:43 gtk4-ding.mo
config/includes.chroot: 
config/includes.chroot: config/includes.chroot/usr/share/gnome-shell/extensions/gtk4-ding@smedius.gitlab.com/locale/be:
config/includes.chroot: total 4
config/includes.chroot: drwxr-xr-x 2 siam siam 4096 ফেব      21 20:43 LC_MESSAGES
config/includes.chroot: 
config/includes.chroot: config/includes.chroot/usr/share/gnome-shell/extensions/gtk4-ding@smedius.gitlab.com/locale/be/LC_MESSAGES:
config/includes.chroot: total 40
config/includes.chroot: -rw-r--r-- 1 siam siam 38625 ফেব      21 20:43 gtk4-ding.mo
config/includes.chroot: 
config/includes.chroot: config/includes.chroot/usr/share/gnome-shell/extensions/gtk4-ding@smedius.gitlab.com/locale/bg:
config/includes.chroot: total 4
config/includes.chroot: drwxr-xr-x 2 siam siam 4096 ফেব      21 20:43 LC_MESSAGES
config/includes.chroot: 
config/includes.chroot: config/includes.chroot/usr/share/gnome-shell/extensions/gtk4-ding@smedius.gitlab.com/locale/bg/LC_MESSAGES:
config/includes.chroot: total 48
config/includes.chroot: -rw-r--r-- 1 siam siam 46967 ফেব      21 20:43 gtk4-ding.mo
config/includes.chroot: 
config/includes.chroot: config/includes.chroot/usr/share/gnome-shell/extensions/gtk4-ding@smedius.gitlab.com/locale/bn:
config/includes.chroot: total 4
config/includes.chroot: drwxr-xr-x 2 siam siam 4096 ফেব      21 20:43 LC_MESSAGES
config/includes.chroot: 
config/includes.chroot: config/includes.chroot/usr/share/gnome-shell/extensions/gtk4-ding@smedius.gitlab.com/locale/bn/LC_MESSAGES:
config/includes.chroot: total 48
config/includes.chroot: -rw-r--r-- 1 siam siam 46370 ফেব      21 20:43 gtk4-ding.mo
config/includes.chroot: 
config/includes.chroot: config/includes.chroot/usr/share/gnome-shell/extensions/gtk4-ding@smedius.gitlab.com/locale/ca:
config/includes.chroot: total 4
config/includes.chroot: drwxr-xr-x 2 siam siam 4096 ফেব      21 20:43 LC_MESSAGES
config/includes.chroot: 
config/includes.chroot: config/includes.chroot/usr/share/gnome-shell/extensions/gtk4-ding@smedius.gitlab.com/locale/ca/LC_MESSAGES:
config/includes.chroot: total 32
config/includes.chroot: -rw-r--r-- 1 siam siam 30611 ফেব      21 20:43 gtk4-ding.mo
config/includes.chroot: 
config/includes.chroot: config/includes.chroot/usr/share/gnome-shell/extensions/gtk4-ding@smedius.gitlab.com/locale/cs:
config/includes.chroot: total 4
config/includes.chroot: drwxr-xr-x 2 siam siam 4096 ফেব      21 20:43 LC_MESSAGES
config/includes.chroot: 
config/includes.chroot: config/includes.chroot/usr/share/gnome-shell/extensions/gtk4-ding@smedius.gitlab.com/locale/cs/LC_MESSAGES:
config/includes.chroot: total 32
config/includes.chroot: -rw-r--r-- 1 siam siam 29937 ফেব      21 20:43 gtk4-ding.mo
config/includes.chroot: 
config/includes.chroot: config/includes.chroot/usr/share/gnome-shell/extensions/gtk4-ding@smedius.gitlab.com/locale/da:
config/includes.chroot: total 4
config/includes.chroot: drwxr-xr-x 2 siam siam 4096 ফেব      21 20:43 LC_MESSAGES
config/includes.chroot: 
config/includes.chroot: config/includes.chroot/usr/share/gnome-shell/extensions/gtk4-ding@smedius.gitlab.com/locale/da/LC_MESSAGES:
config/includes.chroot: total 32
config/includes.chroot: -rw-r--r-- 1 siam siam 28924 ফেব      21 20:43 gtk4-ding.mo
config/includes.chroot: 
config/includes.chroot: config/includes.chroot/usr/share/gnome-shell/extensions/gtk4-ding@smedius.gitlab.com/locale/de:
config/includes.chroot: total 4
config/includes.chroot: drwxr-xr-x 2 siam siam 4096 ফেব      21 20:43 LC_MESSAGES
config/includes.chroot: 
config/includes.chroot: config/includes.chroot/usr/share/gnome-shell/extensions/gtk4-ding@smedius.gitlab.com/locale/de/LC_MESSAGES:
config/includes.chroot: total 36
config/includes.chroot: -rw-r--r-- 1 siam siam 35268 ফেব      21 20:43 gtk4-ding.mo
config/includes.chroot: 
config/includes.chroot: config/includes.chroot/usr/share/gnome-shell/extensions/gtk4-ding@smedius.gitlab.com/locale/el:
config/includes.chroot: total 4
config/includes.chroot: drwxr-xr-x 2 siam siam 4096 ফেব      21 20:43 LC_MESSAGES
config/includes.chroot: 
config/includes.chroot: config/includes.chroot/usr/share/gnome-shell/extensions/gtk4-ding@smedius.gitlab.com/locale/el/LC_MESSAGES:
config/includes.chroot: total 44
config/includes.chroot: -rw-r--r-- 1 siam siam 41861 ফেব      21 20:43 gtk4-ding.mo
config/includes.chroot: 
config/includes.chroot: config/includes.chroot/usr/share/gnome-shell/extensions/gtk4-ding@smedius.gitlab.com/locale/eo:
config/includes.chroot: total 4
config/includes.chroot: drwxr-xr-x 2 siam siam 4096 ফেব      21 20:43 LC_MESSAGES
config/includes.chroot: 
config/includes.chroot: config/includes.chroot/usr/share/gnome-shell/extensions/gtk4-ding@smedius.gitlab.com/locale/eo/LC_MESSAGES:
config/includes.chroot: total 28
config/includes.chroot: -rw-r--r-- 1 siam siam 27860 ফেব      21 20:43 gtk4-ding.mo
config/includes.chroot: 
config/includes.chroot: config/includes.chroot/usr/share/gnome-shell/extensions/gtk4-ding@smedius.gitlab.com/locale/es:
config/includes.chroot: total 4
config/includes.chroot: drwxr-xr-x 2 siam siam 4096 ফেব      21 20:43 LC_MESSAGES
config/includes.chroot: 
config/includes.chroot: config/includes.chroot/usr/share/gnome-shell/extensions/gtk4-ding@smedius.gitlab.com/locale/es/LC_MESSAGES:
config/includes.chroot: total 36
config/includes.chroot: -rw-r--r-- 1 siam siam 35004 ফেব      21 20:43 gtk4-ding.mo
config/includes.chroot: 
config/includes.chroot: config/includes.chroot/usr/share/gnome-shell/extensions/gtk4-ding@smedius.gitlab.com/locale/et:
config/includes.chroot: total 4
config/includes.chroot: drwxr-xr-x 2 siam siam 4096 ফেব      21 20:43 LC_MESSAGES
config/includes.chroot: 
config/includes.chroot: config/includes.chroot/usr/share/gnome-shell/extensions/gtk4-ding@smedius.gitlab.com/locale/et/LC_MESSAGES:
config/includes.chroot: total 32
config/includes.chroot: -rw-r--r-- 1 siam siam 28943 ফেব      21 20:43 gtk4-ding.mo
config/includes.chroot: 
config/includes.chroot: config/includes.chroot/usr/share/gnome-shell/extensions/gtk4-ding@smedius.gitlab.com/locale/eu:
config/includes.chroot: total 4
config/includes.chroot: drwxr-xr-x 2 siam siam 4096 ফেব      21 20:43 LC_MESSAGES
config/includes.chroot: 
config/includes.chroot: config/includes.chroot/usr/share/gnome-shell/extensions/gtk4-ding@smedius.gitlab.com/locale/eu/LC_MESSAGES:
config/includes.chroot: total 32
config/includes.chroot: -rw-r--r-- 1 siam siam 29103 ফেব      21 20:43 gtk4-ding.mo
config/includes.chroot: 
config/includes.chroot: config/includes.chroot/usr/share/gnome-shell/extensions/gtk4-ding@smedius.gitlab.com/locale/fa:
config/includes.chroot: total 4
config/includes.chroot: drwxr-xr-x 2 siam siam 4096 ফেব      21 20:43 LC_MESSAGES
config/includes.chroot: 
config/includes.chroot: config/includes.chroot/usr/share/gnome-shell/extensions/gtk4-ding@smedius.gitlab.com/locale/fa/LC_MESSAGES:
config/includes.chroot: total 36
config/includes.chroot: -rw-r--r-- 1 siam siam 33255 ফেব      21 20:43 gtk4-ding.mo
config/includes.chroot: 
config/includes.chroot: config/includes.chroot/usr/share/gnome-shell/extensions/gtk4-ding@smedius.gitlab.com/locale/fi:
config/includes.chroot: total 4
config/includes.chroot: drwxr-xr-x 2 siam siam 4096 ফেব      21 20:43 LC_MESSAGES
config/includes.chroot: 
config/includes.chroot: config/includes.chroot/usr/share/gnome-shell/extensions/gtk4-ding@smedius.gitlab.com/locale/fi/LC_MESSAGES:
config/includes.chroot: total 32
config/includes.chroot: -rw-r--r-- 1 siam siam 29837 ফেব      21 20:43 gtk4-ding.mo
config/includes.chroot: 
config/includes.chroot: config/includes.chroot/usr/share/gnome-shell/extensions/gtk4-ding@smedius.gitlab.com/locale/fr:
config/includes.chroot: total 4
config/includes.chroot: drwxr-xr-x 2 siam siam 4096 ফেব      21 20:43 LC_MESSAGES
config/includes.chroot: 
config/includes.chroot: config/includes.chroot/usr/share/gnome-shell/extensions/gtk4-ding@smedius.gitlab.com/locale/fr/LC_MESSAGES:
config/includes.chroot: total 32
config/includes.chroot: -rw-r--r-- 1 siam siam 31346 ফেব      21 20:43 gtk4-ding.mo
config/includes.chroot: 
config/includes.chroot: config/includes.chroot/usr/share/gnome-shell/extensions/gtk4-ding@smedius.gitlab.com/locale/fur:
config/includes.chroot: total 4
config/includes.chroot: drwxr-xr-x 2 siam siam 4096 ফেব      21 20:43 LC_MESSAGES
config/includes.chroot: 
config/includes.chroot: config/includes.chroot/usr/share/gnome-shell/extensions/gtk4-ding@smedius.gitlab.com/locale/fur/LC_MESSAGES:
config/includes.chroot: total 4
config/includes.chroot: -rw-r--r-- 1 siam siam 3739 ফেব      21 20:43 gtk4-ding.mo
config/includes.chroot: 
config/includes.chroot: config/includes.chroot/usr/share/gnome-shell/extensions/gtk4-ding@smedius.gitlab.com/locale/ga:
config/includes.chroot: total 4
config/includes.chroot: drwxr-xr-x 2 siam siam 4096 ফেব      21 20:43 LC_MESSAGES
config/includes.chroot: 
config/includes.chroot: config/includes.chroot/usr/share/gnome-shell/extensions/gtk4-ding@smedius.gitlab.com/locale/ga/LC_MESSAGES:
config/includes.chroot: total 32
config/includes.chroot: -rw-r--r-- 1 siam siam 31244 ফেব      21 20:43 gtk4-ding.mo
config/includes.chroot: 
config/includes.chroot: config/includes.chroot/usr/share/gnome-shell/extensions/gtk4-ding@smedius.gitlab.com/locale/gl:
config/includes.chroot: total 4
config/includes.chroot: drwxr-xr-x 2 siam siam 4096 ফেব      21 20:43 LC_MESSAGES
config/includes.chroot: 
config/includes.chroot: config/includes.chroot/usr/share/gnome-shell/extensions/gtk4-ding@smedius.gitlab.com/locale/gl/LC_MESSAGES:
config/includes.chroot: total 32
config/includes.chroot: -rw-r--r-- 1 siam siam 29235 ফেব      21 20:43 gtk4-ding.mo
config/includes.chroot: 
config/includes.chroot: config/includes.chroot/usr/share/gnome-shell/extensions/gtk4-ding@smedius.gitlab.com/locale/he:
config/includes.chroot: total 4
config/includes.chroot: drwxr-xr-x 2 siam siam 4096 ফেব      21 20:43 LC_MESSAGES
config/includes.chroot: 
config/includes.chroot: config/includes.chroot/usr/share/gnome-shell/extensions/gtk4-ding@smedius.gitlab.com/locale/he/LC_MESSAGES:
config/includes.chroot: total 40
config/includes.chroot: -rw-r--r-- 1 siam siam 37586 ফেব      21 20:43 gtk4-ding.mo
config/includes.chroot: 
config/includes.chroot: config/includes.chroot/usr/share/gnome-shell/extensions/gtk4-ding@smedius.gitlab.com/locale/hi:
config/includes.chroot: total 4
config/includes.chroot: drwxr-xr-x 2 siam siam 4096 ফেব      21 20:43 LC_MESSAGES
config/includes.chroot: 
config/includes.chroot: config/includes.chroot/usr/share/gnome-shell/extensions/gtk4-ding@smedius.gitlab.com/locale/hi/LC_MESSAGES:
config/includes.chroot: total 44
config/includes.chroot: -rw-r--r-- 1 siam siam 44162 ফেব      21 20:43 gtk4-ding.mo
config/includes.chroot: 
config/includes.chroot: config/includes.chroot/usr/share/gnome-shell/extensions/gtk4-ding@smedius.gitlab.com/locale/hr:
config/includes.chroot: total 4
config/includes.chroot: drwxr-xr-x 2 siam siam 4096 ফেব      21 20:43 LC_MESSAGES
config/includes.chroot: 
config/includes.chroot: config/includes.chroot/usr/share/gnome-shell/extensions/gtk4-ding@smedius.gitlab.com/locale/hr/LC_MESSAGES:
config/includes.chroot: total 8
config/includes.chroot: -rw-r--r-- 1 siam siam 7695 ফেব      21 20:43 gtk4-ding.mo
config/includes.chroot: 
config/includes.chroot: config/includes.chroot/usr/share/gnome-shell/extensions/gtk4-ding@smedius.gitlab.com/locale/hu:
config/includes.chroot: total 4
config/includes.chroot: drwxr-xr-x 2 siam siam 4096 ফেব      21 20:43 LC_MESSAGES
config/includes.chroot: 
config/includes.chroot: config/includes.chroot/usr/share/gnome-shell/extensions/gtk4-ding@smedius.gitlab.com/locale/hu/LC_MESSAGES:
config/includes.chroot: total 36
config/includes.chroot: -rw-r--r-- 1 siam siam 35997 ফেব      21 20:43 gtk4-ding.mo
config/includes.chroot: 
config/includes.chroot: config/includes.chroot/usr/share/gnome-shell/extensions/gtk4-ding@smedius.gitlab.com/locale/id:
config/includes.chroot: total 4
config/includes.chroot: drwxr-xr-x 2 siam siam 4096 ফেব      21 20:43 LC_MESSAGES
config/includes.chroot: 
config/includes.chroot: config/includes.chroot/usr/share/gnome-shell/extensions/gtk4-ding@smedius.gitlab.com/locale/id/LC_MESSAGES:
config/includes.chroot: total 36
config/includes.chroot: -rw-r--r-- 1 siam siam 32992 ফেব      21 20:43 gtk4-ding.mo
config/includes.chroot: 
config/includes.chroot: config/includes.chroot/usr/share/gnome-shell/extensions/gtk4-ding@smedius.gitlab.com/locale/it:
config/includes.chroot: total 4
config/includes.chroot: drwxr-xr-x 2 siam siam 4096 ফেব      21 20:43 LC_MESSAGES
config/includes.chroot: 
config/includes.chroot: config/includes.chroot/usr/share/gnome-shell/extensions/gtk4-ding@smedius.gitlab.com/locale/it/LC_MESSAGES:
config/includes.chroot: total 32
config/includes.chroot: -rw-r--r-- 1 siam siam 30586 ফেব      21 20:43 gtk4-ding.mo
config/includes.chroot: 
config/includes.chroot: config/includes.chroot/usr/share/gnome-shell/extensions/gtk4-ding@smedius.gitlab.com/locale/ja:
config/includes.chroot: total 4
config/includes.chroot: drwxr-xr-x 2 siam siam 4096 ফেব      21 20:43 LC_MESSAGES
config/includes.chroot: 
config/includes.chroot: config/includes.chroot/usr/share/gnome-shell/extensions/gtk4-ding@smedius.gitlab.com/locale/ja/LC_MESSAGES:
config/includes.chroot: total 36
config/includes.chroot: -rw-r--r-- 1 siam siam 34968 ফেব      21 20:43 gtk4-ding.mo
config/includes.chroot: 
config/includes.chroot: config/includes.chroot/usr/share/gnome-shell/extensions/gtk4-ding@smedius.gitlab.com/locale/ka:
config/includes.chroot: total 4
config/includes.chroot: drwxr-xr-x 2 siam siam 4096 ফেব      21 20:43 LC_MESSAGES
config/includes.chroot: 
config/includes.chroot: config/includes.chroot/usr/share/gnome-shell/extensions/gtk4-ding@smedius.gitlab.com/locale/ka/LC_MESSAGES:
config/includes.chroot: total 12
config/includes.chroot: -rw-r--r-- 1 siam siam 11693 ফেব      21 20:43 gtk4-ding.mo
config/includes.chroot: 
config/includes.chroot: config/includes.chroot/usr/share/gnome-shell/extensions/gtk4-ding@smedius.gitlab.com/locale/kk:
config/includes.chroot: total 4
config/includes.chroot: drwxr-xr-x 2 siam siam 4096 ফেব      21 20:43 LC_MESSAGES
config/includes.chroot: 
config/includes.chroot: config/includes.chroot/usr/share/gnome-shell/extensions/gtk4-ding@smedius.gitlab.com/locale/kk/LC_MESSAGES:
config/includes.chroot: total 4
config/includes.chroot: -rw-r--r-- 1 siam siam 356 ফেব      21 20:43 gtk4-ding.mo
config/includes.chroot: 
config/includes.chroot: config/includes.chroot/usr/share/gnome-shell/extensions/gtk4-ding@smedius.gitlab.com/locale/ko:
config/includes.chroot: total 4
config/includes.chroot: drwxr-xr-x 2 siam siam 4096 ফেব      21 20:43 LC_MESSAGES
config/includes.chroot: 
config/includes.chroot: config/includes.chroot/usr/share/gnome-shell/extensions/gtk4-ding@smedius.gitlab.com/locale/ko/LC_MESSAGES:
config/includes.chroot: total 32
config/includes.chroot: -rw-r--r-- 1 siam siam 30534 ফেব      21 20:43 gtk4-ding.mo
config/includes.chroot: 
config/includes.chroot: config/includes.chroot/usr/share/gnome-shell/extensions/gtk4-ding@smedius.gitlab.com/locale/ky:
config/includes.chroot: total 4
config/includes.chroot: drwxr-xr-x 2 siam siam 4096 ফেব      21 20:43 LC_MESSAGES
config/includes.chroot: 
config/includes.chroot: config/includes.chroot/usr/share/gnome-shell/extensions/gtk4-ding@smedius.gitlab.com/locale/ky/LC_MESSAGES:
config/includes.chroot: total 40
config/includes.chroot: -rw-r--r-- 1 siam siam 40526 ফেব      21 20:43 gtk4-ding.mo
config/includes.chroot: 
config/includes.chroot: config/includes.chroot/usr/share/gnome-shell/extensions/gtk4-ding@smedius.gitlab.com/locale/lt:
config/includes.chroot: total 4
config/includes.chroot: drwxr-xr-x 2 siam siam 4096 ফেব      21 20:43 LC_MESSAGES
config/includes.chroot: 
config/includes.chroot: config/includes.chroot/usr/share/gnome-shell/extensions/gtk4-ding@smedius.gitlab.com/locale/lt/LC_MESSAGES:
config/includes.chroot: total 28
config/includes.chroot: -rw-r--r-- 1 siam siam 28303 ফেব      21 20:43 gtk4-ding.mo
config/includes.chroot: 
config/includes.chroot: config/includes.chroot/usr/share/gnome-shell/extensions/gtk4-ding@smedius.gitlab.com/locale/lv:
config/includes.chroot: total 4
config/includes.chroot: drwxr-xr-x 2 siam siam 4096 ফেব      21 20:43 LC_MESSAGES
config/includes.chroot: 
config/includes.chroot: config/includes.chroot/usr/share/gnome-shell/extensions/gtk4-ding@smedius.gitlab.com/locale/lv/LC_MESSAGES:
config/includes.chroot: total 32
config/includes.chroot: -rw-r--r-- 1 siam siam 29345 ফেব      21 20:43 gtk4-ding.mo
config/includes.chroot: 
config/includes.chroot: config/includes.chroot/usr/share/gnome-shell/extensions/gtk4-ding@smedius.gitlab.com/locale/ms:
config/includes.chroot: total 4
config/includes.chroot: drwxr-xr-x 2 siam siam 4096 ফেব      21 20:43 LC_MESSAGES
config/includes.chroot: 
config/includes.chroot: config/includes.chroot/usr/share/gnome-shell/extensions/gtk4-ding@smedius.gitlab.com/locale/ms/LC_MESSAGES:
config/includes.chroot: total 32
config/includes.chroot: -rw-r--r-- 1 siam siam 29169 ফেব      21 20:43 gtk4-ding.mo
config/includes.chroot: 
config/includes.chroot: config/includes.chroot/usr/share/gnome-shell/extensions/gtk4-ding@smedius.gitlab.com/locale/nb:
config/includes.chroot: total 4
config/includes.chroot: drwxr-xr-x 2 siam siam 4096 ফেব      21 20:43 LC_MESSAGES
config/includes.chroot: 
config/includes.chroot: config/includes.chroot/usr/share/gnome-shell/extensions/gtk4-ding@smedius.gitlab.com/locale/nb/LC_MESSAGES:
config/includes.chroot: total 32
config/includes.chroot: -rw-r--r-- 1 siam siam 29056 ফেব      21 20:43 gtk4-ding.mo
config/includes.chroot: 
config/includes.chroot: config/includes.chroot/usr/share/gnome-shell/extensions/gtk4-ding@smedius.gitlab.com/locale/nl:
config/includes.chroot: total 4
config/includes.chroot: drwxr-xr-x 2 siam siam 4096 ফেব      21 20:43 LC_MESSAGES
config/includes.chroot: 
config/includes.chroot: config/includes.chroot/usr/share/gnome-shell/extensions/gtk4-ding@smedius.gitlab.com/locale/nl/LC_MESSAGES:
config/includes.chroot: total 32
config/includes.chroot: -rw-r--r-- 1 siam siam 30110 ফেব      21 20:43 gtk4-ding.mo
config/includes.chroot: 
config/includes.chroot: config/includes.chroot/usr/share/gnome-shell/extensions/gtk4-ding@smedius.gitlab.com/locale/oc:
config/includes.chroot: total 4
config/includes.chroot: drwxr-xr-x 2 siam siam 4096 ফেব      21 20:43 LC_MESSAGES
config/includes.chroot: 
config/includes.chroot: config/includes.chroot/usr/share/gnome-shell/extensions/gtk4-ding@smedius.gitlab.com/locale/oc/LC_MESSAGES:
config/includes.chroot: total 20
config/includes.chroot: -rw-r--r-- 1 siam siam 17883 ফেব      21 20:43 gtk4-ding.mo
config/includes.chroot: 
config/includes.chroot: config/includes.chroot/usr/share/gnome-shell/extensions/gtk4-ding@smedius.gitlab.com/locale/pl:
config/includes.chroot: total 4
config/includes.chroot: drwxr-xr-x 2 siam siam 4096 ফেব      21 20:43 LC_MESSAGES
config/includes.chroot: 
config/includes.chroot: config/includes.chroot/usr/share/gnome-shell/extensions/gtk4-ding@smedius.gitlab.com/locale/pl/LC_MESSAGES:
config/includes.chroot: total 36
config/includes.chroot: -rw-r--r-- 1 siam siam 34971 ফেব      21 20:43 gtk4-ding.mo
config/includes.chroot: 
config/includes.chroot: config/includes.chroot/usr/share/gnome-shell/extensions/gtk4-ding@smedius.gitlab.com/locale/pt:
config/includes.chroot: total 4
config/includes.chroot: drwxr-xr-x 2 siam siam 4096 ফেব      21 20:43 LC_MESSAGES
config/includes.chroot: 
config/includes.chroot: config/includes.chroot/usr/share/gnome-shell/extensions/gtk4-ding@smedius.gitlab.com/locale/pt/LC_MESSAGES:
config/includes.chroot: total 32
config/includes.chroot: -rw-r--r-- 1 siam siam 30781 ফেব      21 20:43 gtk4-ding.mo
config/includes.chroot: 
config/includes.chroot: config/includes.chroot/usr/share/gnome-shell/extensions/gtk4-ding@smedius.gitlab.com/locale/pt_BR:
config/includes.chroot: total 4
config/includes.chroot: drwxr-xr-x 2 siam siam 4096 ফেব      21 20:43 LC_MESSAGES
config/includes.chroot: 
config/includes.chroot: config/includes.chroot/usr/share/gnome-shell/extensions/gtk4-ding@smedius.gitlab.com/locale/pt_BR/LC_MESSAGES:
config/includes.chroot: total 32
config/includes.chroot: -rw-r--r-- 1 siam siam 31959 ফেব      21 20:43 gtk4-ding.mo
config/includes.chroot: 
config/includes.chroot: config/includes.chroot/usr/share/gnome-shell/extensions/gtk4-ding@smedius.gitlab.com/locale/ro:
config/includes.chroot: total 4
config/includes.chroot: drwxr-xr-x 2 siam siam 4096 ফেব      21 20:43 LC_MESSAGES
config/includes.chroot: 
config/includes.chroot: config/includes.chroot/usr/share/gnome-shell/extensions/gtk4-ding@smedius.gitlab.com/locale/ro/LC_MESSAGES:
config/includes.chroot: total 32
config/includes.chroot: -rw-r--r-- 1 siam siam 30343 ফেব      21 20:43 gtk4-ding.mo
config/includes.chroot: 
config/includes.chroot: config/includes.chroot/usr/share/gnome-shell/extensions/gtk4-ding@smedius.gitlab.com/locale/ru:
config/includes.chroot: total 4
config/includes.chroot: drwxr-xr-x 2 siam siam 4096 ফেব      21 20:43 LC_MESSAGES
config/includes.chroot: 
config/includes.chroot: config/includes.chroot/usr/share/gnome-shell/extensions/gtk4-ding@smedius.gitlab.com/locale/ru/LC_MESSAGES:
config/includes.chroot: total 48
config/includes.chroot: -rw-r--r-- 1 siam siam 47103 ফেব      21 20:43 gtk4-ding.mo
config/includes.chroot: 
config/includes.chroot: config/includes.chroot/usr/share/gnome-shell/extensions/gtk4-ding@smedius.gitlab.com/locale/sk:
config/includes.chroot: total 4
config/includes.chroot: drwxr-xr-x 2 siam siam 4096 ফেব      21 20:43 LC_MESSAGES
config/includes.chroot: 
config/includes.chroot: config/includes.chroot/usr/share/gnome-shell/extensions/gtk4-ding@smedius.gitlab.com/locale/sk/LC_MESSAGES:
config/includes.chroot: total 36
config/includes.chroot: -rw-r--r-- 1 siam siam 35834 ফেব      21 20:43 gtk4-ding.mo
config/includes.chroot: 
config/includes.chroot: config/includes.chroot/usr/share/gnome-shell/extensions/gtk4-ding@smedius.gitlab.com/locale/sl:
config/includes.chroot: total 4
config/includes.chroot: drwxr-xr-x 2 siam siam 4096 ফেব      21 20:43 LC_MESSAGES
config/includes.chroot: 
config/includes.chroot: config/includes.chroot/usr/share/gnome-shell/extensions/gtk4-ding@smedius.gitlab.com/locale/sl/LC_MESSAGES:
config/includes.chroot: total 28
config/includes.chroot: -rw-r--r-- 1 siam siam 28613 ফেব      21 20:43 gtk4-ding.mo
config/includes.chroot: 
config/includes.chroot: config/includes.chroot/usr/share/gnome-shell/extensions/gtk4-ding@smedius.gitlab.com/locale/sq:
config/includes.chroot: total 4
config/includes.chroot: drwxr-xr-x 2 siam siam 4096 ফেব      21 20:43 LC_MESSAGES
config/includes.chroot: 
config/includes.chroot: config/includes.chroot/usr/share/gnome-shell/extensions/gtk4-ding@smedius.gitlab.com/locale/sq/LC_MESSAGES:
config/includes.chroot: total 28
config/includes.chroot: -rw-r--r-- 1 siam siam 28634 ফেব      21 20:43 gtk4-ding.mo
config/includes.chroot: 
config/includes.chroot: config/includes.chroot/usr/share/gnome-shell/extensions/gtk4-ding@smedius.gitlab.com/locale/sv:
config/includes.chroot: total 4
config/includes.chroot: drwxr-xr-x 2 siam siam 4096 ফেব      21 20:43 LC_MESSAGES
config/includes.chroot: 
config/includes.chroot: config/includes.chroot/usr/share/gnome-shell/extensions/gtk4-ding@smedius.gitlab.com/locale/sv/LC_MESSAGES:
config/includes.chroot: total 32
config/includes.chroot: -rw-r--r-- 1 siam siam 29471 ফেব      21 20:43 gtk4-ding.mo
config/includes.chroot: 
config/includes.chroot: config/includes.chroot/usr/share/gnome-shell/extensions/gtk4-ding@smedius.gitlab.com/locale/ta:
config/includes.chroot: total 4
config/includes.chroot: drwxr-xr-x 2 siam siam 4096 ফেব      21 20:43 LC_MESSAGES
config/includes.chroot: 
config/includes.chroot: config/includes.chroot/usr/share/gnome-shell/extensions/gtk4-ding@smedius.gitlab.com/locale/ta/LC_MESSAGES:
config/includes.chroot: total 60
config/includes.chroot: -rw-r--r-- 1 siam siam 60650 ফেব      21 20:43 gtk4-ding.mo
config/includes.chroot: 
config/includes.chroot: config/includes.chroot/usr/share/gnome-shell/extensions/gtk4-ding@smedius.gitlab.com/locale/th:
config/includes.chroot: total 4
config/includes.chroot: drwxr-xr-x 2 siam siam 4096 ফেব      21 20:43 LC_MESSAGES
config/includes.chroot: 
config/includes.chroot: config/includes.chroot/usr/share/gnome-shell/extensions/gtk4-ding@smedius.gitlab.com/locale/th/LC_MESSAGES:
config/includes.chroot: total 44
config/includes.chroot: -rw-r--r-- 1 siam siam 44753 ফেব      21 20:43 gtk4-ding.mo
config/includes.chroot: 
config/includes.chroot: config/includes.chroot/usr/share/gnome-shell/extensions/gtk4-ding@smedius.gitlab.com/locale/tl:
config/includes.chroot: total 4
config/includes.chroot: drwxr-xr-x 2 siam siam 4096 ফেব      21 20:43 LC_MESSAGES
config/includes.chroot: 
config/includes.chroot: config/includes.chroot/usr/share/gnome-shell/extensions/gtk4-ding@smedius.gitlab.com/locale/tl/LC_MESSAGES:
config/includes.chroot: total 32
config/includes.chroot: -rw-r--r-- 1 siam siam 30625 ফেব      21 20:43 gtk4-ding.mo
config/includes.chroot: 
config/includes.chroot: config/includes.chroot/usr/share/gnome-shell/extensions/gtk4-ding@smedius.gitlab.com/locale/tr:
config/includes.chroot: total 4
config/includes.chroot: drwxr-xr-x 2 siam siam 4096 ফেব      21 20:43 LC_MESSAGES
config/includes.chroot: 
config/includes.chroot: config/includes.chroot/usr/share/gnome-shell/extensions/gtk4-ding@smedius.gitlab.com/locale/tr/LC_MESSAGES:
config/includes.chroot: total 32
config/includes.chroot: -rw-r--r-- 1 siam siam 30112 ফেব      21 20:43 gtk4-ding.mo
config/includes.chroot: 
config/includes.chroot: config/includes.chroot/usr/share/gnome-shell/extensions/gtk4-ding@smedius.gitlab.com/locale/uk:
config/includes.chroot: total 4
config/includes.chroot: drwxr-xr-x 2 siam siam 4096 ফেব      21 20:43 LC_MESSAGES
config/includes.chroot: 
config/includes.chroot: config/includes.chroot/usr/share/gnome-shell/extensions/gtk4-ding@smedius.gitlab.com/locale/uk/LC_MESSAGES:
config/includes.chroot: total 40
config/includes.chroot: -rw-r--r-- 1 siam siam 37998 ফেব      21 20:43 gtk4-ding.mo
config/includes.chroot: 
config/includes.chroot: config/includes.chroot/usr/share/gnome-shell/extensions/gtk4-ding@smedius.gitlab.com/locale/ur:
config/includes.chroot: total 4
config/includes.chroot: drwxr-xr-x 2 siam siam 4096 ফেব      21 20:43 LC_MESSAGES
config/includes.chroot: 
config/includes.chroot: config/includes.chroot/usr/share/gnome-shell/extensions/gtk4-ding@smedius.gitlab.com/locale/ur/LC_MESSAGES:
config/includes.chroot: total 36
config/includes.chroot: -rw-r--r-- 1 siam siam 33135 ফেব      21 20:43 gtk4-ding.mo
config/includes.chroot: 
config/includes.chroot: config/includes.chroot/usr/share/gnome-shell/extensions/gtk4-ding@smedius.gitlab.com/locale/zh_CN:
config/includes.chroot: total 4
config/includes.chroot: drwxr-xr-x 2 siam siam 4096 ফেব      21 20:43 LC_MESSAGES
config/includes.chroot: 
config/includes.chroot: config/includes.chroot/usr/share/gnome-shell/extensions/gtk4-ding@smedius.gitlab.com/locale/zh_CN/LC_MESSAGES:
config/includes.chroot: total 32
config/includes.chroot: -rw-r--r-- 1 siam siam 31774 ফেব      21 20:43 gtk4-ding.mo
config/includes.chroot: 
config/includes.chroot: config/includes.chroot/usr/share/gnome-shell/extensions/gtk4-ding@smedius.gitlab.com/locale/zh-Hans:
config/includes.chroot: total 4
config/includes.chroot: drwxr-xr-x 2 siam siam 4096 ফেব      21 20:43 LC_MESSAGES
config/includes.chroot: 
config/includes.chroot: config/includes.chroot/usr/share/gnome-shell/extensions/gtk4-ding@smedius.gitlab.com/locale/zh-Hans/LC_MESSAGES:
config/includes.chroot: total 32
config/includes.chroot: -rw-r--r-- 1 siam siam 31776 ফেব      21 20:43 gtk4-ding.mo
config/includes.chroot: 
config/includes.chroot: config/includes.chroot/usr/share/gnome-shell/extensions/gtk4-ding@smedius.gitlab.com/locale/zh-Hant:
config/includes.chroot: total 4
config/includes.chroot: drwxr-xr-x 2 siam siam 4096 ফেব      21 20:43 LC_MESSAGES
config/includes.chroot: 
config/includes.chroot: config/includes.chroot/usr/share/gnome-shell/extensions/gtk4-ding@smedius.gitlab.com/locale/zh-Hant/LC_MESSAGES:
config/includes.chroot: total 32
config/includes.chroot: -rw-r--r-- 1 siam siam 31239 ফেব      21 20:43 gtk4-ding.mo
config/includes.chroot: 
config/includes.chroot: config/includes.chroot/usr/share/gnome-shell/extensions/gtk4-ding@smedius.gitlab.com/locale/zh_TW:
config/includes.chroot: total 4
config/includes.chroot: drwxr-xr-x 2 siam siam 4096 ফেব      21 20:43 LC_MESSAGES
config/includes.chroot: 
config/includes.chroot: config/includes.chroot/usr/share/gnome-shell/extensions/gtk4-ding@smedius.gitlab.com/locale/zh_TW/LC_MESSAGES:
config/includes.chroot: total 32
config/includes.chroot: -rw-r--r-- 1 siam siam 31237 ফেব      21 20:43 gtk4-ding.mo
config/includes.chroot: 
config/includes.chroot: config/includes.chroot/usr/share/gnome-shell/extensions/gtk4-ding@smedius.gitlab.com/schemas:
config/includes.chroot: total 12
config/includes.chroot: -rw-r--r-- 1 siam siam 1648 জুলাই     18 17:27 gschemas.compiled
config/includes.chroot: -rw-r--r-- 1 siam siam 5955 ফেব      21 20:43 org.gnome.shell.extensions.gtk4-ding.gschema.xml
config/includes.chroot: 
config/includes.chroot: config/includes.chroot/usr/share/gnome-shell/extensions/gtk4-ding@smedius.gitlab.com/utils:
config/includes.chroot: total 8
config/includes.chroot: -rw-r--r-- 1 siam siam 5556 ফেব      21 20:43 fileUtils.js
config/includes.chroot: 
config/includes.chroot: config/includes.chroot/usr/share/gnome-shell/extensions/just-perfection-desktop@just-perfection:
config/includes.chroot: total 384
config/includes.chroot: -rwxrwxr-x  1 siam siam  16866 জুলাই     22 18:06 CHANGELOG.md
config/includes.chroot: -rwxrwxr-x  1 siam siam   4497 জুলাই     22 18:06 extension.js
config/includes.chroot: drwxrwxr-x  3 siam siam   4096 জুলাই     22 18:06 lib
config/includes.chroot: -rwxrwxr-x  1 siam siam  35149 জুলাই     22 18:06 LICENSE
config/includes.chroot: drwxrwxr-x 21 siam siam   4096 জুলাই     16 22:27 locale
config/includes.chroot: -rw-rw-r--  1 siam siam    574 জুলাই     22 18:06 metadata.json
config/includes.chroot: -rwxrwxr-x  1 siam siam   1475 জুলাই     22 18:06 prefs.js
config/includes.chroot: -rw-rw-r--  1 siam siam 241224 জুলাই     22 18:06 resources.gresource
config/includes.chroot: drwxrwxr-x  2 siam siam   4096 জুলাই     22 18:06 schemas
config/includes.chroot: -rwxrwxr-x  1 siam siam  61977 জুলাই     22 18:06 stylesheet.css
config/includes.chroot: 
config/includes.chroot: config/includes.chroot/usr/share/gnome-shell/extensions/just-perfection-desktop@just-perfection/lib:
config/includes.chroot: total 164
config/includes.chroot: -rwxrwxr-x 1 siam siam 99044 জুলাই     22 18:06 API.js
config/includes.chroot: -rwxrwxr-x 1 siam siam 49691 জুলাই     22 18:06 Manager.js
config/includes.chroot: drwxrwxr-x 2 siam siam  4096 জুলাই     22 18:06 Prefs
config/includes.chroot: -rwxrwxr-x 1 siam siam  6955 জুলাই     22 18:06 SupportNotifier.js
config/includes.chroot: 
config/includes.chroot: config/includes.chroot/usr/share/gnome-shell/extensions/just-perfection-desktop@just-perfection/lib/Prefs:
config/includes.chroot: total 40
config/includes.chroot: -rwxrwxr-x 1 siam siam 16633 জুলাই     22 18:06 Prefs.js
config/includes.chroot: -rwxrwxr-x 1 siam siam 19803 জুলাই     22 18:06 PrefsKeys.js
config/includes.chroot: 
config/includes.chroot: config/includes.chroot/usr/share/gnome-shell/extensions/just-perfection-desktop@just-perfection/locale:
config/includes.chroot: total 76
config/includes.chroot: drwxrwxr-x 3 siam siam 4096 জুলাই     16 22:27 af
config/includes.chroot: drwxrwxr-x 3 siam siam 4096 জুলাই     16 22:27 ar
config/includes.chroot: drwxrwxr-x 3 siam siam 4096 জুলাই     16 22:27 be
config/includes.chroot: drwxrwxr-x 3 siam siam 4096 জুলাই     16 22:27 bg
config/includes.chroot: drwxrwxr-x 3 siam siam 4096 জুলাই     16 22:27 ca
config/includes.chroot: drwxrwxr-x 3 siam siam 4096 জুলাই     16 22:27 de
config/includes.chroot: drwxrwxr-x 3 siam siam 4096 জুলাই     16 22:27 es
config/includes.chroot: drwxrwxr-x 3 siam siam 4096 জুলাই     16 22:27 fr
config/includes.chroot: drwxrwxr-x 3 siam siam 4096 জুলাই     16 22:27 gl
config/includes.chroot: drwxrwxr-x 3 siam siam 4096 জুলাই     16 22:27 it
config/includes.chroot: drwxrwxr-x 3 siam siam 4096 জুলাই     16 22:27 ja
config/includes.chroot: drwxrwxr-x 3 siam siam 4096 জুলাই     16 22:27 ne
config/includes.chroot: drwxrwxr-x 3 siam siam 4096 জুলাই     16 22:27 nl
config/includes.chroot: drwxrwxr-x 3 siam siam 4096 জুলাই     16 22:27 pt_BR
config/includes.chroot: drwxrwxr-x 3 siam siam 4096 জুলাই     16 22:27 ru
config/includes.chroot: drwxrwxr-x 3 siam siam 4096 জুলাই     16 22:27 sv
config/includes.chroot: drwxrwxr-x 3 siam siam 4096 জুলাই     16 22:27 uk
config/includes.chroot: drwxrwxr-x 3 siam siam 4096 জুলাই     16 22:27 zh_CN
config/includes.chroot: drwxrwxr-x 3 siam siam 4096 জুলাই     16 22:27 zh_TW
config/includes.chroot: 
config/includes.chroot: config/includes.chroot/usr/share/gnome-shell/extensions/just-perfection-desktop@just-perfection/locale/af:
config/includes.chroot: total 4
config/includes.chroot: drwxrwxr-x 2 siam siam 4096 জুলাই     22 18:06 LC_MESSAGES
config/includes.chroot: 
config/includes.chroot: config/includes.chroot/usr/share/gnome-shell/extensions/just-perfection-desktop@just-perfection/locale/af/LC_MESSAGES:
config/includes.chroot: total 16
config/includes.chroot: -rw-rw-r-- 1 siam siam 13279 জুলাই     22 18:06 just-perfection.mo
config/includes.chroot: 
config/includes.chroot: config/includes.chroot/usr/share/gnome-shell/extensions/just-perfection-desktop@just-perfection/locale/ar:
config/includes.chroot: total 4
config/includes.chroot: drwxrwxr-x 2 siam siam 4096 জুলাই     22 18:06 LC_MESSAGES
config/includes.chroot: 
config/includes.chroot: config/includes.chroot/usr/share/gnome-shell/extensions/just-perfection-desktop@just-perfection/locale/ar/LC_MESSAGES:
config/includes.chroot: total 16
config/includes.chroot: -rw-rw-r-- 1 siam siam 16208 জুলাই     22 18:06 just-perfection.mo
config/includes.chroot: 
config/includes.chroot: config/includes.chroot/usr/share/gnome-shell/extensions/just-perfection-desktop@just-perfection/locale/be:
config/includes.chroot: total 4
config/includes.chroot: drwxrwxr-x 2 siam siam 4096 জুলাই     22 18:06 LC_MESSAGES
config/includes.chroot: 
config/includes.chroot: config/includes.chroot/usr/share/gnome-shell/extensions/just-perfection-desktop@just-perfection/locale/be/LC_MESSAGES:
config/includes.chroot: total 20
config/includes.chroot: -rw-rw-r-- 1 siam siam 18354 জুলাই     22 18:06 just-perfection.mo
config/includes.chroot: 
config/includes.chroot: config/includes.chroot/usr/share/gnome-shell/extensions/just-perfection-desktop@just-perfection/locale/bg:
config/includes.chroot: total 4
config/includes.chroot: drwxrwxr-x 2 siam siam 4096 জুলাই     22 18:06 LC_MESSAGES
config/includes.chroot: 
config/includes.chroot: config/includes.chroot/usr/share/gnome-shell/extensions/just-perfection-desktop@just-perfection/locale/bg/LC_MESSAGES:
config/includes.chroot: total 20
config/includes.chroot: -rw-rw-r-- 1 siam siam 19329 জুলাই     22 18:06 just-perfection.mo
config/includes.chroot: 
config/includes.chroot: config/includes.chroot/usr/share/gnome-shell/extensions/just-perfection-desktop@just-perfection/locale/ca:
config/includes.chroot: total 4
config/includes.chroot: drwxrwxr-x 2 siam siam 4096 জুলাই     22 18:06 LC_MESSAGES
config/includes.chroot: 
config/includes.chroot: config/includes.chroot/usr/share/gnome-shell/extensions/just-perfection-desktop@just-perfection/locale/ca/LC_MESSAGES:
config/includes.chroot: total 16
config/includes.chroot: -rw-rw-r-- 1 siam siam 14540 জুলাই     22 18:06 just-perfection.mo
config/includes.chroot: 
config/includes.chroot: config/includes.chroot/usr/share/gnome-shell/extensions/just-perfection-desktop@just-perfection/locale/de:
config/includes.chroot: total 4
config/includes.chroot: drwxrwxr-x 2 siam siam 4096 জুলাই     22 18:06 LC_MESSAGES
config/includes.chroot: 
config/includes.chroot: config/includes.chroot/usr/share/gnome-shell/extensions/just-perfection-desktop@just-perfection/locale/de/LC_MESSAGES:
config/includes.chroot: total 16
config/includes.chroot: -rw-rw-r-- 1 siam siam 14085 জুলাই     22 18:06 just-perfection.mo
config/includes.chroot: 
config/includes.chroot: config/includes.chroot/usr/share/gnome-shell/extensions/just-perfection-desktop@just-perfection/locale/es:
config/includes.chroot: total 4
config/includes.chroot: drwxrwxr-x 2 siam siam 4096 জুলাই     22 18:06 LC_MESSAGES
config/includes.chroot: 
config/includes.chroot: config/includes.chroot/usr/share/gnome-shell/extensions/just-perfection-desktop@just-perfection/locale/es/LC_MESSAGES:
config/includes.chroot: total 16
config/includes.chroot: -rw-rw-r-- 1 siam siam 14933 জুলাই     22 18:06 just-perfection.mo
config/includes.chroot: 
config/includes.chroot: config/includes.chroot/usr/share/gnome-shell/extensions/just-perfection-desktop@just-perfection/locale/fr:
config/includes.chroot: total 4
config/includes.chroot: drwxrwxr-x 2 siam siam 4096 জুলাই     22 18:06 LC_MESSAGES
config/includes.chroot: 
config/includes.chroot: config/includes.chroot/usr/share/gnome-shell/extensions/just-perfection-desktop@just-perfection/locale/fr/LC_MESSAGES:
config/includes.chroot: total 16
config/includes.chroot: -rw-rw-r-- 1 siam siam 15003 জুলাই     22 18:06 just-perfection.mo
config/includes.chroot: 
config/includes.chroot: config/includes.chroot/usr/share/gnome-shell/extensions/just-perfection-desktop@just-perfection/locale/gl:
config/includes.chroot: total 4
config/includes.chroot: drwxrwxr-x 2 siam siam 4096 জুলাই     22 18:06 LC_MESSAGES
config/includes.chroot: 
config/includes.chroot: config/includes.chroot/usr/share/gnome-shell/extensions/just-perfection-desktop@just-perfection/locale/gl/LC_MESSAGES:
config/includes.chroot: total 16
config/includes.chroot: -rw-rw-r-- 1 siam siam 14699 জুলাই     22 18:06 just-perfection.mo
config/includes.chroot: 
config/includes.chroot: config/includes.chroot/usr/share/gnome-shell/extensions/just-perfection-desktop@just-perfection/locale/it:
config/includes.chroot: total 4
config/includes.chroot: drwxrwxr-x 2 siam siam 4096 জুলাই     22 18:06 LC_MESSAGES
config/includes.chroot: 
config/includes.chroot: config/includes.chroot/usr/share/gnome-shell/extensions/just-perfection-desktop@just-perfection/locale/it/LC_MESSAGES:
config/includes.chroot: total 16
config/includes.chroot: -rw-rw-r-- 1 siam siam 14531 জুলাই     22 18:06 just-perfection.mo
config/includes.chroot: 
config/includes.chroot: config/includes.chroot/usr/share/gnome-shell/extensions/just-perfection-desktop@just-perfection/locale/ja:
config/includes.chroot: total 4
config/includes.chroot: drwxrwxr-x 2 siam siam 4096 জুলাই     22 18:06 LC_MESSAGES
config/includes.chroot: 
config/includes.chroot: config/includes.chroot/usr/share/gnome-shell/extensions/just-perfection-desktop@just-perfection/locale/ja/LC_MESSAGES:
config/includes.chroot: total 16
config/includes.chroot: -rw-rw-r-- 1 siam siam 15854 জুলাই     22 18:06 just-perfection.mo
config/includes.chroot: 
config/includes.chroot: config/includes.chroot/usr/share/gnome-shell/extensions/just-perfection-desktop@just-perfection/locale/ne:
config/includes.chroot: total 4
config/includes.chroot: drwxrwxr-x 2 siam siam 4096 জুলাই     22 18:06 LC_MESSAGES
config/includes.chroot: 
config/includes.chroot: config/includes.chroot/usr/share/gnome-shell/extensions/just-perfection-desktop@just-perfection/locale/ne/LC_MESSAGES:
config/includes.chroot: total 20
config/includes.chroot: -rw-rw-r-- 1 siam siam 20470 জুলাই     22 18:06 just-perfection.mo
config/includes.chroot: 
config/includes.chroot: config/includes.chroot/usr/share/gnome-shell/extensions/just-perfection-desktop@just-perfection/locale/nl:
config/includes.chroot: total 4
config/includes.chroot: drwxrwxr-x 2 siam siam 4096 জুলাই     22 18:06 LC_MESSAGES
config/includes.chroot: 
config/includes.chroot: config/includes.chroot/usr/share/gnome-shell/extensions/just-perfection-desktop@just-perfection/locale/nl/LC_MESSAGES:
config/includes.chroot: total 16
config/includes.chroot: -rw-rw-r-- 1 siam siam 13388 জুলাই     22 18:06 just-perfection.mo
config/includes.chroot: 
config/includes.chroot: config/includes.chroot/usr/share/gnome-shell/extensions/just-perfection-desktop@just-perfection/locale/pt_BR:
config/includes.chroot: total 4
config/includes.chroot: drwxrwxr-x 2 siam siam 4096 জুলাই     22 18:06 LC_MESSAGES
config/includes.chroot: 
config/includes.chroot: config/includes.chroot/usr/share/gnome-shell/extensions/just-perfection-desktop@just-perfection/locale/pt_BR/LC_MESSAGES:
config/includes.chroot: total 16
config/includes.chroot: -rw-rw-r-- 1 siam siam 14476 জুলাই     22 18:06 just-perfection.mo
config/includes.chroot: 
config/includes.chroot: config/includes.chroot/usr/share/gnome-shell/extensions/just-perfection-desktop@just-perfection/locale/ru:
config/includes.chroot: total 4
config/includes.chroot: drwxrwxr-x 2 siam siam 4096 জুলাই     22 18:06 LC_MESSAGES
config/includes.chroot: 
config/includes.chroot: config/includes.chroot/usr/share/gnome-shell/extensions/just-perfection-desktop@just-perfection/locale/ru/LC_MESSAGES:
config/includes.chroot: total 20
config/includes.chroot: -rw-rw-r-- 1 siam siam 18087 জুলাই     22 18:06 just-perfection.mo
config/includes.chroot: 
config/includes.chroot: config/includes.chroot/usr/share/gnome-shell/extensions/just-perfection-desktop@just-perfection/locale/sv:
config/includes.chroot: total 4
config/includes.chroot: drwxrwxr-x 2 siam siam 4096 জুলাই     22 18:06 LC_MESSAGES
config/includes.chroot: 
config/includes.chroot: config/includes.chroot/usr/share/gnome-shell/extensions/just-perfection-desktop@just-perfection/locale/sv/LC_MESSAGES:
config/includes.chroot: total 16
config/includes.chroot: -rw-rw-r-- 1 siam siam 13245 জুলাই     22 18:06 just-perfection.mo
config/includes.chroot: 
config/includes.chroot: config/includes.chroot/usr/share/gnome-shell/extensions/just-perfection-desktop@just-perfection/locale/uk:
config/includes.chroot: total 4
config/includes.chroot: drwxrwxr-x 2 siam siam 4096 জুলাই     22 18:06 LC_MESSAGES
config/includes.chroot: 
config/includes.chroot: config/includes.chroot/usr/share/gnome-shell/extensions/just-perfection-desktop@just-perfection/locale/uk/LC_MESSAGES:
config/includes.chroot: total 20
config/includes.chroot: -rw-rw-r-- 1 siam siam 18212 জুলাই     22 18:06 just-perfection.mo
config/includes.chroot: 
config/includes.chroot: config/includes.chroot/usr/share/gnome-shell/extensions/just-perfection-desktop@just-perfection/locale/zh_CN:
config/includes.chroot: total 4
config/includes.chroot: drwxrwxr-x 2 siam siam 4096 জুলাই     22 18:06 LC_MESSAGES
config/includes.chroot: 
config/includes.chroot: config/includes.chroot/usr/share/gnome-shell/extensions/just-perfection-desktop@just-perfection/locale/zh_CN/LC_MESSAGES:
config/includes.chroot: total 16
config/includes.chroot: -rw-rw-r-- 1 siam siam 12649 জুলাই     22 18:06 just-perfection.mo
config/includes.chroot: 
config/includes.chroot: config/includes.chroot/usr/share/gnome-shell/extensions/just-perfection-desktop@just-perfection/locale/zh_TW:
config/includes.chroot: total 4
config/includes.chroot: drwxrwxr-x 2 siam siam 4096 জুলাই     22 18:06 LC_MESSAGES
config/includes.chroot: 
config/includes.chroot: config/includes.chroot/usr/share/gnome-shell/extensions/just-perfection-desktop@just-perfection/locale/zh_TW/LC_MESSAGES:
config/includes.chroot: total 16
config/includes.chroot: -rw-rw-r-- 1 siam siam 12628 জুলাই     22 18:06 just-perfection.mo
config/includes.chroot: 
config/includes.chroot: config/includes.chroot/usr/share/gnome-shell/extensions/just-perfection-desktop@just-perfection/schemas:
config/includes.chroot: total 24
config/includes.chroot: -rw-rw-r-- 1 siam siam  5109 জুলাই     22 18:06 gschemas.compiled
config/includes.chroot: -rwxrwxr-x 1 siam siam 16194 জুলাই     22 18:06 org.gnome.shell.extensions.just-perfection.gschema.xml
config/includes.chroot: 
config/includes.chroot: config/includes.chroot/usr/share/gnome-shell/extensions/window-switcher@tbepdb:
config/includes.chroot: total 24
config/includes.chroot: -rw-rw-r-- 1 siam siam 6566 জুলাই     22 18:06 extension.js
config/includes.chroot: -rw-rw-r-- 1 siam siam  562 জুলাই     22 18:06 metadata.json
config/includes.chroot: -rw-rw-r-- 1 siam siam 8155 জুলাই     22 18:06 prefs.js
config/includes.chroot: drwxrwxr-x 2 siam siam 4096 জুলাই     22 18:06 schemas
config/includes.chroot: 
config/includes.chroot: config/includes.chroot/usr/share/gnome-shell/extensions/window-switcher@tbepdb/schemas:
config/includes.chroot: total 8
config/includes.chroot: -rw-rw-r-- 1 siam siam 420 জুলাই     22 18:06 gschemas.compiled
config/includes.chroot: -rw-rw-r-- 1 siam siam 658 জুলাই     22 18:06 org.gnome.shell.extensions.window-switcher.gschema.xml
config/includes.chroot: 
config/includes.chroot: config/includes.chroot/usr/share/plymouth:
config/includes.chroot: total 4
config/includes.chroot: drwxrwxr-x 3 siam siam 4096 জুলাই     16 22:27 themes
config/includes.chroot: 
config/includes.chroot: config/includes.chroot/usr/share/plymouth/themes:
config/includes.chroot: total 4
config/includes.chroot: drwxrwxr-x 2 siam siam 4096 জুলাই     22 18:06 spinner
config/includes.chroot: 
config/includes.chroot: config/includes.chroot/usr/share/plymouth/themes/spinner:
config/includes.chroot: total 136
config/includes.chroot: -rw-rw-r-- 1 siam siam 137137 জুলাই     22 18:06 watermark.png
config/archives: config/archives:
config/archives: total 4
config/archives: -rw-rw-r-- 1 siam siam 341 জুলাই     22 18:06 aureon.list.chroot
config/package-lists: config/package-lists:
config/package-lists: total 8
config/package-lists: -rw-rw-r-- 1 siam siam 2804 জুলাই     24 22:57 aureon.list.chroot
config/package-lists: -rw-rw-r-- 1 siam siam   55 জুলাই     22 18:06 live.list.chroot

==================================================
Diagnostics Complete
Log saved as: aureon_diagnostics_20260724_235041.log
==================================================
[?2004hroot@siam-vmwarevirtualplatform:/home/siam/AureonOS# [7msudo lb clean --purge[27m
[7mrm -rf chroot binary cache .build[27m[A[C[C[C[C[C[C[C[C[C[C[C[C[C[C[C[C[C[C[C[Csudo lb clean --purge
rm -rf chroot binary cache .build
[?2004l[2026-07-24 23:56:11] lb clean --purge
P: Cleaning chroot
[?2004hroot@siam-vmwarevirtualplatform:/home/siam/AureonOS# [7mlb config[27mlb config
[?2004l[2026-07-24 23:56:28] lb config 
P: Updating config tree for a debian/trixie/amd64 system
P: Symlinking hooks...
[?2004hroot@siam-vmwarevirtualplatform:/home/siam/AureonOS# [7msudo lb build[27msudo lb build
[?2004l[2026-07-24 23:56:38] lb build 
P: live-build 20250505+deb13u1
P: Building for a debian/trixie/amd64 system
[2026-07-24 23:56:38] lb bootstrap 
P: Setting up clean exit handler
[2026-07-24 23:56:38] lb bootstrap_cache restore
[2026-07-24 23:56:38] lb bootstrap_debootstrap 
P: Begin bootstrapping system...
P: If the following stage fails, the most likely cause of the problem is with your mirror configuration or a caching proxy.
P: Running debootstrap (download-only)...
I: Retrieving InRelease 
I: Checking Release signature
I: Valid Release signature (key id 41587F7DB8C774BCCF131416762F67A0B2C39DE4)
I: Retrieving Packages 
I: Validating Packages 
I: Resolving dependencies of required packages...
I: Resolving dependencies of base packages...
I: Checking component main on http://deb.debian.org/debian...
I: Retrieving adduser 3.152
W: Couldn't download package adduser (ver 3.152 arch all) at http://deb.debian.org/debian/pool/main/a/adduser/adduser_3.152_all.deb
I: Retrieving apt 3.0.3
I: Validating apt 3.0.3
I: Retrieving apt-utils 3.0.3
I: Validating apt-utils 3.0.3
I: Retrieving base-files 13.8+deb13u6
I: Validating base-files 13.8+deb13u6
I: Retrieving base-passwd 3.6.7
I: Validating base-passwd 3.6.7
I: Retrieving bash 5.2.37-2+b9
I: Validating bash 5.2.37-2+b9
I: Retrieving bsdutils 1:2.41-5
I: Validating bsdutils 1:2.41-5
I: Retrieving coreutils 9.7-3
I: Validating coreutils 9.7-3
I: Retrieving cpio 2.15+dfsg-2
I: Validating cpio 2.15+dfsg-2
I: Retrieving cron 3.0pl1-197
I: Validating cron 3.0pl1-197
I: Retrieving cron-daemon-common 3.0pl1-197
I: Validating cron-daemon-common 3.0pl1-197
I: Retrieving dash 0.5.12-12
W: Couldn't download package dash (ver 0.5.12-12 arch amd64) at http://deb.debian.org/debian/pool/main/d/dash/dash_0.5.12-12_amd64.deb
I: Retrieving debconf 1.5.91
I: Validating debconf 1.5.91
I: Retrieving debconf-i18n 1.5.91
I: Validating debconf-i18n 1.5.91
I: Retrieving debian-archive-keyring 2025.1
I: Validating debian-archive-keyring 2025.1
I: Retrieving debianutils 5.23.2
I: Validating debianutils 5.23.2
I: Retrieving dhcpcd-base 1:10.1.0-11+deb13u3
I: Validating dhcpcd-base 1:10.1.0-11+deb13u3
I: Retrieving diffutils 1:3.10-4
I: Validating diffutils 1:3.10-4
I: Retrieving dmidecode 3.6-2
I: Validating dmidecode 3.6-2
I: Retrieving dpkg 1.22.22
I: Validating dpkg 1.22.22
I: Retrieving e2fsprogs 1.47.2-3+b11
I: Validating e2fsprogs 1.47.2-3+b11
I: Retrieving fdisk 2.41-5
I: Validating fdisk 2.41-5
I: Retrieving findutils 4.10.0-3
I: Validating findutils 4.10.0-3
I: Retrieving gcc-14-base 14.2.0-19
I: Validating gcc-14-base 14.2.0-19
I: Retrieving grep 3.11-4
I: Validating grep 3.11-4
I: Retrieving gzip 1.13-1
I: Validating gzip 1.13-1
I: Retrieving hostname 3.25
I: Validating hostname 3.25
I: Retrieving ifupdown 0.8.44+deb13u1
I: Validating ifupdown 0.8.44+deb13u1
I: Retrieving init 1.69~deb13u1
I: Validating init 1.69~deb13u1
I: Retrieving init-system-helpers 1.69~deb13u1
I: Validating init-system-helpers 1.69~deb13u1
I: Retrieving iproute2 6.15.0-1
I: Validating iproute2 6.15.0-1
I: Retrieving iputils-ping 3:20240905-3
I: Validating iputils-ping 3:20240905-3
I: Retrieving kmod 34.2-2
I: Validating kmod 34.2-2
I: Retrieving less 668-1
I: Validating less 668-1
I: Retrieving libacl1 2.3.2-2+b1
I: Validating libacl1 2.3.2-2+b1
I: Retrieving libapparmor1 4.1.0-1
I: Validating libapparmor1 4.1.0-1
I: Retrieving libapt-pkg7.0 3.0.3
I: Validating libapt-pkg7.0 3.0.3
I: Retrieving libattr1 1:2.5.2-3
I: Validating libattr1 1:2.5.2-3
I: Retrieving libaudit-common 1:4.0.2-2
I: Validating libaudit-common 1:4.0.2-2
I: Retrieving libaudit1 1:4.0.2-2+b2
W: Couldn't download package libaudit1 (ver 1:4.0.2-2+b2 arch amd64) at http://deb.debian.org/debian/pool/main/a/audit/libaudit1_4.0.2-2+b2_amd64.deb
I: Retrieving libblkid1 2.41-5
I: Validating libblkid1 2.41-5
I: Retrieving libbpf1 1:1.5.0-3
W: Couldn't download package libbpf1 (ver 1:1.5.0-3 arch amd64) at http://deb.debian.org/debian/pool/main/libb/libbpf/libbpf1_1.5.0-3_amd64.deb
I: Retrieving libbsd0 0.12.2-2
I: Validating libbsd0 0.12.2-2
I: Retrieving libbz2-1.0 1.0.8-6
W: Couldn't download package libbz2-1.0 (ver 1.0.8-6 arch amd64) at http://deb.debian.org/debian/pool/main/b/bzip2/libbz2-1.0_1.0.8-6_amd64.deb
I: Retrieving libc-bin 2.41-12+deb13u3
W: Couldn't download package libc-bin (ver 2.41-12+deb13u3 arch amd64) at http://deb.debian.org/debian/pool/main/g/glibc/libc-bin_2.41-12+deb13u3_amd64.deb
I: Retrieving libc6 2.41-12+deb13u3
I: Validating libc6 2.41-12+deb13u3
I: Retrieving libcap-ng0 0.8.5-4+b1
I: Validating libcap-ng0 0.8.5-4+b1
I: Retrieving libcap2 1:2.75-10+deb13u1+b1
I: Validating libcap2 1:2.75-10+deb13u1+b1
I: Retrieving libcap2-bin 1:2.75-10+deb13u1+b1
I: Validating libcap2-bin 1:2.75-10+deb13u1+b1
I: Retrieving libcom-err2 1.47.2-3+b11
I: Validating libcom-err2 1.47.2-3+b11
I: Retrieving libcrypt1 1:4.4.38-1
I: Validating libcrypt1 1:4.4.38-1
I: Retrieving libdb5.3t64 5.3.28+dfsg2-9
I: Validating libdb5.3t64 5.3.28+dfsg2-9
I: Retrieving libdebconfclient0 0.280
I: Validating libdebconfclient0 0.280
I: Retrieving libedit2 3.1-20250104-1
I: Validating libedit2 3.1-20250104-1
I: Retrieving libelf1t64 0.192-4
W: Couldn't download package libelf1t64 (ver 0.192-4 arch amd64) at http://deb.debian.org/debian/pool/main/e/elfutils/libelf1t64_0.192-4_amd64.deb
I: Retrieving libext2fs2t64 1.47.2-3+b11
I: Validating libext2fs2t64 1.47.2-3+b11
I: Retrieving libfdisk1 2.41-5
W: Couldn't download package libfdisk1 (ver 2.41-5 arch amd64) at http://deb.debian.org/debian/pool/main/u/util-linux/libfdisk1_2.41-5_amd64.deb
I: Retrieving libgcc-s1 14.2.0-19
I: Validating libgcc-s1 14.2.0-19
I: Retrieving libgmp10 2:6.3.0+dfsg-3
I: Validating libgmp10 2:6.3.0+dfsg-3
I: Retrieving libgssapi-krb5-2 1.21.3-5+deb13u1
I: Validating libgssapi-krb5-2 1.21.3-5+deb13u1
I: Retrieving libhogweed6t64 3.10.1-1
W: Couldn't download package libhogweed6t64 (ver 3.10.1-1 arch amd64) at http://deb.debian.org/debian/pool/main/n/nettle/libhogweed6t64_3.10.1-1_amd64.deb
I: Retrieving libidn2-0 2.3.8-2
I: Validating libidn2-0 2.3.8-2
I: Retrieving libjansson4 2.14-2+b3
I: Validating libjansson4 2.14-2+b3
I: Retrieving libk5crypto3 1.21.3-5+deb13u1
W: Couldn't download package libk5crypto3 (ver 1.21.3-5+deb13u1 arch amd64) at http://deb.debian.org/debian/pool/main/k/krb5/libk5crypto3_1.21.3-5+deb13u1_amd64.deb
I: Retrieving libkeyutils1 1.6.3-6
W: Couldn't download package libkeyutils1 (ver 1.6.3-6 arch amd64) at http://deb.debian.org/debian/pool/main/k/keyutils/libkeyutils1_1.6.3-6_amd64.deb
I: Retrieving libkmod2 34.2-2
W: Couldn't download package libkmod2 (ver 34.2-2 arch amd64) at http://deb.debian.org/debian/pool/main/k/kmod/libkmod2_34.2-2_amd64.deb
I: Retrieving libkrb5-3 1.21.3-5+deb13u1
I: Validating libkrb5-3 1.21.3-5+deb13u1
I: Retrieving libkrb5support0 1.21.3-5+deb13u1
I: Validating libkrb5support0 1.21.3-5+deb13u1
I: Retrieving liblastlog2-2 2.41-5
I: Validating liblastlog2-2 2.41-5
I: Retrieving liblocale-gettext-perl 1.07-7+b1
I: Validating liblocale-gettext-perl 1.07-7+b1
I: Retrieving liblz4-1 1.10.0-4
I: Validating liblz4-1 1.10.0-4
I: Retrieving liblzma5 5.8.1-1+deb13u1
W: Couldn't download package liblzma5 (ver 5.8.1-1+deb13u1 arch amd64) at http://deb.debian.org/debian/pool/main/x/xz-utils/liblzma5_5.8.1-1+deb13u1_amd64.deb
I: Retrieving libmd0 1.1.0-2+b1
I: Validating libmd0 1.1.0-2+b1
I: Retrieving libmnl0 1.0.5-3
W: Couldn't download package libmnl0 (ver 1.0.5-3 arch amd64) at http://deb.debian.org/debian/pool/main/libm/libmnl/libmnl0_1.0.5-3_amd64.deb
I: Retrieving libmount1 2.41-5
W: Couldn't download package libmount1 (ver 2.41-5 arch amd64) at http://deb.debian.org/debian/pool/main/u/util-linux/libmount1_2.41-5_amd64.deb
I: Retrieving libncursesw6 6.5+20250216-2
W: Couldn't download package libncursesw6 (ver 6.5+20250216-2 arch amd64) at http://deb.debian.org/debian/pool/main/n/ncurses/libncursesw6_6.5+20250216-2_amd64.deb
I: Retrieving libnettle8t64 3.10.1-1
I: Validating libnettle8t64 3.10.1-1
I: Retrieving libnewt0.52 0.52.25-1
I: Validating libnewt0.52 0.52.25-1
I: Retrieving libnftables1 1.1.3-1
I: Validating libnftables1 1.1.3-1
I: Retrieving libnftnl11 1.2.9-1
I: Validating libnftnl11 1.2.9-1
I: Retrieving libpam-modules 1.7.0-5
I: Validating libpam-modules 1.7.0-5
I: Retrieving libpam-modules-bin 1.7.0-5
I: Validating libpam-modules-bin 1.7.0-5
I: Retrieving libpam-runtime 1.7.0-5
W: Couldn't download package libpam-runtime (ver 1.7.0-5 arch all) at http://deb.debian.org/debian/pool/main/p/pam/libpam-runtime_1.7.0-5_all.deb
I: Retrieving libpam0g 1.7.0-5
W: Couldn't download package libpam0g (ver 1.7.0-5 arch amd64) at http://deb.debian.org/debian/pool/main/p/pam/libpam0g_1.7.0-5_amd64.deb
I: Retrieving libpcre2-8-0 10.46-1~deb13u1
W: Couldn't download package libpcre2-8-0 (ver 10.46-1~deb13u1 arch amd64) at http://deb.debian.org/debian/pool/main/p/pcre2/libpcre2-8-0_10.46-1~deb13u1_amd64.deb
I: Retrieving libpopt0 1.19+dfsg-2
I: Validating libpopt0 1.19+dfsg-2
I: Retrieving libproc2-0 2:4.0.4-9
I: Validating libproc2-0 2:4.0.4-9
I: Retrieving libreadline8t64 8.2-6
I: Validating libreadline8t64 8.2-6
I: Retrieving libseccomp2 2.6.0-2
I: Validating libseccomp2 2.6.0-2
I: Retrieving libselinux1 3.8.1-1
I: Validating libselinux1 3.8.1-1
I: Retrieving libsemanage-common 3.8.1-1
I: Validating libsemanage-common 3.8.1-1
I: Retrieving libsemanage2 3.8.1-1
I: Validating libsemanage2 3.8.1-1
I: Retrieving libsepol2 3.8.1-1
I: Validating libsepol2 3.8.1-1
I: Retrieving libslang2 2.3.3-5+b2
I: Validating libslang2 2.3.3-5+b2
I: Retrieving libsmartcols1 2.41-5
I: Validating libsmartcols1 2.41-5
I: Retrieving libsqlite3-0 3.46.1-7+deb13u1
I: Validating libsqlite3-0 3.46.1-7+deb13u1
I: Retrieving libss2 1.47.2-3+b11
I: Validating libss2 1.47.2-3+b11
I: Retrieving libssl3t64 3.5.6-1~deb13u2
I: Validating libssl3t64 3.5.6-1~deb13u2
I: Retrieving libstdc++6 14.2.0-19
W: Couldn't download package libstdc++6 (ver 14.2.0-19 arch amd64) at http://deb.debian.org/debian/pool/main/g/gcc-14/libstdc++6_14.2.0-19_amd64.deb
I: Retrieving libsystemd-shared 257.13-1~deb13u1
W: Couldn't download package libsystemd-shared (ver 257.13-1~deb13u1 arch amd64) at http://deb.debian.org/debian/pool/main/s/systemd/libsystemd-shared_257.13-1~deb13u1_amd64.deb
I: Retrieving libsystemd0 257.13-1~deb13u1
W: Couldn't download package libsystemd0 (ver 257.13-1~deb13u1 arch amd64) at http://deb.debian.org/debian/pool/main/s/systemd/libsystemd0_257.13-1~deb13u1_amd64.deb
I: Retrieving libtext-charwidth-perl 0.04-11+b4
I: Validating libtext-charwidth-perl 0.04-11+b4
I: Retrieving libtext-iconv-perl 1.7-8+b4
W: Couldn't download package libtext-iconv-perl (ver 1.7-8+b4 arch amd64) at http://deb.debian.org/debian/pool/main/libt/libtext-iconv-perl/libtext-iconv-perl_1.7-8+b4_amd64.deb
I: Retrieving libtext-wrapi18n-perl 0.06-10
I: Validating libtext-wrapi18n-perl 0.06-10
I: Retrieving libtinfo6 6.5+20250216-2
W: Couldn't download package libtinfo6 (ver 6.5+20250216-2 arch amd64) at http://deb.debian.org/debian/pool/main/n/ncurses/libtinfo6_6.5+20250216-2_amd64.deb
I: Retrieving libtirpc-common 1.3.6+ds-1
W: Couldn't download package libtirpc-common (ver 1.3.6+ds-1 arch all) at http://deb.debian.org/debian/pool/main/libt/libtirpc/libtirpc-common_1.3.6+ds-1_all.deb
I: Retrieving libtirpc3t64 1.3.6+ds-1
I: Validating libtirpc3t64 1.3.6+ds-1
I: Retrieving libudev1 257.13-1~deb13u1
W: Couldn't download package libudev1 (ver 257.13-1~deb13u1 arch amd64) at http://deb.debian.org/debian/pool/main/s/systemd/libudev1_257.13-1~deb13u1_amd64.deb
I: Retrieving libunistring5 1.3-2
W: Couldn't download package libunistring5 (ver 1.3-2 arch amd64) at http://deb.debian.org/debian/pool/main/libu/libunistring/libunistring5_1.3-2_amd64.deb
I: Retrieving libuuid1 2.41-5
I: Validating libuuid1 2.41-5
I: Retrieving libxtables12 1.8.11-2
W: Couldn't download package libxtables12 (ver 1.8.11-2 arch amd64) at http://deb.debian.org/debian/pool/main/i/iptables/libxtables12_1.8.11-2_amd64.deb
I: Retrieving libxxhash0 0.8.3-2
W: Couldn't download package libxxhash0 (ver 0.8.3-2 arch amd64) at http://deb.debian.org/debian/pool/main/x/xxhash/libxxhash0_0.8.3-2_amd64.deb
I: Retrieving libzstd1 1.5.7+dfsg-1
W: Couldn't download package libzstd1 (ver 1.5.7+dfsg-1 arch amd64) at http://deb.debian.org/debian/pool/main/libz/libzstd/libzstd1_1.5.7+dfsg-1_amd64.deb
I: Retrieving linux-sysctl-defaults 4.12.1
I: Validating linux-sysctl-defaults 4.12.1
I: Retrieving login 1:4.16.0-2+really2.41-5
I: Validating login 1:4.16.0-2+really2.41-5
I: Retrieving login.defs 1:4.17.4-2
I: Validating login.defs 1:4.17.4-2
I: Retrieving logrotate 3.22.0-1
I: Validating logrotate 3.22.0-1
I: Retrieving logsave 1.47.2-3+b11
W: Couldn't download package logsave (ver 1.47.2-3+b11 arch amd64) at http://deb.debian.org/debian/pool/main/e/e2fsprogs/logsave_1.47.2-3+b11_amd64.deb
I: Retrieving mawk 1.3.4.20250131-1
W: Couldn't download package mawk (ver 1.3.4.20250131-1 arch amd64) at http://deb.debian.org/debian/pool/main/m/mawk/mawk_1.3.4.20250131-1_amd64.deb
I: Retrieving mount 2.41-5
W: Couldn't download package mount (ver 2.41-5 arch amd64) at http://deb.debian.org/debian/pool/main/u/util-linux/mount_2.41-5_amd64.deb
I: Retrieving nano 8.4-1+deb13u1
W: Couldn't download package nano (ver 8.4-1+deb13u1 arch amd64) at http://deb.debian.org/debian/pool/main/n/nano/nano_8.4-1+deb13u1_amd64.deb
I: Retrieving ncurses-base 6.5+20250216-2
W: Couldn't download package ncurses-base (ver 6.5+20250216-2 arch all) at http://deb.debian.org/debian/pool/main/n/ncurses/ncurses-base_6.5+20250216-2_all.deb
I: Retrieving ncurses-bin 6.5+20250216-2
W: Couldn't download package ncurses-bin (ver 6.5+20250216-2 arch amd64) at http://deb.debian.org/debian/pool/main/n/ncurses/ncurses-bin_6.5+20250216-2_amd64.deb
I: Retrieving netbase 6.5
I: Validating netbase 6.5
I: Retrieving nftables 1.1.3-1
W: Couldn't download package nftables (ver 1.1.3-1 arch amd64) at http://deb.debian.org/debian/pool/main/n/nftables/nftables_1.1.3-1_amd64.deb
I: Retrieving openssl-provider-legacy 3.5.6-1~deb13u2
W: Couldn't download package openssl-provider-legacy (ver 3.5.6-1~deb13u2 arch amd64) at http://deb.debian.org/debian/pool/main/o/openssl/openssl-provider-legacy_3.5.6-1~deb13u2_amd64.deb
I: Retrieving passwd 1:4.17.4-2
W: Couldn't download package passwd (ver 1:4.17.4-2 arch amd64) at http://deb.debian.org/debian/pool/main/s/shadow/passwd_4.17.4-2_amd64.deb
I: Retrieving perl-base 5.40.1-6
I: Validating perl-base 5.40.1-6
I: Retrieving procps 2:4.0.4-9
I: Validating procps 2:4.0.4-9
I: Retrieving readline-common 8.2-6
I: Validating readline-common 8.2-6
I: Retrieving sed 4.9-2+deb13u1
I: Validating sed 4.9-2+deb13u1
I: Retrieving sensible-utils 0.0.25
I: Validating sensible-utils 0.0.25
I: Retrieving sqv 1.3.0-3+b2
I: Validating sqv 1.3.0-3+b2
I: Retrieving systemd 257.13-1~deb13u1
I: Validating systemd 257.13-1~deb13u1
I: Retrieving systemd-sysv 257.13-1~deb13u1
I: Validating systemd-sysv 257.13-1~deb13u1
I: Retrieving sysvinit-utils 3.14-4
I: Validating sysvinit-utils 3.14-4
I: Retrieving tar 1.35+dfsg-3.1
I: Validating tar 1.35+dfsg-3.1
I: Retrieving tzdata 2026b-0+deb13u1
I: Validating tzdata 2026b-0+deb13u1
I: Retrieving udev 257.13-1~deb13u1
I: Validating udev 257.13-1~deb13u1
I: Retrieving util-linux 2.41-5
I: Validating util-linux 2.41-5
I: Retrieving vim-common 2:9.1.1230-2
I: Validating vim-common 2:9.1.1230-2
I: Retrieving vim-tiny 2:9.1.1230-2
I: Validating vim-tiny 2:9.1.1230-2
I: Retrieving whiptail 0.52.25-1
I: Validating whiptail 0.52.25-1
I: Retrieving zlib1g 1:1.3.dfsg+really1.3.1-1+b1
I: Validating zlib1g 1:1.3.dfsg+really1.3.1-1+b1
E: Couldn't download packages: adduser dash libaudit1 libbpf1 libbz2-1.0 libc-bin libelf1t64 libfdisk1 libhogweed6t64 libk5crypto3 libkeyutils1 libkmod2 liblzma5 libmnl0 libmount1 libncursesw6 libpam-runtime libpam0g libpcre2-8-0 libstdc++6 libsystemd-shared libsystemd0 libtext-iconv-perl libtinfo6 libtirpc-common libudev1 libunistring5 libxtables12 libxxhash0 libzstd1 logsave mawk mount nano ncurses-base ncurses-bin nftables openssl-provider-legacy passwd
E: An unexpected failure occurred, exiting...
[?2004hroot@siam-vmwarevirtualplatform:/home/siam/AureonOS# 